{"name":"DIVINE","lighting":"none","layouts":{"labels":["Split Backspace","Split Left shift"],"width":18.950000000000003,"height":5.891061270663571,"optionKeys":{"0":{"0":[{"row":0,"col":15,"x":15.15,"y":0.10000000000000009,"r":0,"rx":-0.15,"ry":-0.7,"d":false,"h":1,"w":2,"color":"mod"}],"1":[{"row":0,"col":14,"x":15.15,"y":0.10000000000000009,"r":0,"rx":-0.15,"ry":-0.7,"d":false,"h":1,"w":1,"color":"mod"},{"row":0,"col":15,"x":16.150000000000002,"y":0.10000000000000009,"r":0,"rx":-0.15,"ry":-0.7,"d":false,"h":1,"w":1,"color":"mod"}]},"1":{"0":[{"row":3,"col":1,"x":0.9,"y":3.0999999999999996,"r":0,"rx":-0.15,"ry":-0.7,"d":false,"h":1,"w":2.25,"color":"mod"}],"1":[{"row":3,"col":1,"x":0.9000000000000007,"y":3.0999999999999996,"r":0,"rx":-0.15,"ry":-0.7,"d":false,"h":1,"w":1.25,"color":"mod"},{"row":3,"col":2,"x":2.150000000000001,"y":3.0999999999999996,"r":0,"rx":-0.15,"ry":-0.7,"d":false,"h":1,"w":1,"color":"alpha"}]}},"keys":[{"row":0,"col":0,"x":0.4,"y":0,"r":0,"rx":-0.15,"ry":-0.7,"d":false,"h":1,"w":1,"color":"accent"},{"row":0,"col":16,"x":17.400000000000002,"y":0,"r":0,"rx":-0.15,"ry":-0.7,"d":false,"h":1,"w":1,"color":"mod"},{"row":0,"col":3,"x":3.5500000000000003,"y":0.050000000000000044,"r":0,"rx":-0.15,"ry":-0.7,"d":false,"h":1,"w":1,"color":"alpha"},{"row":0,"col":12,"x":13.15,"y":0.050000000000000044,"r":0,"rx":-0.15,"ry":-0.7,"d":false,"h":1,"w":1,"color":"alpha"},{"row":0,"col":1,"x":1.55,"y":0.10000000000000009,"r":0,"rx":-0.15,"ry":-0.7,"d":false,"h":1,"w":1,"color":"alpha"},{"row":0,"col":2,"x":2.5500000000000003,"y":0.10000000000000009,"r":0,"rx":-0.15,"ry":-0.7,"d":false,"h":1,"w":1,"color":"alpha"},{"row":0,"col":13,"x":14.15,"y":0.10000000000000009,"r":0,"rx":-0.15,"ry":-0.7,"d":false,"h":1,"w":1,"color":"alpha"},{"row":1,"col":0,"x":0.19999999999999998,"y":1,"r":0,"rx":-0.15,"ry":-0.7,"d":false,"h":1,"w":1,"color":"mod"},{"row":1,"col":16,"x":17.6,"y":1,"r":0,"rx":-0.15,"ry":-0.7,"d":false,"h":1,"w":1,"color":"mod"},{"row":1,"col":12,"x":12.85,"y":1.0500000000000003,"r":0,"rx":-0.15,"ry":-0.7,"d":false,"h":1,"w":1,"color":"alpha"},{"row":1,"col":1,"x":1.35,"y":1.1,"r":0,"rx":-0.15,"ry":-0.7,"d":false,"h":1,"w":1.5,"color":"mod"},{"row":1,"col":2,"x":2.85,"y":1.1,"r":0,"rx":-0.15,"ry":-0.7,"d":false,"h":1,"w":1,"color":"alpha"},{"row":1,"col":13,"x":13.85,"y":1.1,"r":0,"rx":-0.15,"ry":-0.7,"d":false,"h":1,"w":1,"color":"alpha"},{"row":1,"col":14,"x":14.85,"y":1.1,"r":0,"rx":-0.15,"ry":-0.7,"d":false,"h":1,"w":1,"color":"alpha"},{"row":1,"col":15,"x":15.85,"y":1.1,"r":0,"rx":-0.15,"ry":-0.7,"d":false,"h":1,"w":1.5,"color":"mod"},{"row":2,"col":0,"x":0,"y":1.9999999999999998,"r":0,"rx":-0.15,"ry":-0.7,"d":false,"h":1,"w":1,"color":"mod"},{"row":2,"col":1,"x":1.1500000000000001,"y":2.0999999999999996,"r":0,"rx":-0.15,"ry":-0.7,"d":false,"h":1,"w":1.75,"color":"mod"},{"row":2,"col":2,"x":2.9,"y":2.0999999999999996,"r":0,"rx":-0.15,"ry":-0.7,"d":false,"h":1,"w":1,"color":"alpha"},{"row":2,"col":12,"x":13.249999999999998,"y":2.0999999999999996,"r":0,"rx":-0.15,"ry":-0.7,"d":false,"h":1,"w":1,"color":"alpha"},{"row":2,"col":13,"x":14.249999999999998,"y":2.0999999999999996,"r":0,"rx":-0.15,"ry":-0.7,"d":false,"h":1,"w":1,"color":"alpha"},{"row":2,"col":15,"x":15.249999999999998,"y":2.0999999999999996,"r":0,"rx":-0.15,"ry":-0.7,"d":false,"h":1,"w":2.25,"color":"accent"},{"row":3,"col":3,"x":3.15,"y":3.0999999999999996,"r":0,"rx":-0.15,"ry":-0.7,"d":false,"h":1,"w":1,"color":"alpha"},{"row":3,"col":12,"x":12.950000000000001,"y":3.0999999999999996,"r":0,"rx":-0.15,"ry":-0.7,"d":false,"h":1,"w":1,"color":"alpha"},{"row":3,"col":13,"x":13.950000000000001,"y":3.0999999999999996,"r":0,"rx":-0.15,"ry":-0.7,"d":false,"h":1,"w":1,"color":"alpha"},{"row":3,"col":14,"x":14.950000000000001,"y":3.0999999999999996,"r":0,"rx":-0.15,"ry":-0.7,"d":false,"h":1,"w":1.75,"color":"mod"},{"row":3,"col":15,"x":16.950000000000003,"y":3.3499999999999996,"r":0,"rx":-0.15,"ry":-0.7,"d":false,"h":1,"w":1,"color":"accent"},{"row":4,"col":1,"x":0.9,"y":4.1,"r":0,"rx":-0.15,"ry":-0.7,"d":false,"h":1,"w":1.5,"color":"mod"},{"row":4,"col":14,"x":15.950000000000001,"y":4.35,"r":0,"rx":-0.15,"ry":-0.7,"d":false,"h":1,"w":1,"color":"accent"},{"row":4,"col":15,"x":16.950000000000003,"y":4.35,"r":0,"rx":-0.15,"ry":-0.7,"d":false,"h":1,"w":1,"color":"accent"},{"row":4,"col":16,"x":17.950000000000003,"y":4.35,"r":0,"rx":-0.15,"ry":-0.7,"d":false,"h":1,"w":1,"color":"accent"},{"row":0,"col":4,"x":4.75,"y":-0.7,"r":10,"rx":-0.15,"ry":-0.7,"d":false,"h":1,"w":1,"color":"alpha"},{"row":0,"col":5,"x":5.75,"y":-0.7,"r":10,"rx":-0.15,"ry":-0.7,"d":false,"h":1,"w":1,"color":"alpha"},{"row":0,"col":6,"x":6.75,"y":-0.7,"r":10,"rx":-0.15,"ry":-0.7,"d":false,"h":1,"w":1,"color":"alpha"},{"row":0,"col":7,"x":7.75,"y":-0.7,"r":10,"rx":-0.15,"ry":-0.7,"d":false,"h":1,"w":1,"color":"alpha"},{"row":1,"col":3,"x":4.25,"y":0.30000000000000004,"r":10,"rx":-0.15,"ry":-0.7,"d":false,"h":1,"w":1,"color":"alpha"},{"row":1,"col":4,"x":5.25,"y":0.30000000000000004,"r":10,"rx":-0.15,"ry":-0.7,"d":false,"h":1,"w":1,"color":"alpha"},{"row":1,"col":5,"x":6.25,"y":0.30000000000000004,"r":10,"rx":-0.15,"ry":-0.7,"d":false,"h":1,"w":1,"color":"alpha"},{"row":1,"col":6,"x":7.25,"y":0.30000000000000004,"r":10,"rx":-0.15,"ry":-0.7,"d":false,"h":1,"w":1,"color":"alpha"},{"row":2,"col":3,"x":4.5,"y":1.3,"r":10,"rx":-0.15,"ry":-0.7,"d":false,"h":1,"w":1,"color":"alpha"},{"row":2,"col":4,"x":5.5,"y":1.3,"r":10,"rx":-0.15,"ry":-0.7,"d":false,"h":1,"w":1,"color":"alpha"},{"row":2,"col":5,"x":6.5,"y":1.3,"r":10,"rx":-0.15,"ry":-0.7,"d":false,"h":1,"w":1,"color":"alpha"},{"row":2,"col":6,"x":7.5,"y":1.3,"r":10,"rx":-0.15,"ry":-0.7,"d":false,"h":1,"w":1,"color":"alpha"},{"row":3,"col":4,"x":4.949999999999999,"y":2.3,"r":10,"rx":-0.15,"ry":-0.7,"d":false,"h":1,"w":1,"color":"alpha"},{"row":3,"col":5,"x":5.949999999999999,"y":2.3,"r":10,"rx":-0.15,"ry":-0.7,"d":false,"h":1,"w":1,"color":"alpha"},{"row":3,"col":6,"x":6.949999999999999,"y":2.3,"r":10,"rx":-0.15,"ry":-0.7,"d":false,"h":1,"w":1,"color":"alpha"},{"row":3,"col":7,"x":7.949999999999999,"y":2.3,"r":10,"rx":-0.15,"ry":-0.7,"d":false,"h":1,"w":1,"color":"alpha"},{"row":4,"col":6,"x":6.199999999999999,"y":3.3,"r":10,"rx":-0.15,"ry":-0.7,"d":false,"h":1,"w":2.25,"color":"alpha"},{"row":4,"col":7,"x":8.45,"y":3.3,"r":10,"rx":-0.15,"ry":-0.7,"d":false,"h":1,"w":1,"color":"mod"},{"row":4,"col":4,"x":4.699999999999999,"y":3.3499999999999996,"r":10,"rx":-0.15,"ry":-0.7,"d":false,"h":1,"w":1.5,"color":"mod"},{"row":0,"col":8,"x":8.65,"y":2.3,"r":-10,"rx":-0.15,"ry":-0.7,"d":false,"h":1,"w":1,"color":"alpha"},{"row":0,"col":9,"x":9.65,"y":2.3,"r":-10,"rx":-0.15,"ry":-0.7,"d":false,"h":1,"w":1,"color":"alpha"},{"row":0,"col":10,"x":10.65,"y":2.3,"r":-10,"rx":-0.15,"ry":-0.7,"d":false,"h":1,"w":1,"color":"alpha"},{"row":0,"col":11,"x":11.65,"y":2.3,"r":-10,"rx":-0.15,"ry":-0.7,"d":false,"h":1,"w":1,"color":"alpha"},{"row":1,"col":8,"x":8.15,"y":3.3,"r":-10,"rx":-0.15,"ry":-0.7,"d":false,"h":1,"w":1,"color":"alpha"},{"row":1,"col":9,"x":9.15,"y":3.3,"r":-10,"rx":-0.15,"ry":-0.7,"d":false,"h":1,"w":1,"color":"alpha"},{"row":1,"col":10,"x":10.15,"y":3.3,"r":-10,"rx":-0.15,"ry":-0.7,"d":false,"h":1,"w":1,"color":"alpha"},{"row":1,"col":11,"x":11.15,"y":3.3,"r":-10,"rx":-0.15,"ry":-0.7,"d":false,"h":1,"w":1,"color":"alpha"},{"row":2,"col":8,"x":8.4,"y":4.3,"r":-10,"rx":-0.15,"ry":-0.7,"d":false,"h":1,"w":1,"color":"alpha"},{"row":2,"col":9,"x":9.4,"y":4.3,"r":-10,"rx":-0.15,"ry":-0.7,"d":false,"h":1,"w":1,"color":"alpha"},{"row":2,"col":10,"x":10.4,"y":4.3,"r":-10,"rx":-0.15,"ry":-0.7,"d":false,"h":1,"w":1,"color":"alpha"},{"row":2,"col":11,"x":11.4,"y":4.3,"r":-10,"rx":-0.15,"ry":-0.7,"d":false,"h":1,"w":1,"color":"alpha"},{"row":3,"col":8,"x":7.949999999999999,"y":5.3,"r":-10,"rx":-0.15,"ry":-0.7,"d":false,"h":1,"w":1,"color":"alpha"},{"row":3,"col":9,"x":8.95,"y":5.3,"r":-10,"rx":-0.15,"ry":-0.7,"d":false,"h":1,"w":1,"color":"alpha"},{"row":3,"col":10,"x":9.95,"y":5.3,"r":-10,"rx":-0.15,"ry":-0.7,"d":false,"h":1,"w":1,"color":"alpha"},{"row":3,"col":11,"x":10.95,"y":5.3,"r":-10,"rx":-0.15,"ry":-0.7,"d":false,"h":1,"w":1,"color":"alpha"},{"row":4,"col":9,"x":7.949999999999999,"y":6.3,"r":-10,"rx":-0.15,"ry":-0.7,"d":false,"h":1,"w":2.75,"color":"alpha"},{"row":4,"col":11,"x":10.709999999999999,"y":6.35,"r":-10,"rx":-0.15,"ry":-0.7,"d":false,"h":1,"w":1.5,"color":"mod"}]},"matrix":{"rows":5,"cols":17},"vendorProductId":1163001858}