{"name":"LAZYDESIGERS Dimple","lighting":"qmk_backlight_rgblight","layouts":{"labels":[["Style","Staggered","Staggered iso","Ortho"],["Bottom Row","Split","Ortho3U","Ortho2X2U","7U","WKLSplit","WKL6.25U"]],"width":12.5,"height":4,"optionKeys":{"0":{"0":[{"row":0,"col":0,"x":0,"y":0,"r":0,"rx":-1,"ry":0,"d":false,"h":1,"w":1,"color":"accent"},{"row":0,"col":1,"x":1,"y":0,"r":0,"rx":-1,"ry":0,"d":false,"h":1,"w":1,"color":"alpha"},{"row":0,"col":2,"x":2,"y":0,"r":0,"rx":-1,"ry":0,"d":false,"h":1,"w":1,"color":"alpha"},{"row":0,"col":3,"x":3,"y":0,"r":0,"rx":-1,"ry":0,"d":false,"h":1,"w":1,"color":"alpha"},{"row":0,"col":4,"x":4,"y":0,"r":0,"rx":-1,"ry":0,"d":false,"h":1,"w":1,"color":"alpha"},{"row":0,"col":5,"x":5,"y":0,"r":0,"rx":-1,"ry":0,"d":false,"h":1,"w":1,"color":"alpha"},{"row":0,"col":6,"x":6,"y":0,"r":0,"rx":-1,"ry":0,"d":false,"h":1,"w":1,"color":"alpha"},{"row":0,"col":7,"x":7,"y":0,"r":0,"rx":-1,"ry":0,"d":false,"h":1,"w":1,"color":"alpha"},{"row":0,"col":8,"x":8,"y":0,"r":0,"rx":-1,"ry":0,"d":false,"h":1,"w":1,"color":"alpha"},{"row":0,"col":9,"x":9,"y":0,"r":0,"rx":-1,"ry":0,"d":false,"h":1,"w":1,"color":"alpha"},{"row":0,"col":10,"x":10,"y":0,"r":0,"rx":-1,"ry":0,"d":false,"h":1,"w":1,"color":"alpha"},{"row":0,"col":11,"x":11,"y":0,"r":0,"rx":-1,"ry":0,"d":false,"h":1,"w":1.5,"color":"mod"},{"row":1,"col":0,"x":0,"y":1,"r":0,"rx":-1,"ry":0,"d":false,"h":1,"w":1.25,"color":"mod"},{"row":1,"col":1,"x":1.25,"y":1,"r":0,"rx":-1,"ry":0,"d":false,"h":1,"w":1,"color":"alpha"},{"row":1,"col":2,"x":2.25,"y":1,"r":0,"rx":-1,"ry":0,"d":false,"h":1,"w":1,"color":"alpha"},{"row":1,"col":3,"x":3.25,"y":1,"r":0,"rx":-1,"ry":0,"d":false,"h":1,"w":1,"color":"alpha"},{"row":1,"col":4,"x":4.25,"y":1,"r":0,"rx":-1,"ry":0,"d":false,"h":1,"w":1,"color":"alpha"},{"row":1,"col":5,"x":5.25,"y":1,"r":0,"rx":-1,"ry":0,"d":false,"h":1,"w":1,"color":"alpha"},{"row":1,"col":6,"x":6.25,"y":1,"r":0,"rx":-1,"ry":0,"d":false,"h":1,"w":1,"color":"alpha"},{"row":1,"col":7,"x":7.25,"y":1,"r":0,"rx":-1,"ry":0,"d":false,"h":1,"w":1,"color":"alpha"},{"row":1,"col":8,"x":8.25,"y":1,"r":0,"rx":-1,"ry":0,"d":false,"h":1,"w":1,"color":"alpha"},{"row":1,"col":9,"x":9.25,"y":1,"r":0,"rx":-1,"ry":0,"d":false,"h":1,"w":1,"color":"alpha"},{"row":1,"col":10,"x":10.25,"y":1,"r":0,"rx":-1,"ry":0,"d":false,"h":1,"w":1,"color":"alpha"},{"row":1,"col":11,"x":11.25,"y":1,"r":0,"rx":-1,"ry":0,"d":false,"h":1,"w":1.25,"color":"mod"},{"row":2,"col":0,"x":0,"y":2,"r":0,"rx":-1,"ry":0,"d":false,"h":1,"w":1.75,"color":"mod"},{"row":2,"col":1,"x":1.75,"y":2,"r":0,"rx":-1,"ry":0,"d":false,"h":1,"w":1,"color":"alpha"},{"row":2,"col":2,"x":2.75,"y":2,"r":0,"rx":-1,"ry":0,"d":false,"h":1,"w":1,"color":"alpha"},{"row":2,"col":3,"x":3.75,"y":2,"r":0,"rx":-1,"ry":0,"d":false,"h":1,"w":1,"color":"alpha"},{"row":2,"col":4,"x":4.75,"y":2,"r":0,"rx":-1,"ry":0,"d":false,"h":1,"w":1,"color":"alpha"},{"row":2,"col":5,"x":5.75,"y":2,"r":0,"rx":-1,"ry":0,"d":false,"h":1,"w":1,"color":"alpha"},{"row":2,"col":6,"x":6.75,"y":2,"r":0,"rx":-1,"ry":0,"d":false,"h":1,"w":1,"color":"alpha"},{"row":2,"col":7,"x":7.75,"y":2,"r":0,"rx":-1,"ry":0,"d":false,"h":1,"w":1,"color":"alpha"},{"row":2,"col":8,"x":8.75,"y":2,"r":0,"rx":-1,"ry":0,"d":false,"h":1,"w":1,"color":"alpha"},{"row":2,"col":9,"x":9.75,"y":2,"r":0,"rx":-1,"ry":0,"d":false,"h":1,"w":1,"color":"alpha"},{"row":2,"col":10,"x":10.75,"y":2,"r":0,"rx":-1,"ry":0,"d":false,"h":1,"w":1.75,"color":"accent"}],"1":[{"row":0,"col":0,"x":0,"y":0,"r":0,"rx":-1,"ry":0,"d":false,"h":1,"w":1,"color":"accent"},{"row":0,"col":1,"x":1,"y":0,"r":0,"rx":-1,"ry":0,"d":false,"h":1,"w":1,"color":"alpha"},{"row":0,"col":2,"x":2,"y":0,"r":0,"rx":-1,"ry":0,"d":false,"h":1,"w":1,"color":"alpha"},{"row":0,"col":3,"x":3,"y":0,"r":0,"rx":-1,"ry":0,"d":false,"h":1,"w":1,"color":"alpha"},{"row":0,"col":4,"x":4,"y":0,"r":0,"rx":-1,"ry":0,"d":false,"h":1,"w":1,"color":"alpha"},{"row":0,"col":5,"x":5,"y":0,"r":0,"rx":-1,"ry":0,"d":false,"h":1,"w":1,"color":"alpha"},{"row":0,"col":6,"x":6,"y":0,"r":0,"rx":-1,"ry":0,"d":false,"h":1,"w":1,"color":"alpha"},{"row":0,"col":7,"x":7,"y":0,"r":0,"rx":-1,"ry":0,"d":false,"h":1,"w":1,"color":"alpha"},{"row":0,"col":8,"x":8,"y":0,"r":0,"rx":-1,"ry":0,"d":false,"h":1,"w":1,"color":"alpha"},{"row":0,"col":9,"x":9,"y":0,"r":0,"rx":-1,"ry":0,"d":false,"h":1,"w":1,"color":"alpha"},{"row":0,"col":10,"x":10,"y":0,"r":0,"rx":-1,"ry":0,"d":false,"h":1,"w":1,"color":"alpha"},{"row":1,"col":11,"x":11.25,"y":0,"r":0,"rx":-1,"ry":0,"d":false,"h":2,"w":1.25,"w2":1.5,"x2":-0.25,"h2":1,"color":"accent"},{"row":1,"col":0,"x":0,"y":1,"r":0,"rx":-1,"ry":0,"d":false,"h":1,"w":1.25,"color":"mod"},{"row":1,"col":1,"x":1.25,"y":1,"r":0,"rx":-1,"ry":0,"d":false,"h":1,"w":1,"color":"alpha"},{"row":1,"col":2,"x":2.25,"y":1,"r":0,"rx":-1,"ry":0,"d":false,"h":1,"w":1,"color":"alpha"},{"row":1,"col":3,"x":3.25,"y":1,"r":0,"rx":-1,"ry":0,"d":false,"h":1,"w":1,"color":"alpha"},{"row":1,"col":4,"x":4.25,"y":1,"r":0,"rx":-1,"ry":0,"d":false,"h":1,"w":1,"color":"alpha"},{"row":1,"col":5,"x":5.25,"y":1,"r":0,"rx":-1,"ry":0,"d":false,"h":1,"w":1,"color":"alpha"},{"row":1,"col":6,"x":6.25,"y":1,"r":0,"rx":-1,"ry":0,"d":false,"h":1,"w":1,"color":"alpha"},{"row":1,"col":7,"x":7.25,"y":1,"r":0,"rx":-1,"ry":0,"d":false,"h":1,"w":1,"color":"alpha"},{"row":1,"col":8,"x":8.25,"y":1,"r":0,"rx":-1,"ry":0,"d":false,"h":1,"w":1,"color":"alpha"},{"row":1,"col":9,"x":9.25,"y":1,"r":0,"rx":-1,"ry":0,"d":false,"h":1,"w":1,"color":"alpha"},{"row":1,"col":10,"x":10.25,"y":1,"r":0,"rx":-1,"ry":0,"d":false,"h":1,"w":1,"color":"alpha"},{"row":2,"col":0,"x":0,"y":2,"r":0,"rx":-1,"ry":0,"d":false,"h":1,"w":1.75,"color":"accent"},{"row":2,"col":1,"x":1.75,"y":2,"r":0,"rx":-1,"ry":0,"d":false,"h":1,"w":1,"color":"alpha"},{"row":2,"col":2,"x":2.75,"y":2,"r":0,"rx":-1,"ry":0,"d":false,"h":1,"w":1,"color":"alpha"},{"row":2,"col":3,"x":3.75,"y":2,"r":0,"rx":-1,"ry":0,"d":false,"h":1,"w":1,"color":"alpha"},{"row":2,"col":4,"x":4.75,"y":2,"r":0,"rx":-1,"ry":0,"d":false,"h":1,"w":1,"color":"alpha"},{"row":2,"col":5,"x":5.75,"y":2,"r":0,"rx":-1,"ry":0,"d":false,"h":1,"w":1,"color":"alpha"},{"row":2,"col":6,"x":6.75,"y":2,"r":0,"rx":-1,"ry":0,"d":false,"h":1,"w":1,"color":"alpha"},{"row":2,"col":7,"x":7.75,"y":2,"r":0,"rx":-1,"ry":0,"d":false,"h":1,"w":1,"color":"alpha"},{"row":2,"col":8,"x":8.75,"y":2,"r":0,"rx":-1,"ry":0,"d":false,"h":1,"w":1,"color":"alpha"},{"row":2,"col":9,"x":9.75,"y":2,"r":0,"rx":-1,"ry":0,"d":false,"h":1,"w":1,"color":"alpha"},{"row":2,"col":10,"x":10.75,"y":2,"r":0,"rx":-1,"ry":0,"d":false,"h":1,"w":1.75,"color":"accent"}],"2":[{"row":0,"col":0,"x":0,"y":0,"r":0,"rx":-1,"ry":0,"d":false,"h":1,"w":1.25,"color":"accent"},{"row":0,"col":1,"x":1.25,"y":0,"r":0,"rx":-1,"ry":0,"d":false,"h":1,"w":1,"color":"alpha"},{"row":0,"col":2,"x":2.25,"y":0,"r":0,"rx":-1,"ry":0,"d":false,"h":1,"w":1,"color":"alpha"},{"row":0,"col":3,"x":3.25,"y":0,"r":0,"rx":-1,"ry":0,"d":false,"h":1,"w":1,"color":"alpha"},{"row":0,"col":4,"x":4.25,"y":0,"r":0,"rx":-1,"ry":0,"d":false,"h":1,"w":1,"color":"alpha"},{"row":0,"col":5,"x":5.25,"y":0,"r":0,"rx":-1,"ry":0,"d":false,"h":1,"w":1,"color":"alpha"},{"row":0,"col":6,"x":6.25,"y":0,"r":0,"rx":-1,"ry":0,"d":false,"h":1,"w":1,"color":"alpha"},{"row":0,"col":7,"x":7.25,"y":0,"r":0,"rx":-1,"ry":0,"d":false,"h":1,"w":1,"color":"alpha"},{"row":0,"col":8,"x":8.25,"y":0,"r":0,"rx":-1,"ry":0,"d":false,"h":1,"w":1,"color":"alpha"},{"row":0,"col":9,"x":9.25,"y":0,"r":0,"rx":-1,"ry":0,"d":false,"h":1,"w":1,"color":"alpha"},{"row":0,"col":10,"x":10.25,"y":0,"r":0,"rx":-1,"ry":0,"d":false,"h":1,"w":1,"color":"alpha"},{"row":0,"col":11,"x":11.25,"y":0,"r":0,"rx":-1,"ry":0,"d":false,"h":1,"w":1.25,"color":"mod"},{"row":1,"col":0,"x":0,"y":1,"r":0,"rx":-1,"ry":0,"d":false,"h":1,"w":1.25,"color":"alpha"},{"row":1,"col":1,"x":1.25,"y":1,"r":0,"rx":-1,"ry":0,"d":false,"h":1,"w":1,"color":"alpha"},{"row":1,"col":2,"x":2.25,"y":1,"r":0,"rx":-1,"ry":0,"d":false,"h":1,"w":1,"color":"alpha"},{"row":1,"col":3,"x":3.25,"y":1,"r":0,"rx":-1,"ry":0,"d":false,"h":1,"w":1,"color":"alpha"},{"row":1,"col":4,"x":4.25,"y":1,"r":0,"rx":-1,"ry":0,"d":false,"h":1,"w":1,"color":"alpha"},{"row":1,"col":5,"x":5.25,"y":1,"r":0,"rx":-1,"ry":0,"d":false,"h":1,"w":1,"color":"alpha"},{"row":1,"col":6,"x":6.25,"y":1,"r":0,"rx":-1,"ry":0,"d":false,"h":1,"w":1,"color":"alpha"},{"row":1,"col":7,"x":7.25,"y":1,"r":0,"rx":-1,"ry":0,"d":false,"h":1,"w":1,"color":"alpha"},{"row":1,"col":8,"x":8.25,"y":1,"r":0,"rx":-1,"ry":0,"d":false,"h":1,"w":1,"color":"alpha"},{"row":1,"col":9,"x":9.25,"y":1,"r":0,"rx":-1,"ry":0,"d":false,"h":1,"w":1,"color":"alpha"},{"row":1,"col":10,"x":10.25,"y":1,"r":0,"rx":-1,"ry":0,"d":false,"h":1,"w":1,"color":"alpha"},{"row":1,"col":11,"x":11.25,"y":1,"r":0,"rx":-1,"ry":0,"d":false,"h":1,"w":1.25,"color":"mod"},{"row":2,"col":0,"x":0,"y":2,"r":0,"rx":-1,"ry":0,"d":false,"h":1,"w":1.25,"color":"accent"},{"row":2,"col":1,"x":1.25,"y":2,"r":0,"rx":-1,"ry":0,"d":false,"h":1,"w":1,"color":"alpha"},{"row":2,"col":2,"x":2.25,"y":2,"r":0,"rx":-1,"ry":0,"d":false,"h":1,"w":1,"color":"alpha"},{"row":2,"col":3,"x":3.25,"y":2,"r":0,"rx":-1,"ry":0,"d":false,"h":1,"w":1,"color":"alpha"},{"row":2,"col":4,"x":4.25,"y":2,"r":0,"rx":-1,"ry":0,"d":false,"h":1,"w":1,"color":"alpha"},{"row":2,"col":5,"x":5.25,"y":2,"r":0,"rx":-1,"ry":0,"d":false,"h":1,"w":1,"color":"alpha"},{"row":2,"col":6,"x":6.25,"y":2,"r":0,"rx":-1,"ry":0,"d":false,"h":1,"w":1,"color":"alpha"},{"row":2,"col":7,"x":7.25,"y":2,"r":0,"rx":-1,"ry":0,"d":false,"h":1,"w":1,"color":"alpha"},{"row":2,"col":8,"x":8.25,"y":2,"r":0,"rx":-1,"ry":0,"d":false,"h":1,"w":1,"color":"alpha"},{"row":2,"col":9,"x":9.25,"y":2,"r":0,"rx":-1,"ry":0,"d":false,"h":1,"w":1,"color":"alpha"},{"row":2,"col":10,"x":10.25,"y":2,"r":0,"rx":-1,"ry":0,"d":false,"h":1,"w":1,"color":"alpha"},{"row":2,"col":11,"x":11.25,"y":2,"r":0,"rx":-1,"ry":0,"d":false,"h":1,"w":1.25,"color":"accent"}]},"1":{"0":[{"row":-1,"col":-1,"x":0,"y":3,"r":0,"rx":-1,"ry":0,"d":true,"h":1,"w":0.75,"color":"accent"},{"row":3,"col":0,"x":0.75,"y":3,"r":0,"rx":-1,"ry":0,"d":false,"h":1,"w":1,"color":"mod"},{"row":3,"col":2,"x":1.75,"y":3,"r":0,"rx":-1,"ry":0,"d":false,"h":1,"w":1,"color":"mod"},{"row":3,"col":3,"x":2.75,"y":3,"r":0,"rx":-1,"ry":0,"d":false,"h":1,"w":1,"color":"mod"},{"row":3,"col":4,"x":3.75,"y":3,"r":0,"rx":-1,"ry":0,"d":false,"h":1,"w":2.25,"color":"accent"},{"row":3,"col":6,"x":6,"y":3,"r":0,"rx":-1,"ry":0,"d":false,"h":1,"w":2.75,"color":"accent"},{"row":3,"col":7,"x":8.75,"y":3,"r":0,"rx":-1,"ry":0,"d":false,"h":1,"w":1,"color":"mod"},{"row":3,"col":8,"x":9.75,"y":3,"r":0,"rx":-1,"ry":0,"d":false,"h":1,"w":1,"color":"mod"},{"row":3,"col":9,"x":10.75,"y":3,"r":0,"rx":-1,"ry":0,"d":false,"h":1,"w":1,"color":"mod"}],"1":[{"row":-1,"col":-1,"x":0,"y":3,"r":0,"rx":-1,"ry":0,"d":true,"h":1,"w":0.75,"color":"mod"},{"row":3,"col":0,"x":0.75,"y":3,"r":0,"rx":-1,"ry":0,"d":false,"h":1,"w":1,"color":"mod"},{"row":3,"col":2,"x":1.75,"y":3,"r":0,"rx":-1,"ry":0,"d":false,"h":1,"w":1,"color":"mod"},{"row":3,"col":3,"x":2.75,"y":3,"r":0,"rx":-1,"ry":0,"d":false,"h":1,"w":1,"color":"mod"},{"row":3,"col":4,"x":3.75,"y":3,"r":0,"rx":-1,"ry":0,"d":false,"h":1,"w":1,"color":"mod"},{"row":3,"col":5,"x":4.75,"y":3,"r":0,"rx":-1,"ry":0,"d":false,"h":1,"w":3,"color":"accent"},{"row":3,"col":6,"x":7.75,"y":3,"r":0,"rx":-1,"ry":0,"d":false,"h":1,"w":1,"color":"mod"},{"row":3,"col":7,"x":8.75,"y":3,"r":0,"rx":-1,"ry":0,"d":false,"h":1,"w":1,"color":"mod"},{"row":3,"col":8,"x":9.75,"y":3,"r":0,"rx":-1,"ry":0,"d":false,"h":1,"w":1,"color":"mod"},{"row":3,"col":9,"x":10.75,"y":3,"r":0,"rx":-1,"ry":0,"d":false,"h":1,"w":1,"color":"mod"}],"2":[{"row":-1,"col":-1,"x":0,"y":3,"r":0,"rx":-1,"ry":0,"d":true,"h":1,"w":0.75,"color":"mod"},{"row":3,"col":0,"x":0.75,"y":3,"r":0,"rx":-1,"ry":0,"d":false,"h":1,"w":1,"color":"mod"},{"row":3,"col":2,"x":1.75,"y":3,"r":0,"rx":-1,"ry":0,"d":false,"h":1,"w":1,"color":"mod"},{"row":3,"col":3,"x":2.75,"y":3,"r":0,"rx":-1,"ry":0,"d":false,"h":1,"w":1,"color":"mod"},{"row":3,"col":4,"x":3.75,"y":3,"r":0,"rx":-1,"ry":0,"d":false,"h":1,"w":2,"color":"accent"},{"row":3,"col":5,"x":5.75,"y":3,"r":0,"rx":-1,"ry":0,"d":false,"h":1,"w":1,"color":"mod"},{"row":3,"col":6,"x":6.75,"y":3,"r":0,"rx":-1,"ry":0,"d":false,"h":1,"w":2,"color":"accent"},{"row":3,"col":7,"x":8.75,"y":3,"r":0,"rx":-1,"ry":0,"d":false,"h":1,"w":1,"color":"mod"},{"row":3,"col":8,"x":9.75,"y":3,"r":0,"rx":-1,"ry":0,"d":false,"h":1,"w":1,"color":"mod"},{"row":3,"col":9,"x":10.75,"y":3,"r":0,"rx":-1,"ry":0,"d":false,"h":1,"w":1,"color":"mod"}],"3":[{"row":-1,"col":-1,"x":0,"y":3,"r":0,"rx":-1,"ry":0,"d":true,"h":1,"w":0.75,"color":"mod"},{"row":3,"col":0,"x":0.75,"y":3,"r":0,"rx":-1,"ry":0,"d":false,"h":1,"w":1,"color":"mod"},{"row":3,"col":2,"x":1.75,"y":3,"r":0,"rx":-1,"ry":0,"d":false,"h":1,"w":1,"color":"mod"},{"row":3,"col":4,"x":2.75,"y":3,"r":0,"rx":-1,"ry":0,"d":false,"h":1,"w":7,"color":"accent"},{"row":3,"col":8,"x":9.75,"y":3,"r":0,"rx":-1,"ry":0,"d":false,"h":1,"w":1,"color":"mod"},{"row":3,"col":9,"x":10.75,"y":3,"r":0,"rx":-1,"ry":0,"d":false,"h":1,"w":1,"color":"mod"}],"4":[{"row":3,"col":0,"x":0,"y":3,"r":0,"rx":-1,"ry":0,"d":false,"h":1,"w":1.25,"color":"mod"},{"row":3,"col":2,"x":1.8800000000000026,"y":3,"r":0,"rx":-1,"ry":0,"d":false,"h":1,"w":1.25,"color":"mod"},{"row":3,"col":3,"x":3.1300000000000026,"y":3,"r":0,"rx":-1,"ry":0,"d":false,"h":1,"w":1,"color":"mod"},{"row":3,"col":4,"x":4.130000000000003,"y":3,"r":0,"rx":-1,"ry":0,"d":false,"h":1,"w":2,"color":"accent"},{"row":3,"col":6,"x":6.130000000000003,"y":3,"r":0,"rx":-1,"ry":0,"d":false,"h":1,"w":2.25,"color":"accent"},{"row":3,"col":7,"x":8.380000000000003,"y":3,"r":0,"rx":-1,"ry":0,"d":false,"h":1,"w":1,"color":"mod"},{"row":3,"col":8,"x":9.380000000000003,"y":3,"r":0,"rx":-1,"ry":0,"d":false,"h":1,"w":1.25,"color":"mod"},{"row":3,"col":9,"x":11.260000000000005,"y":3,"r":0,"rx":-1,"ry":0,"d":false,"h":1,"w":1.25,"color":"mod"}],"5":[{"row":3,"col":0,"x":0,"y":3,"r":0,"rx":-1,"ry":0,"d":false,"h":1,"w":1.25,"color":"mod"},{"row":3,"col":2,"x":1.8799999999999955,"y":3,"r":0,"rx":-1,"ry":0,"d":false,"h":1,"w":1.25,"color":"mod"},{"row":3,"col":4,"x":3.1299999999999955,"y":3,"r":0,"rx":-1,"ry":0,"d":false,"h":1,"w":6.25,"color":"accent"},{"row":3,"col":8,"x":9.379999999999995,"y":3,"r":0,"rx":-1,"ry":0,"d":false,"h":1,"w":1.25,"color":"mod"},{"row":3,"col":9,"x":11.259999999999991,"y":3,"r":0,"rx":-1,"ry":0,"d":false,"h":1,"w":1.25,"color":"mod"}]}},"keys":[]},"matrix":{"rows":4,"cols":12},"vendorProductId":1279524928}