{"name":"Jabberwocky v2","lighting":"qmk_backlight","layouts":{"labels":["Split Backspace","ISO Enter","Split Left Shift","Split Right Shift","Split Num 0 and 00","Split Num +","Split Num Enter"],"width":23.5,"height":7.466930827518205,"optionKeys":{"0":{"0":[{"row":2,"col":9,"x":16.25,"y":1.25,"r":0,"rx":0,"ry":-0.25,"d":false,"h":1,"w":2,"color":"mod"}],"1":[{"row":2,"col":9,"x":16.25,"y":1.25,"r":0,"rx":0,"ry":-0.25,"d":false,"h":1,"w":1,"color":"alpha"},{"row":3,"col":9,"x":17.25,"y":1.25,"r":0,"rx":0,"ry":-0.25,"d":false,"h":1,"w":1,"color":"alpha"}]},"1":{"0":[{"row":4,"col":9,"x":16.5,"y":2.25,"r":0,"rx":0,"ry":-0.25,"d":false,"h":1,"w":1.5,"color":"alpha"},{"row":7,"col":9,"x":15.75,"y":3.25,"r":0,"rx":0,"ry":-0.25,"d":false,"h":1,"w":2.25,"color":"accent"}],"1":[{"row":7,"col":9,"x":16.75,"y":2.25,"r":0,"rx":0,"ry":-0.25,"d":false,"h":2,"w":1.25,"w2":1.5,"x2":-0.25,"h2":1,"color":"accent"},{"row":7,"col":8,"x":15.75,"y":3.25,"r":0,"rx":0,"ry":-0.25,"d":false,"h":1,"w":1,"color":"alpha"}]},"2":{"0":[{"row":8,"col":2,"x":0,"y":4.25,"r":0,"rx":0,"ry":-0.25,"d":false,"h":1,"w":2.25,"color":"mod"}],"1":[{"row":8,"col":2,"x":0,"y":4.25,"r":0,"rx":0,"ry":-0.25,"d":false,"h":1,"w":1.25,"color":"mod"},{"row":9,"col":2,"x":1.25,"y":4.25,"r":0,"rx":0,"ry":-0.25,"d":false,"h":1,"w":1,"color":"mod"}]},"3":{"0":[{"row":9,"col":8,"x":15,"y":4.25,"r":0,"rx":0,"ry":-0.25,"d":false,"h":1,"w":2.25,"color":"mod"}],"1":[{"row":8,"col":8,"x":15,"y":4.25,"r":0,"rx":0,"ry":-0.25,"d":false,"h":1,"w":1,"color":"mod"},{"row":9,"col":8,"x":16,"y":4.25,"r":0,"rx":0,"ry":-0.25,"d":false,"h":1,"w":1.25,"color":"mod"}]},"4":{"0":[{"row":11,"col":0,"x":19.5,"y":5.25,"r":0,"rx":0,"ry":-0.25,"d":false,"h":1,"w":2,"color":"alpha"}],"1":[{"row":10,"col":0,"x":19.5,"y":5.25,"r":0,"rx":0,"ry":-0.25,"d":false,"h":1,"w":1,"color":"alpha"},{"row":11,"col":0,"x":20.5,"y":5.25,"r":0,"rx":0,"ry":-0.25,"d":false,"h":1,"w":1,"color":"alpha"}]},"5":{"0":[{"row":5,"col":1,"x":22.5,"y":2.25,"r":0,"rx":0,"ry":-0.25,"d":false,"h":2,"w":1,"color":"mod"}],"1":[{"row":5,"col":1,"x":22.5,"y":2.25,"r":0,"rx":0,"ry":-0.25,"d":false,"h":1,"w":1,"color":"mod"},{"row":7,"col":1,"x":22.5,"y":3.25,"r":0,"rx":0,"ry":-0.25,"d":false,"h":1,"w":1,"color":"mod"}]},"6":{"0":[{"row":11,"col":1,"x":22.5,"y":4.25,"r":0,"rx":0,"ry":-0.25,"d":false,"h":2,"w":1,"color":"accent"}],"1":[{"row":9,"col":1,"x":22.5,"y":4.25,"r":0,"rx":0,"ry":-0.25,"d":false,"h":1,"w":1,"color":"mod"},{"row":11,"col":1,"x":22.5,"y":5.25,"r":0,"rx":0,"ry":-0.25,"d":false,"h":1,"w":1,"color":"accent"}]}},"keys":[{"row":0,"col":2,"x":0.75,"y":0,"r":0,"rx":0,"ry":-0.25,"d":false,"h":1,"w":1,"color":"accent"},{"row":1,"col":2,"x":2.25,"y":0,"r":0,"rx":0,"ry":-0.25,"d":false,"h":1,"w":1,"color":"alpha"},{"row":0,"col":3,"x":3.25,"y":0,"r":0,"rx":0,"ry":-0.25,"d":false,"h":1,"w":1,"color":"alpha"},{"row":1,"col":7,"x":13,"y":0,"r":0,"rx":0,"ry":-0.25,"d":false,"h":1,"w":1,"color":"alpha"},{"row":0,"col":8,"x":14,"y":0,"r":0,"rx":0,"ry":-0.25,"d":false,"h":1,"w":1,"color":"alpha"},{"row":1,"col":8,"x":15.25,"y":0,"r":0,"rx":0,"ry":-0.25,"d":false,"h":1,"w":1,"color":"mod"},{"row":0,"col":9,"x":16.25,"y":0,"r":0,"rx":0,"ry":-0.25,"d":false,"h":1,"w":1,"color":"mod"},{"row":1,"col":9,"x":17.25,"y":0,"r":0,"rx":0,"ry":-0.25,"d":false,"h":1,"w":1,"color":"mod"},{"row":5,"col":9,"x":18.25,"y":0,"r":0,"rx":0,"ry":-0.25,"d":false,"h":1,"w":1,"color":"mod"},{"row":0,"col":0,"x":19.5,"y":0,"r":0,"rx":0,"ry":-0.25,"d":false,"h":1,"w":1,"color":"mod"},{"row":1,"col":0,"x":20.5,"y":0,"r":0,"rx":0,"ry":-0.25,"d":false,"h":1,"w":1,"color":"mod"},{"row":0,"col":1,"x":21.5,"y":0,"r":0,"rx":0,"ry":-0.25,"d":false,"h":1,"w":1,"color":"mod"},{"row":1,"col":1,"x":22.5,"y":0,"r":0,"rx":0,"ry":-0.25,"d":false,"h":1,"w":1,"color":"mod"},{"row":3,"col":2,"x":2,"y":1.25,"r":0,"rx":0,"ry":-0.25,"d":false,"h":1,"w":1,"color":"alpha"},{"row":2,"col":3,"x":3,"y":1.25,"r":0,"rx":0,"ry":-0.25,"d":false,"h":1,"w":1,"color":"alpha"},{"row":3,"col":7,"x":13.25,"y":1.25,"r":0,"rx":0,"ry":-0.25,"d":false,"h":1,"w":1,"color":"alpha"},{"row":2,"col":8,"x":14.25,"y":1.25,"r":0,"rx":0,"ry":-0.25,"d":false,"h":1,"w":1,"color":"alpha"},{"row":3,"col":8,"x":15.25,"y":1.25,"r":0,"rx":0,"ry":-0.25,"d":false,"h":1,"w":1,"color":"alpha"},{"row":2,"col":0,"x":19.5,"y":1.25,"r":0,"rx":0,"ry":-0.25,"d":false,"h":1,"w":1,"color":"mod"},{"row":3,"col":0,"x":20.5,"y":1.25,"r":0,"rx":0,"ry":-0.25,"d":false,"h":1,"w":1,"color":"mod"},{"row":2,"col":1,"x":21.5,"y":1.25,"r":0,"rx":0,"ry":-0.25,"d":false,"h":1,"w":1,"color":"mod"},{"row":3,"col":1,"x":22.5,"y":1.25,"r":0,"rx":0,"ry":-0.25,"d":false,"h":1,"w":1,"color":"mod"},{"row":5,"col":2,"x":1.25,"y":2.25,"r":0,"rx":0,"ry":-0.25,"d":false,"h":1,"w":1.5,"color":"mod"},{"row":4,"col":3,"x":2.75,"y":2.25,"r":0,"rx":0,"ry":-0.25,"d":false,"h":1,"w":1,"color":"alpha"},{"row":5,"col":7,"x":13.5,"y":2.25,"r":0,"rx":0,"ry":-0.25,"d":false,"h":1,"w":1,"color":"alpha"},{"row":4,"col":8,"x":14.5,"y":2.25,"r":0,"rx":0,"ry":-0.25,"d":false,"h":1,"w":1,"color":"alpha"},{"row":5,"col":8,"x":15.5,"y":2.25,"r":0,"rx":0,"ry":-0.25,"d":false,"h":1,"w":1,"color":"alpha"},{"row":4,"col":0,"x":19.5,"y":2.25,"r":0,"rx":0,"ry":-0.25,"d":false,"h":1,"w":1,"color":"alpha"},{"row":5,"col":0,"x":20.5,"y":2.25,"r":0,"rx":0,"ry":-0.25,"d":false,"h":1,"w":1,"color":"alpha"},{"row":4,"col":1,"x":21.5,"y":2.25,"r":0,"rx":0,"ry":-0.25,"d":false,"h":1,"w":1,"color":"alpha"},{"row":7,"col":2,"x":0.75,"y":3.25,"r":0,"rx":0,"ry":-0.25,"d":false,"h":1,"w":1.75,"color":"mod"},{"row":6,"col":3,"x":2.5,"y":3.25,"r":0,"rx":0,"ry":-0.25,"d":false,"h":1,"w":1,"color":"alpha"},{"row":7,"col":7,"x":13.75,"y":3.25,"r":0,"rx":0,"ry":-0.25,"d":false,"h":1,"w":1,"color":"alpha"},{"row":6,"col":8,"x":14.75,"y":3.25,"r":0,"rx":0,"ry":-0.25,"d":false,"h":1,"w":1,"color":"alpha"},{"row":6,"col":0,"x":19.5,"y":3.25,"r":0,"rx":0,"ry":-0.25,"d":false,"h":1,"w":1,"color":"alpha"},{"row":7,"col":0,"x":20.5,"y":3.25,"r":0,"rx":0,"ry":-0.25,"d":false,"h":1,"w":1,"color":"alpha"},{"row":6,"col":1,"x":21.5,"y":3.25,"r":0,"rx":0,"ry":-0.25,"d":false,"h":1,"w":1,"color":"alpha"},{"row":8,"col":3,"x":2.25,"y":4.25,"r":0,"rx":0,"ry":-0.25,"d":false,"h":1,"w":1,"color":"alpha"},{"row":9,"col":7,"x":14,"y":4.25,"r":0,"rx":0,"ry":-0.25,"d":false,"h":1,"w":1,"color":"alpha"},{"row":8,"col":9,"x":17.25,"y":4.25,"r":0,"rx":0,"ry":-0.25,"d":false,"h":1,"w":1,"color":"accent"},{"row":8,"col":0,"x":19.5,"y":4.25,"r":0,"rx":0,"ry":-0.25,"d":false,"h":1,"w":1,"color":"alpha"},{"row":9,"col":0,"x":20.5,"y":4.25,"r":0,"rx":0,"ry":-0.25,"d":false,"h":1,"w":1,"color":"alpha"},{"row":8,"col":1,"x":21.5,"y":4.25,"r":0,"rx":0,"ry":-0.25,"d":false,"h":1,"w":1,"color":"alpha"},{"row":11,"col":2,"x":0.5,"y":5.25,"r":0,"rx":0,"ry":-0.25,"d":false,"h":1,"w":1.25,"color":"mod"},{"row":10,"col":3,"x":1.75,"y":5.25,"r":0,"rx":0,"ry":-0.25,"d":false,"h":1,"w":1.25,"color":"mod"},{"row":11,"col":7,"x":13.75,"y":5.25,"r":0,"rx":0,"ry":-0.25,"d":false,"h":1,"w":1.25,"color":"mod"},{"row":10,"col":8,"x":15,"y":5.25,"r":0,"rx":0,"ry":-0.25,"d":false,"h":1,"w":1.25,"color":"mod"},{"row":11,"col":8,"x":16.25,"y":5.25,"r":0,"rx":0,"ry":-0.25,"d":false,"h":1,"w":1,"color":"accent"},{"row":10,"col":9,"x":17.25,"y":5.25,"r":0,"rx":0,"ry":-0.25,"d":false,"h":1,"w":1,"color":"accent"},{"row":11,"col":9,"x":18.25,"y":5.25,"r":0,"rx":0,"ry":-0.25,"d":false,"h":1,"w":1,"color":"accent"},{"row":10,"col":1,"x":21.5,"y":5.25,"r":0,"rx":0,"ry":-0.25,"d":false,"h":1,"w":1,"color":"alpha"},{"row":0,"col":4,"x":5,"y":-0.1200000000000001,"r":14,"rx":4,"ry":2.25,"d":false,"h":1,"w":1,"color":"alpha"},{"row":1,"col":3,"x":4,"y":0,"r":14,"rx":4,"ry":2.25,"d":false,"h":1,"w":1,"color":"alpha"},{"row":1,"col":4,"x":6,"y":0,"r":14,"rx":4,"ry":2.25,"d":false,"h":1,"w":1,"color":"mod"},{"row":0,"col":5,"x":7,"y":0.13,"r":14,"rx":4,"ry":2.25,"d":false,"h":1,"w":1,"color":"mod"},{"row":2,"col":4,"x":5,"y":1.13,"r":14,"rx":4,"ry":2.25,"d":false,"h":1,"w":1,"color":"alpha"},{"row":3,"col":3,"x":4,"y":1.25,"r":14,"rx":4,"ry":2.25,"d":false,"h":1,"w":1,"color":"alpha"},{"row":3,"col":4,"x":6,"y":1.25,"r":14,"rx":4,"ry":2.25,"d":false,"h":1,"w":1,"color":"alpha"},{"row":2,"col":5,"x":7,"y":1.38,"r":14,"rx":4,"ry":2.25,"d":false,"h":1,"w":1,"color":"alpha"},{"row":4,"col":4,"x":5,"y":2.13,"r":14,"rx":4,"ry":2.25,"d":false,"h":1,"w":1,"color":"alpha"},{"row":5,"col":3,"x":4,"y":2.25,"r":14,"rx":4,"ry":2.25,"d":false,"h":1,"w":1,"color":"alpha"},{"row":5,"col":4,"x":6,"y":2.25,"r":14,"rx":4,"ry":2.25,"d":false,"h":1,"w":1,"color":"alpha"},{"row":4,"col":5,"x":7,"y":2.38,"r":14,"rx":4,"ry":2.25,"d":false,"h":1,"w":1,"color":"alpha"},{"row":6,"col":4,"x":5,"y":3.13,"r":14,"rx":4,"ry":2.25,"d":false,"h":1,"w":1,"color":"alpha"},{"row":7,"col":3,"x":4,"y":3.25,"r":14,"rx":4,"ry":2.25,"d":false,"h":1,"w":1,"color":"alpha"},{"row":7,"col":4,"x":6,"y":3.25,"r":14,"rx":4,"ry":2.25,"d":false,"h":1,"w":1,"color":"alpha"},{"row":6,"col":5,"x":7,"y":3.38,"r":14,"rx":4,"ry":2.25,"d":false,"h":1,"w":1,"color":"alpha"},{"row":8,"col":4,"x":5,"y":4.13,"r":14,"rx":4,"ry":2.25,"d":false,"h":1,"w":1,"color":"alpha"},{"row":9,"col":3,"x":4,"y":4.25,"r":14,"rx":4,"ry":2.25,"d":false,"h":1,"w":1,"color":"alpha"},{"row":9,"col":4,"x":6,"y":4.25,"r":14,"rx":4,"ry":2.25,"d":false,"h":1,"w":1,"color":"alpha"},{"row":8,"col":5,"x":7,"y":4.38,"r":14,"rx":4,"ry":2.25,"d":false,"h":1,"w":1,"color":"alpha"},{"row":10,"col":5,"x":8,"y":4.38,"r":14,"rx":4,"ry":2.25,"d":false,"h":1,"w":1,"color":"alpha"},{"row":11,"col":3,"x":4.5,"y":5.25,"r":14,"rx":4,"ry":2.25,"d":false,"h":1,"w":1.25,"color":"mod"},{"row":10,"col":4,"x":5.75,"y":5.25,"r":14,"rx":4,"ry":2.25,"d":false,"h":1,"w":1.25,"color":"alpha"},{"row":11,"col":4,"x":7,"y":5.38,"r":14,"rx":4,"ry":2.25,"d":false,"h":1,"w":2,"color":"alpha"},{"row":1,"col":6,"x":11.25,"y":-0.1200000000000001,"r":-14,"rx":13.25,"ry":2.25,"d":false,"h":1,"w":1,"color":"alpha"},{"row":0,"col":6,"x":10.25,"y":0,"r":-14,"rx":13.25,"ry":2.25,"d":false,"h":1,"w":1,"color":"mod"},{"row":0,"col":7,"x":12.25,"y":0,"r":-14,"rx":13.25,"ry":2.25,"d":false,"h":1,"w":1,"color":"alpha"},{"row":1,"col":5,"x":9.25,"y":0.13,"r":-14,"rx":13.25,"ry":2.25,"d":false,"h":1,"w":1,"color":"mod"},{"row":3,"col":6,"x":11.25,"y":1.13,"r":-14,"rx":13.25,"ry":2.25,"d":false,"h":1,"w":1,"color":"alpha"},{"row":2,"col":6,"x":10.25,"y":1.25,"r":-14,"rx":13.25,"ry":2.25,"d":false,"h":1,"w":1,"color":"alpha"},{"row":2,"col":7,"x":12.25,"y":1.25,"r":-14,"rx":13.25,"ry":2.25,"d":false,"h":1,"w":1,"color":"alpha"},{"row":3,"col":5,"x":9.25,"y":1.38,"r":-14,"rx":13.25,"ry":2.25,"d":false,"h":1,"w":1,"color":"alpha"},{"row":5,"col":6,"x":11.25,"y":2.13,"r":-14,"rx":13.25,"ry":2.25,"d":false,"h":1,"w":1,"color":"alpha"},{"row":4,"col":6,"x":10.25,"y":2.25,"r":-14,"rx":13.25,"ry":2.25,"d":false,"h":1,"w":1,"color":"alpha"},{"row":4,"col":7,"x":12.25,"y":2.25,"r":-14,"rx":13.25,"ry":2.25,"d":false,"h":1,"w":1,"color":"alpha"},{"row":5,"col":5,"x":9.25,"y":2.38,"r":-14,"rx":13.25,"ry":2.25,"d":false,"h":1,"w":1,"color":"alpha"},{"row":7,"col":6,"x":11.25,"y":3.13,"r":-14,"rx":13.25,"ry":2.25,"d":false,"h":1,"w":1,"color":"alpha"},{"row":6,"col":6,"x":10.25,"y":3.25,"r":-14,"rx":13.25,"ry":2.25,"d":false,"h":1,"w":1,"color":"alpha"},{"row":6,"col":7,"x":12.25,"y":3.25,"r":-14,"rx":13.25,"ry":2.25,"d":false,"h":1,"w":1,"color":"alpha"},{"row":7,"col":5,"x":9.25,"y":3.38,"r":-14,"rx":13.25,"ry":2.25,"d":false,"h":1,"w":1,"color":"alpha"},{"row":9,"col":6,"x":11.25,"y":4.13,"r":-14,"rx":13.25,"ry":2.25,"d":false,"h":1,"w":1,"color":"alpha"},{"row":8,"col":6,"x":10.25,"y":4.25,"r":-14,"rx":13.25,"ry":2.25,"d":false,"h":1,"w":1,"color":"alpha"},{"row":8,"col":7,"x":12.25,"y":4.25,"r":-14,"rx":13.25,"ry":2.25,"d":false,"h":1,"w":1,"color":"alpha"},{"row":11,"col":5,"x":8.25,"y":4.38,"r":-14,"rx":13.25,"ry":2.25,"d":false,"h":1,"w":1,"color":"alpha"},{"row":9,"col":5,"x":9.25,"y":4.38,"r":-14,"rx":13.25,"ry":2.25,"d":false,"h":1,"w":1,"color":"alpha"},{"row":11,"col":6,"x":11,"y":5.25,"r":-14,"rx":13.25,"ry":2.25,"d":false,"h":1,"w":1.25,"color":"mod"},{"row":10,"col":6,"x":8.25,"y":5.38,"r":-14,"rx":13.25,"ry":2.25,"d":false,"h":1,"w":2.75,"color":"alpha"}]},"matrix":{"rows":12,"cols":10},"vendorProductId":1313884760}