{"name":"OSA","lighting":"none","layouts":{"labels":["Split Backspace","Split Right Shift"],"width":18.25,"height":6.024362689644505,"optionKeys":{"0":{"0":[{"row":5,"col":7,"x":15.5,"y":0.1241917553249261,"r":0,"rx":0,"ry":-0.3758082446750739,"d":false,"h":1,"w":2,"color":"mod"}],"1":[{"row":5,"col":0,"x":15.5,"y":0.1241917553249261,"r":0,"rx":0,"ry":-0.3758082446750739,"d":false,"h":1,"w":1,"color":"mod"},{"row":5,"col":7,"x":16.5,"y":0.1241917553249261,"r":0,"rx":0,"ry":-0.3758082446750739,"d":false,"h":1,"w":1,"color":"mod"}]},"1":{"0":[{"row":8,"col":7,"x":15.5,"y":3.124191755324926,"r":0,"rx":0,"ry":-0.3758082446750739,"d":false,"h":1,"w":2.75,"color":"mod"}],"1":[{"row":8,"col":0,"x":15.5,"y":3.124191755324926,"r":0,"rx":0,"ry":-0.3758082446750739,"d":false,"h":1,"w":1.75,"color":"mod"},{"row":8,"col":7,"x":17.25,"y":3.124191755324926,"r":0,"rx":0,"ry":-0.3758082446750739,"d":false,"h":1,"w":1,"color":"mod"}]}},"keys":[{"row":1,"col":0,"x":0.5,"y":0.004191755324926105,"r":0,"rx":0,"ry":-0.3758082446750739,"d":false,"h":1,"w":1,"color":"accent"},{"row":0,"col":2,"x":3.75,"y":0.004191755324926105,"r":0,"rx":0,"ry":-0.3758082446750739,"d":false,"h":1,"w":1,"color":"alpha"},{"row":5,"col":2,"x":13.5,"y":0.004191755324926105,"r":0,"rx":0,"ry":-0.3758082446750739,"d":false,"h":1,"w":1,"color":"alpha"},{"row":0,"col":0,"x":1.75,"y":0.1241917553249261,"r":0,"rx":0,"ry":-0.3758082446750739,"d":false,"h":1,"w":1,"color":"mod"},{"row":0,"col":1,"x":2.75,"y":0.1241917553249261,"r":0,"rx":0,"ry":-0.3758082446750739,"d":false,"h":1,"w":1,"color":"alpha"},{"row":5,"col":1,"x":14.5,"y":0.1241917553249261,"r":0,"rx":0,"ry":-0.3758082446750739,"d":false,"h":1,"w":1,"color":"alpha"},{"row":2,"col":0,"x":0.25,"y":1.004191755324926,"r":0,"rx":0,"ry":-0.3758082446750739,"d":false,"h":1,"w":1,"color":"accent"},{"row":6,"col":2,"x":13.25,"y":1.004191755324926,"r":0,"rx":0,"ry":-0.3758082446750739,"d":false,"h":1,"w":1,"color":"alpha"},{"row":1,"col":1,"x":1.5,"y":1.124191755324926,"r":0,"rx":0,"ry":-0.3758082446750739,"d":false,"h":1,"w":1.5,"color":"mod"},{"row":1,"col":2,"x":3,"y":1.124191755324926,"r":0,"rx":0,"ry":-0.3758082446750739,"d":false,"h":1,"w":1,"color":"alpha"},{"row":6,"col":1,"x":14.25,"y":1.124191755324926,"r":0,"rx":0,"ry":-0.3758082446750739,"d":false,"h":1,"w":1,"color":"alpha"},{"row":6,"col":0,"x":15.25,"y":1.124191755324926,"r":0,"rx":0,"ry":-0.3758082446750739,"d":false,"h":1,"w":1,"color":"alpha"},{"row":6,"col":7,"x":16.25,"y":1.124191755324926,"r":0,"rx":0,"ry":-0.3758082446750739,"d":false,"h":1,"w":1.5,"color":"alpha"},{"row":3,"col":0,"x":0,"y":2.0041917553249258,"r":0,"rx":0,"ry":-0.3758082446750739,"d":false,"h":1,"w":1,"color":"accent"},{"row":2,"col":1,"x":1.25,"y":2.124191755324926,"r":0,"rx":0,"ry":-0.3758082446750739,"d":false,"h":1,"w":1.75,"color":"mod"},{"row":2,"col":2,"x":3,"y":2.124191755324926,"r":0,"rx":0,"ry":-0.3758082446750739,"d":false,"h":1,"w":1,"color":"alpha"},{"row":7,"col":2,"x":13.75,"y":2.124191755324926,"r":0,"rx":0,"ry":-0.3758082446750739,"d":false,"h":1,"w":1,"color":"alpha"},{"row":7,"col":1,"x":14.75,"y":2.124191755324926,"r":0,"rx":0,"ry":-0.3758082446750739,"d":false,"h":1,"w":1,"color":"alpha"},{"row":7,"col":7,"x":15.75,"y":2.124191755324926,"r":0,"rx":0,"ry":-0.3758082446750739,"d":false,"h":1,"w":2.25,"color":"accent"},{"row":3,"col":1,"x":1,"y":3.124191755324926,"r":0,"rx":0,"ry":-0.3758082446750739,"d":false,"h":1,"w":2.25,"color":"mod"},{"row":3,"col":2,"x":3.25,"y":3.124191755324926,"r":0,"rx":0,"ry":-0.3758082446750739,"d":false,"h":1,"w":1,"color":"alpha"},{"row":8,"col":2,"x":13.5,"y":3.124191755324926,"r":0,"rx":0,"ry":-0.3758082446750739,"d":false,"h":1,"w":1,"color":"alpha"},{"row":8,"col":1,"x":14.5,"y":3.124191755324926,"r":0,"rx":0,"ry":-0.3758082446750739,"d":false,"h":1,"w":1,"color":"alpha"},{"row":4,"col":1,"x":1,"y":4.124191755324926,"r":0,"rx":0,"ry":-0.3758082446750739,"d":false,"h":1,"w":1.5,"color":"mod"},{"row":9,"col":0,"x":16,"y":4.124191755324926,"r":0,"rx":0,"ry":-0.3758082446750739,"d":false,"h":1,"w":1.5,"color":"mod"},{"row":0,"col":3,"x":4.75,"y":0.1241917553249261,"r":12,"rx":4.75,"ry":1.124191755324926,"d":false,"h":1,"w":1,"color":"alpha"},{"row":0,"col":4,"x":5.75,"y":0.1241917553249261,"r":12,"rx":4.75,"ry":1.124191755324926,"d":false,"h":1,"w":1,"color":"alpha"},{"row":0,"col":5,"x":6.75,"y":0.1241917553249261,"r":12,"rx":4.75,"ry":1.124191755324926,"d":false,"h":1,"w":1,"color":"alpha"},{"row":0,"col":6,"x":7.75,"y":0.1241917553249261,"r":12,"rx":4.75,"ry":1.124191755324926,"d":false,"h":1,"w":1,"color":"alpha"},{"row":1,"col":3,"x":4.25,"y":1.124191755324926,"r":12,"rx":4.75,"ry":1.124191755324926,"d":false,"h":1,"w":1,"color":"alpha"},{"row":1,"col":4,"x":5.25,"y":1.124191755324926,"r":12,"rx":4.75,"ry":1.124191755324926,"d":false,"h":1,"w":1,"color":"alpha"},{"row":1,"col":5,"x":6.25,"y":1.124191755324926,"r":12,"rx":4.75,"ry":1.124191755324926,"d":false,"h":1,"w":1,"color":"alpha"},{"row":1,"col":6,"x":7.25,"y":1.124191755324926,"r":12,"rx":4.75,"ry":1.124191755324926,"d":false,"h":1,"w":1,"color":"alpha"},{"row":2,"col":3,"x":4.5,"y":2.124191755324926,"r":12,"rx":4.75,"ry":1.124191755324926,"d":false,"h":1,"w":1,"color":"alpha"},{"row":2,"col":4,"x":5.5,"y":2.124191755324926,"r":12,"rx":4.75,"ry":1.124191755324926,"d":false,"h":1,"w":1,"color":"alpha"},{"row":2,"col":5,"x":6.5,"y":2.124191755324926,"r":12,"rx":4.75,"ry":1.124191755324926,"d":false,"h":1,"w":1,"color":"alpha"},{"row":2,"col":6,"x":7.5,"y":2.124191755324926,"r":12,"rx":4.75,"ry":1.124191755324926,"d":false,"h":1,"w":1,"color":"alpha"},{"row":3,"col":3,"x":5,"y":3.124191755324926,"r":12,"rx":4.75,"ry":1.124191755324926,"d":false,"h":1,"w":1,"color":"alpha"},{"row":3,"col":4,"x":6,"y":3.124191755324926,"r":12,"rx":4.75,"ry":1.124191755324926,"d":false,"h":1,"w":1,"color":"alpha"},{"row":3,"col":5,"x":7,"y":3.124191755324926,"r":12,"rx":4.75,"ry":1.124191755324926,"d":false,"h":1,"w":1,"color":"alpha"},{"row":3,"col":6,"x":8,"y":3.124191755324926,"r":12,"rx":4.75,"ry":1.124191755324926,"d":false,"h":1,"w":1,"color":"alpha"},{"row":4,"col":5,"x":6.25,"y":4.124191755324926,"r":12,"rx":4.75,"ry":1.124191755324926,"d":false,"h":1,"w":2.25,"color":"alpha"},{"row":4,"col":6,"x":8.5,"y":4.124191755324926,"r":12,"rx":4.75,"ry":1.124191755324926,"d":false,"h":1,"w":1,"color":"mod"},{"row":4,"col":3,"x":4.75,"y":4.244191755324926,"r":12,"rx":4.75,"ry":1.124191755324926,"d":false,"h":1,"w":1.5,"color":"mod"},{"row":5,"col":6,"x":9.5,"y":-0.1258082446750739,"r":-12,"rx":14,"ry":0.8741917553249261,"d":false,"h":1,"w":1,"color":"alpha"},{"row":5,"col":5,"x":10.5,"y":-0.1258082446750739,"r":-12,"rx":14,"ry":0.8741917553249261,"d":false,"h":1,"w":1,"color":"alpha"},{"row":5,"col":4,"x":11.5,"y":-0.1258082446750739,"r":-12,"rx":14,"ry":0.8741917553249261,"d":false,"h":1,"w":1,"color":"alpha"},{"row":5,"col":3,"x":12.5,"y":-0.1258082446750739,"r":-12,"rx":14,"ry":0.8741917553249261,"d":false,"h":1,"w":1,"color":"alpha"},{"row":6,"col":6,"x":9,"y":0.8741917553249261,"r":-12,"rx":14,"ry":0.8741917553249261,"d":false,"h":1,"w":1,"color":"alpha"},{"row":6,"col":5,"x":10,"y":0.8741917553249261,"r":-12,"rx":14,"ry":0.8741917553249261,"d":false,"h":1,"w":1,"color":"alpha"},{"row":6,"col":4,"x":11,"y":0.8741917553249261,"r":-12,"rx":14,"ry":0.8741917553249261,"d":false,"h":1,"w":1,"color":"alpha"},{"row":6,"col":3,"x":12,"y":0.8741917553249261,"r":-12,"rx":14,"ry":0.8741917553249261,"d":false,"h":1,"w":1,"color":"alpha"},{"row":7,"col":6,"x":9.25,"y":1.874191755324926,"r":-12,"rx":14,"ry":0.8741917553249261,"d":false,"h":1,"w":1,"color":"alpha"},{"row":7,"col":5,"x":10.25,"y":1.874191755324926,"r":-12,"rx":14,"ry":0.8741917553249261,"d":false,"h":1,"w":1,"color":"alpha"},{"row":7,"col":4,"x":11.25,"y":1.874191755324926,"r":-12,"rx":14,"ry":0.8741917553249261,"d":false,"h":1,"w":1,"color":"alpha"},{"row":7,"col":3,"x":12.25,"y":1.874191755324926,"r":-12,"rx":14,"ry":0.8741917553249261,"d":false,"h":1,"w":1,"color":"alpha"},{"row":8,"col":6,"x":8.75,"y":2.874191755324926,"r":-12,"rx":14,"ry":0.8741917553249261,"d":false,"h":1,"w":1,"color":"alpha"},{"row":8,"col":5,"x":9.75,"y":2.874191755324926,"r":-12,"rx":14,"ry":0.8741917553249261,"d":false,"h":1,"w":1,"color":"alpha"},{"row":8,"col":4,"x":10.75,"y":2.874191755324926,"r":-12,"rx":14,"ry":0.8741917553249261,"d":false,"h":1,"w":1,"color":"alpha"},{"row":8,"col":3,"x":11.75,"y":2.874191755324926,"r":-12,"rx":14,"ry":0.8741917553249261,"d":false,"h":1,"w":1,"color":"alpha"},{"row":9,"col":5,"x":8.75,"y":3.874191755324926,"r":-12,"rx":14,"ry":0.8741917553249261,"d":false,"h":1,"w":2.75,"color":"alpha"},{"row":9,"col":3,"x":11.5,"y":4.004191755324926,"r":-12,"rx":14,"ry":0.8741917553249261,"d":false,"h":1,"w":1.5,"color":"mod"}]},"matrix":{"rows":10,"cols":8},"vendorProductId":1396899841}