{"name":"Evyd13 Wonderland","lighting":"qmk_backlight_rgblight","layouts":{"labels":["Split Backspace",["Bottom Row","2u Left Space","2.25u Left Space"],"Full Right Shift"],"width":18.25,"height":6.141740401732562,"optionKeys":{"0":{"0":[{"row":0,"col":14,"x":15.5,"y":0.1241917553249261,"r":0,"rx":0,"ry":-0.3758082446750739,"d":false,"h":1,"w":2,"color":"mod"}],"1":[{"row":0,"col":13,"x":15.5,"y":0.1241917553249261,"r":0,"rx":0,"ry":-0.3758082446750739,"d":false,"h":1,"w":1,"color":"mod"},{"row":0,"col":14,"x":16.5,"y":0.1241917553249261,"r":0,"rx":0,"ry":-0.3758082446750739,"d":false,"h":1,"w":1,"color":"mod"}]},"1":{"0":[{"row":4,"col":5,"x":6.25,"y":4.244191755324926,"r":12,"rx":4.75,"ry":1.124191755324926,"d":false,"h":1,"w":2,"color":"alpha"},{"row":4,"col":6,"x":8.25,"y":4.244191755324926,"r":12,"rx":4.75,"ry":1.124191755324926,"d":false,"h":1,"w":1.25,"color":"mod"}],"1":[{"row":4,"col":5,"x":6.25,"y":4.244191755324926,"r":12,"rx":4.75,"ry":1.124191755324926,"d":false,"h":1,"w":2.25,"color":"alpha"},{"row":4,"col":6,"x":8.5,"y":4.244191755324926,"r":12,"rx":4.75,"ry":1.124191755324926,"d":false,"h":1,"w":1,"color":"alpha"}]},"2":{"0":[{"row":3,"col":13,"x":15.5,"y":3.124191755324926,"r":0,"rx":0,"ry":-0.3758082446750739,"d":false,"h":1,"w":1.75,"color":"mod"},{"row":3,"col":14,"x":17.25,"y":3.124191755324926,"r":0,"rx":0,"ry":-0.3758082446750739,"d":false,"h":1,"w":1,"color":"mod"}],"1":[{"row":3,"col":13,"x":15.5,"y":3.124191755324926,"r":0,"rx":0,"ry":-0.3758082446750739,"d":false,"h":1,"w":2.75,"color":"alpha"}]}},"keys":[{"row":1,"col":0,"x":0.5,"y":0.004191755324926105,"r":0,"rx":0,"ry":-0.3758082446750739,"d":false,"h":1,"w":1,"color":"accent"},{"row":0,"col":2,"x":3.75,"y":0.004191755324926105,"r":0,"rx":0,"ry":-0.3758082446750739,"d":false,"h":1,"w":1,"color":"alpha"},{"row":0,"col":11,"x":13.5,"y":0.004191755324926105,"r":0,"rx":0,"ry":-0.3758082446750739,"d":false,"h":1,"w":1,"color":"alpha"},{"row":0,"col":0,"x":1.75,"y":0.1241917553249261,"r":0,"rx":0,"ry":-0.3758082446750739,"d":false,"h":1,"w":1,"color":"mod"},{"row":0,"col":1,"x":2.75,"y":0.1241917553249261,"r":0,"rx":0,"ry":-0.3758082446750739,"d":false,"h":1,"w":1,"color":"alpha"},{"row":0,"col":12,"x":14.5,"y":0.1241917553249261,"r":0,"rx":0,"ry":-0.3758082446750739,"d":false,"h":1,"w":1,"color":"alpha"},{"row":2,"col":0,"x":0.25,"y":1.004191755324926,"r":0,"rx":0,"ry":-0.3758082446750739,"d":false,"h":1,"w":1,"color":"accent"},{"row":1,"col":11,"x":13.25,"y":1.004191755324926,"r":0,"rx":0,"ry":-0.3758082446750739,"d":false,"h":1,"w":1,"color":"alpha"},{"row":1,"col":1,"x":1.5,"y":1.124191755324926,"r":0,"rx":0,"ry":-0.3758082446750739,"d":false,"h":1,"w":1.5,"color":"mod"},{"row":1,"col":2,"x":3,"y":1.124191755324926,"r":0,"rx":0,"ry":-0.3758082446750739,"d":false,"h":1,"w":1,"color":"alpha"},{"row":1,"col":12,"x":14.25,"y":1.124191755324926,"r":0,"rx":0,"ry":-0.3758082446750739,"d":false,"h":1,"w":1,"color":"alpha"},{"row":1,"col":13,"x":15.25,"y":1.124191755324926,"r":0,"rx":0,"ry":-0.3758082446750739,"d":false,"h":1,"w":1,"color":"alpha"},{"row":1,"col":14,"x":16.25,"y":1.124191755324926,"r":0,"rx":0,"ry":-0.3758082446750739,"d":false,"h":1,"w":1.5,"color":"alpha"},{"row":3,"col":0,"x":0,"y":2.0041917553249258,"r":0,"rx":0,"ry":-0.3758082446750739,"d":false,"h":1,"w":1,"color":"accent"},{"row":2,"col":1,"x":1.25,"y":2.124191755324926,"r":0,"rx":0,"ry":-0.3758082446750739,"d":false,"h":1,"w":1.75,"color":"mod"},{"row":2,"col":2,"x":3,"y":2.124191755324926,"r":0,"rx":0,"ry":-0.3758082446750739,"d":false,"h":1,"w":1,"color":"alpha"},{"row":2,"col":11,"x":13.75,"y":2.124191755324926,"r":0,"rx":0,"ry":-0.3758082446750739,"d":false,"h":1,"w":1,"color":"alpha"},{"row":2,"col":12,"x":14.75,"y":2.124191755324926,"r":0,"rx":0,"ry":-0.3758082446750739,"d":false,"h":1,"w":1,"color":"alpha"},{"row":2,"col":14,"x":15.75,"y":2.124191755324926,"r":0,"rx":0,"ry":-0.3758082446750739,"d":false,"h":1,"w":2.25,"color":"accent"},{"row":3,"col":1,"x":1,"y":3.124191755324926,"r":0,"rx":0,"ry":-0.3758082446750739,"d":false,"h":1,"w":2.25,"color":"mod"},{"row":3,"col":2,"x":3.25,"y":3.124191755324926,"r":0,"rx":0,"ry":-0.3758082446750739,"d":false,"h":1,"w":1,"color":"alpha"},{"row":3,"col":11,"x":13.5,"y":3.124191755324926,"r":0,"rx":0,"ry":-0.3758082446750739,"d":false,"h":1,"w":1,"color":"alpha"},{"row":3,"col":12,"x":14.5,"y":3.124191755324926,"r":0,"rx":0,"ry":-0.3758082446750739,"d":false,"h":1,"w":1,"color":"alpha"},{"row":4,"col":1,"x":1,"y":4.124191755324926,"r":0,"rx":0,"ry":-0.3758082446750739,"d":false,"h":1,"w":1.5,"color":"mod"},{"row":4,"col":14,"x":16,"y":4.124191755324926,"r":0,"rx":0,"ry":-0.3758082446750739,"d":false,"h":1,"w":1.5,"color":"mod"},{"row":0,"col":3,"x":4.75,"y":0.1241917553249261,"r":12,"rx":4.75,"ry":1.124191755324926,"d":false,"h":1,"w":1,"color":"alpha"},{"row":0,"col":4,"x":5.75,"y":0.1241917553249261,"r":12,"rx":4.75,"ry":1.124191755324926,"d":false,"h":1,"w":1,"color":"alpha"},{"row":0,"col":5,"x":6.75,"y":0.1241917553249261,"r":12,"rx":4.75,"ry":1.124191755324926,"d":false,"h":1,"w":1,"color":"alpha"},{"row":0,"col":6,"x":7.75,"y":0.1241917553249261,"r":12,"rx":4.75,"ry":1.124191755324926,"d":false,"h":1,"w":1,"color":"alpha"},{"row":1,"col":3,"x":4.25,"y":1.124191755324926,"r":12,"rx":4.75,"ry":1.124191755324926,"d":false,"h":1,"w":1,"color":"alpha"},{"row":1,"col":4,"x":5.25,"y":1.124191755324926,"r":12,"rx":4.75,"ry":1.124191755324926,"d":false,"h":1,"w":1,"color":"alpha"},{"row":1,"col":5,"x":6.25,"y":1.124191755324926,"r":12,"rx":4.75,"ry":1.124191755324926,"d":false,"h":1,"w":1,"color":"alpha"},{"row":1,"col":6,"x":7.25,"y":1.124191755324926,"r":12,"rx":4.75,"ry":1.124191755324926,"d":false,"h":1,"w":1,"color":"alpha"},{"row":2,"col":3,"x":4.5,"y":2.124191755324926,"r":12,"rx":4.75,"ry":1.124191755324926,"d":false,"h":1,"w":1,"color":"alpha"},{"row":2,"col":4,"x":5.5,"y":2.124191755324926,"r":12,"rx":4.75,"ry":1.124191755324926,"d":false,"h":1,"w":1,"color":"alpha"},{"row":2,"col":5,"x":6.5,"y":2.124191755324926,"r":12,"rx":4.75,"ry":1.124191755324926,"d":false,"h":1,"w":1,"color":"alpha"},{"row":2,"col":6,"x":7.5,"y":2.124191755324926,"r":12,"rx":4.75,"ry":1.124191755324926,"d":false,"h":1,"w":1,"color":"alpha"},{"row":3,"col":3,"x":5,"y":3.124191755324926,"r":12,"rx":4.75,"ry":1.124191755324926,"d":false,"h":1,"w":1,"color":"alpha"},{"row":3,"col":4,"x":6,"y":3.124191755324926,"r":12,"rx":4.75,"ry":1.124191755324926,"d":false,"h":1,"w":1,"color":"alpha"},{"row":3,"col":5,"x":7,"y":3.124191755324926,"r":12,"rx":4.75,"ry":1.124191755324926,"d":false,"h":1,"w":1,"color":"alpha"},{"row":3,"col":6,"x":8,"y":3.124191755324926,"r":12,"rx":4.75,"ry":1.124191755324926,"d":false,"h":1,"w":1,"color":"alpha"},{"row":4,"col":3,"x":4.75,"y":4.244191755324926,"r":12,"rx":4.75,"ry":1.124191755324926,"d":false,"h":1,"w":1.5,"color":"mod"},{"row":0,"col":7,"x":9.5,"y":-0.1258082446750739,"r":-12,"rx":14,"ry":0.8741917553249261,"d":false,"h":1,"w":1,"color":"alpha"},{"row":0,"col":8,"x":10.5,"y":-0.1258082446750739,"r":-12,"rx":14,"ry":0.8741917553249261,"d":false,"h":1,"w":1,"color":"alpha"},{"row":0,"col":9,"x":11.5,"y":-0.1258082446750739,"r":-12,"rx":14,"ry":0.8741917553249261,"d":false,"h":1,"w":1,"color":"alpha"},{"row":0,"col":10,"x":12.5,"y":-0.1258082446750739,"r":-12,"rx":14,"ry":0.8741917553249261,"d":false,"h":1,"w":1,"color":"alpha"},{"row":1,"col":7,"x":9,"y":0.8741917553249261,"r":-12,"rx":14,"ry":0.8741917553249261,"d":false,"h":1,"w":1,"color":"alpha"},{"row":1,"col":8,"x":10,"y":0.8741917553249261,"r":-12,"rx":14,"ry":0.8741917553249261,"d":false,"h":1,"w":1,"color":"alpha"},{"row":1,"col":9,"x":11,"y":0.8741917553249261,"r":-12,"rx":14,"ry":0.8741917553249261,"d":false,"h":1,"w":1,"color":"alpha"},{"row":1,"col":10,"x":12,"y":0.8741917553249261,"r":-12,"rx":14,"ry":0.8741917553249261,"d":false,"h":1,"w":1,"color":"alpha"},{"row":2,"col":7,"x":9.25,"y":1.874191755324926,"r":-12,"rx":14,"ry":0.8741917553249261,"d":false,"h":1,"w":1,"color":"alpha"},{"row":2,"col":8,"x":10.25,"y":1.874191755324926,"r":-12,"rx":14,"ry":0.8741917553249261,"d":false,"h":1,"w":1,"color":"alpha"},{"row":2,"col":9,"x":11.25,"y":1.874191755324926,"r":-12,"rx":14,"ry":0.8741917553249261,"d":false,"h":1,"w":1,"color":"alpha"},{"row":2,"col":10,"x":12.25,"y":1.874191755324926,"r":-12,"rx":14,"ry":0.8741917553249261,"d":false,"h":1,"w":1,"color":"alpha"},{"row":3,"col":7,"x":8.75,"y":2.874191755324926,"r":-12,"rx":14,"ry":0.8741917553249261,"d":false,"h":1,"w":1,"color":"alpha"},{"row":3,"col":8,"x":9.75,"y":2.874191755324926,"r":-12,"rx":14,"ry":0.8741917553249261,"d":false,"h":1,"w":1,"color":"alpha"},{"row":3,"col":9,"x":10.75,"y":2.874191755324926,"r":-12,"rx":14,"ry":0.8741917553249261,"d":false,"h":1,"w":1,"color":"alpha"},{"row":3,"col":10,"x":11.75,"y":2.874191755324926,"r":-12,"rx":14,"ry":0.8741917553249261,"d":false,"h":1,"w":1,"color":"alpha"},{"row":4,"col":8,"x":8.75,"y":4.004191755324926,"r":-12,"rx":14,"ry":0.8741917553249261,"d":false,"h":1,"w":2.75,"color":"alpha"},{"row":4,"col":10,"x":11.5,"y":4.004191755324926,"r":-12,"rx":14,"ry":0.8741917553249261,"d":false,"h":1,"w":1.5,"color":"mod"}]},"matrix":{"rows":5,"cols":15},"vendorProductId":1191552796}