{"name":"LFK78","lighting":"qmk_backlight","layouts":{"width":20,"height":5,"optionKeys":{},"keys":[{"row":0,"col":0,"x":0,"y":0,"r":0,"rx":0,"ry":-1,"d":false,"h":1,"w":1,"color":"alpha"},{"row":0,"col":1,"x":1,"y":0,"r":0,"rx":0,"ry":-1,"d":false,"h":1,"w":1,"color":"alpha"},{"row":0,"col":2,"x":2.5,"y":0,"r":0,"rx":0,"ry":-1,"d":false,"h":1,"w":1,"color":"alpha"},{"row":0,"col":3,"x":3.5,"y":0,"r":0,"rx":0,"ry":-1,"d":false,"h":1,"w":1,"color":"alpha"},{"row":0,"col":4,"x":4.5,"y":0,"r":0,"rx":0,"ry":-1,"d":false,"h":1,"w":1,"color":"alpha"},{"row":0,"col":5,"x":5.5,"y":0,"r":0,"rx":0,"ry":-1,"d":false,"h":1,"w":1,"color":"alpha"},{"row":0,"col":6,"x":6.5,"y":0,"r":0,"rx":0,"ry":-1,"d":false,"h":1,"w":1,"color":"alpha"},{"row":0,"col":7,"x":7.5,"y":0,"r":0,"rx":0,"ry":-1,"d":false,"h":1,"w":1,"color":"alpha"},{"row":0,"col":8,"x":8.5,"y":0,"r":0,"rx":0,"ry":-1,"d":false,"h":1,"w":1,"color":"alpha"},{"row":0,"col":9,"x":9.5,"y":0,"r":0,"rx":0,"ry":-1,"d":false,"h":1,"w":1,"color":"alpha"},{"row":0,"col":10,"x":10.5,"y":0,"r":0,"rx":0,"ry":-1,"d":false,"h":1,"w":1,"color":"alpha"},{"row":0,"col":11,"x":11.5,"y":0,"r":0,"rx":0,"ry":-1,"d":false,"h":1,"w":1,"color":"alpha"},{"row":0,"col":12,"x":12.5,"y":0,"r":0,"rx":0,"ry":-1,"d":false,"h":1,"w":1,"color":"alpha"},{"row":0,"col":13,"x":13.5,"y":0,"r":0,"rx":0,"ry":-1,"d":false,"h":1,"w":1,"color":"alpha"},{"row":0,"col":14,"x":14.5,"y":0,"r":0,"rx":0,"ry":-1,"d":false,"h":1,"w":1,"color":"alpha"},{"row":0,"col":15,"x":15.5,"y":0,"r":0,"rx":0,"ry":-1,"d":false,"h":1,"w":2,"color":"alpha"},{"row":0,"col":16,"x":18,"y":0,"r":0,"rx":0,"ry":-1,"d":false,"h":1,"w":1,"color":"alpha"},{"row":0,"col":17,"x":19,"y":0,"r":0,"rx":0,"ry":-1,"d":false,"h":1,"w":1,"color":"alpha"},{"row":1,"col":0,"x":0,"y":1,"r":0,"rx":0,"ry":-1,"d":false,"h":1,"w":1,"color":"alpha"},{"row":1,"col":1,"x":1,"y":1,"r":0,"rx":0,"ry":-1,"d":false,"h":1,"w":1,"color":"alpha"},{"row":1,"col":2,"x":2.5,"y":1,"r":0,"rx":0,"ry":-1,"d":false,"h":1,"w":1.5,"color":"alpha"},{"row":1,"col":3,"x":4,"y":1,"r":0,"rx":0,"ry":-1,"d":false,"h":1,"w":1,"color":"alpha"},{"row":1,"col":4,"x":5,"y":1,"r":0,"rx":0,"ry":-1,"d":false,"h":1,"w":1,"color":"alpha"},{"row":1,"col":5,"x":6,"y":1,"r":0,"rx":0,"ry":-1,"d":false,"h":1,"w":1,"color":"alpha"},{"row":1,"col":6,"x":7,"y":1,"r":0,"rx":0,"ry":-1,"d":false,"h":1,"w":1,"color":"alpha"},{"row":1,"col":7,"x":8,"y":1,"r":0,"rx":0,"ry":-1,"d":false,"h":1,"w":1,"color":"alpha"},{"row":1,"col":8,"x":9,"y":1,"r":0,"rx":0,"ry":-1,"d":false,"h":1,"w":1,"color":"alpha"},{"row":1,"col":9,"x":10,"y":1,"r":0,"rx":0,"ry":-1,"d":false,"h":1,"w":1,"color":"alpha"},{"row":1,"col":10,"x":11,"y":1,"r":0,"rx":0,"ry":-1,"d":false,"h":1,"w":1,"color":"alpha"},{"row":1,"col":11,"x":12,"y":1,"r":0,"rx":0,"ry":-1,"d":false,"h":1,"w":1,"color":"alpha"},{"row":1,"col":12,"x":13,"y":1,"r":0,"rx":0,"ry":-1,"d":false,"h":1,"w":1,"color":"alpha"},{"row":1,"col":13,"x":14,"y":1,"r":0,"rx":0,"ry":-1,"d":false,"h":1,"w":1,"color":"alpha"},{"row":1,"col":14,"x":15,"y":1,"r":0,"rx":0,"ry":-1,"d":false,"h":1,"w":1,"color":"alpha"},{"row":1,"col":15,"x":16,"y":1,"r":0,"rx":0,"ry":-1,"d":false,"h":1,"w":1.5,"color":"alpha"},{"row":1,"col":16,"x":18,"y":1,"r":0,"rx":0,"ry":-1,"d":false,"h":1,"w":1,"color":"alpha"},{"row":1,"col":17,"x":19,"y":1,"r":0,"rx":0,"ry":-1,"d":false,"h":1,"w":1,"color":"alpha"},{"row":2,"col":0,"x":0,"y":2,"r":0,"rx":0,"ry":-1,"d":false,"h":1,"w":1,"color":"alpha"},{"row":2,"col":1,"x":1,"y":2,"r":0,"rx":0,"ry":-1,"d":false,"h":1,"w":1,"color":"alpha"},{"row":2,"col":2,"x":2.5,"y":2,"r":0,"rx":0,"ry":-1,"d":false,"h":1,"w":1.75,"color":"alpha"},{"row":2,"col":3,"x":4.25,"y":2,"r":0,"rx":0,"ry":-1,"d":false,"h":1,"w":1,"color":"alpha"},{"row":2,"col":4,"x":5.25,"y":2,"r":0,"rx":0,"ry":-1,"d":false,"h":1,"w":1,"color":"alpha"},{"row":2,"col":5,"x":6.25,"y":2,"r":0,"rx":0,"ry":-1,"d":false,"h":1,"w":1,"color":"alpha"},{"row":2,"col":6,"x":7.25,"y":2,"r":0,"rx":0,"ry":-1,"d":false,"h":1,"w":1,"color":"alpha"},{"row":2,"col":7,"x":8.25,"y":2,"r":0,"rx":0,"ry":-1,"d":false,"h":1,"w":1,"color":"alpha"},{"row":2,"col":8,"x":9.25,"y":2,"r":0,"rx":0,"ry":-1,"d":false,"h":1,"w":1,"color":"alpha"},{"row":2,"col":9,"x":10.25,"y":2,"r":0,"rx":0,"ry":-1,"d":false,"h":1,"w":1,"color":"alpha"},{"row":2,"col":10,"x":11.25,"y":2,"r":0,"rx":0,"ry":-1,"d":false,"h":1,"w":1,"color":"alpha"},{"row":2,"col":11,"x":12.25,"y":2,"r":0,"rx":0,"ry":-1,"d":false,"h":1,"w":1,"color":"alpha"},{"row":2,"col":12,"x":13.25,"y":2,"r":0,"rx":0,"ry":-1,"d":false,"h":1,"w":1,"color":"alpha"},{"row":2,"col":13,"x":14.25,"y":2,"r":0,"rx":0,"ry":-1,"d":false,"h":1,"w":1,"color":"alpha"},{"row":2,"col":14,"x":15.25,"y":2,"r":0,"rx":0,"ry":-1,"d":false,"h":1,"w":2.25,"color":"alpha"},{"row":3,"col":0,"x":0,"y":3,"r":0,"rx":0,"ry":-1,"d":false,"h":1,"w":1,"color":"alpha"},{"row":3,"col":1,"x":1,"y":3,"r":0,"rx":0,"ry":-1,"d":false,"h":1,"w":1,"color":"alpha"},{"row":3,"col":2,"x":2.5,"y":3,"r":0,"rx":0,"ry":-1,"d":false,"h":1,"w":2.25,"color":"alpha"},{"row":3,"col":4,"x":4.75,"y":3,"r":0,"rx":0,"ry":-1,"d":false,"h":1,"w":1,"color":"alpha"},{"row":3,"col":5,"x":5.75,"y":3,"r":0,"rx":0,"ry":-1,"d":false,"h":1,"w":1,"color":"alpha"},{"row":3,"col":6,"x":6.75,"y":3,"r":0,"rx":0,"ry":-1,"d":false,"h":1,"w":1,"color":"alpha"},{"row":3,"col":7,"x":7.75,"y":3,"r":0,"rx":0,"ry":-1,"d":false,"h":1,"w":1,"color":"alpha"},{"row":3,"col":8,"x":8.75,"y":3,"r":0,"rx":0,"ry":-1,"d":false,"h":1,"w":1,"color":"alpha"},{"row":3,"col":9,"x":9.75,"y":3,"r":0,"rx":0,"ry":-1,"d":false,"h":1,"w":1,"color":"alpha"},{"row":3,"col":10,"x":10.75,"y":3,"r":0,"rx":0,"ry":-1,"d":false,"h":1,"w":1,"color":"alpha"},{"row":3,"col":11,"x":11.75,"y":3,"r":0,"rx":0,"ry":-1,"d":false,"h":1,"w":1,"color":"alpha"},{"row":3,"col":12,"x":12.75,"y":3,"r":0,"rx":0,"ry":-1,"d":false,"h":1,"w":1,"color":"alpha"},{"row":3,"col":13,"x":13.75,"y":3,"r":0,"rx":0,"ry":-1,"d":false,"h":1,"w":1,"color":"alpha"},{"row":3,"col":14,"x":14.75,"y":3,"r":0,"rx":0,"ry":-1,"d":false,"h":1,"w":2.75,"color":"alpha"},{"row":3,"col":16,"x":18,"y":3,"r":0,"rx":0,"ry":-1,"d":false,"h":1,"w":1,"color":"alpha"},{"row":4,"col":0,"x":0,"y":4,"r":0,"rx":0,"ry":-1,"d":false,"h":1,"w":1,"color":"alpha"},{"row":4,"col":1,"x":1,"y":4,"r":0,"rx":0,"ry":-1,"d":false,"h":1,"w":1,"color":"alpha"},{"row":4,"col":2,"x":2.5,"y":4,"r":0,"rx":0,"ry":-1,"d":false,"h":1,"w":1.25,"color":"alpha"},{"row":4,"col":3,"x":3.75,"y":4,"r":0,"rx":0,"ry":-1,"d":false,"h":1,"w":1.25,"color":"alpha"},{"row":4,"col":4,"x":5,"y":4,"r":0,"rx":0,"ry":-1,"d":false,"h":1,"w":1.25,"color":"alpha"},{"row":4,"col":8,"x":6.25,"y":4,"r":0,"rx":0,"ry":-1,"d":false,"h":1,"w":6.25,"color":"alpha"},{"row":4,"col":12,"x":12.5,"y":4,"r":0,"rx":0,"ry":-1,"d":false,"h":1,"w":1.25,"color":"alpha"},{"row":4,"col":13,"x":13.75,"y":4,"r":0,"rx":0,"ry":-1,"d":false,"h":1,"w":1.25,"color":"alpha"},{"row":4,"col":14,"x":15,"y":4,"r":0,"rx":0,"ry":-1,"d":false,"h":1,"w":1.25,"color":"alpha"},{"row":4,"col":15,"x":17,"y":4,"r":0,"rx":0,"ry":-1,"d":false,"h":1,"w":1,"color":"alpha"},{"row":4,"col":16,"x":18,"y":4,"r":0,"rx":0,"ry":-1,"d":false,"h":1,"w":1,"color":"alpha"},{"row":4,"col":17,"x":19,"y":4,"r":0,"rx":0,"ry":-1,"d":false,"h":1,"w":1,"color":"alpha"}]},"matrix":{"rows":5,"cols":18},"vendorProductId":1279670072}