{"name":"RAMA WORKS M6-A","lighting":"none","layouts":{"width":3,"height":2,"optionKeys":{},"keys":[{"row":0,"col":0,"x":0,"y":0,"r":0,"rx":0,"ry":0,"d":false,"h":1,"w":1,"color":"alpha"},{"row":0,"col":1,"x":1,"y":0,"r":0,"rx":0,"ry":0,"d":false,"h":1,"w":1,"color":"alpha"},{"row":0,"col":2,"x":2,"y":0,"r":0,"rx":0,"ry":0,"d":false,"h":1,"w":1,"color":"alpha"},{"row":0,"col":3,"x":0,"y":1,"r":0,"rx":0,"ry":0,"d":false,"h":1,"w":1,"color":"alpha"},{"row":0,"col":4,"x":1,"y":1,"r":0,"rx":0,"ry":0,"d":false,"h":1,"w":1,"color":"alpha"},{"row":0,"col":5,"x":2,"y":1,"r":0,"rx":0,"ry":0,"d":false,"h":1,"w":1,"color":"alpha"}]},"matrix":{"rows":1,"cols":6},"vendorProductId":1379991658}