{"name":"alix40 Rev.1","lighting":"none","layouts":{"labels":["Split Bottom Row Left","Split Bottom Row Right"],"width":14.35,"height":4.851180666250989,"optionKeys":{"0":{"0":[{"row":3,"col":5,"x":4.75,"y":3.2,"r":10,"rx":3,"ry":4.2,"d":false,"h":1,"w":2,"color":"mod"}],"1":[{"row":3,"col":4,"x":4.75,"y":3.2,"r":10,"rx":3,"ry":4.2,"d":false,"h":1,"w":1,"color":"mod"},{"row":3,"col":5,"x":5.75,"y":3.2,"r":10,"rx":3,"ry":4.2,"d":false,"h":1,"w":1,"color":"mod"}]},"1":{"0":[{"row":3,"col":6,"x":7.75,"y":2.95,"r":-10,"rx":12.5,"ry":4.2,"d":false,"h":1,"w":2,"color":"mod"}],"1":[{"row":3,"col":6,"x":7.75,"y":2.95,"r":-10,"rx":12.5,"ry":4.2,"d":false,"h":1,"w":1,"color":"mod"},{"row":3,"col":7,"x":8.75,"y":2.95,"r":-10,"rx":12.5,"ry":4.2,"d":false,"h":1,"w":1,"color":"mod"}]}},"keys":[{"row":0,"col":0,"x":0,"y":0,"r":0,"rx":0,"ry":-0.05,"d":false,"h":1,"w":1,"color":"alpha"},{"row":0,"col":1,"x":1,"y":0,"r":0,"rx":0,"ry":-0.05,"d":false,"h":1,"w":1,"color":"alpha"},{"row":0,"col":10,"x":12,"y":0,"r":0,"rx":0,"ry":-0.05,"d":false,"h":1,"w":1,"color":"alpha"},{"row":0,"col":11,"x":13,"y":0,"r":0,"rx":0,"ry":-0.05,"d":false,"h":1,"w":1,"color":"alpha"},{"row":1,"col":0,"x":0.15,"y":1,"r":0,"rx":0,"ry":-0.05,"d":false,"h":1,"w":1,"color":"alpha"},{"row":1,"col":1,"x":1.15,"y":1,"r":0,"rx":0,"ry":-0.05,"d":false,"h":1,"w":1,"color":"alpha"},{"row":1,"col":10,"x":12.35,"y":1,"r":0,"rx":0,"ry":-0.05,"d":false,"h":1,"w":1,"color":"alpha"},{"row":1,"col":11,"x":13.35,"y":1,"r":0,"rx":0,"ry":-0.05,"d":false,"h":1,"w":1,"color":"alpha"},{"row":2,"col":0,"x":0.5,"y":1.9999999999999998,"r":0,"rx":0,"ry":-0.05,"d":false,"h":1,"w":1,"color":"mod"},{"row":2,"col":1,"x":1.5,"y":1.9999999999999998,"r":0,"rx":0,"ry":-0.05,"d":false,"h":1,"w":1,"color":"alpha"},{"row":2,"col":10,"x":12,"y":1.9999999999999998,"r":0,"rx":0,"ry":-0.05,"d":false,"h":1,"w":1,"color":"alpha"},{"row":2,"col":11,"x":13,"y":1.9999999999999998,"r":0,"rx":0,"ry":-0.05,"d":false,"h":1,"w":1,"color":"alpha"},{"row":3,"col":0,"x":0.25,"y":3,"r":0,"rx":0,"ry":-0.05,"d":false,"h":1,"w":1,"color":"mod"},{"row":3,"col":1,"x":1.25,"y":3,"r":0,"rx":0,"ry":-0.05,"d":false,"h":1,"w":1,"color":"mod"},{"row":3,"col":10,"x":12.25,"y":3,"r":0,"rx":0,"ry":-0.05,"d":false,"h":1,"w":1,"color":"alpha"},{"row":3,"col":11,"x":13.25,"y":3,"r":0,"rx":0,"ry":-0.05,"d":false,"h":1,"w":1,"color":"alpha"},{"row":0,"col":2,"x":2,"y":0.2,"r":10,"rx":3,"ry":4.2,"d":false,"h":1,"w":1,"color":"alpha"},{"row":0,"col":3,"x":3,"y":0.2,"r":10,"rx":3,"ry":4.2,"d":false,"h":1,"w":1,"color":"alpha"},{"row":0,"col":4,"x":4,"y":0.2,"r":10,"rx":3,"ry":4.2,"d":false,"h":1,"w":1,"color":"alpha"},{"row":0,"col":5,"x":5,"y":0.2,"r":10,"rx":3,"ry":4.2,"d":false,"h":1,"w":1,"color":"alpha"},{"row":1,"col":2,"x":2.25,"y":1.2,"r":10,"rx":3,"ry":4.2,"d":false,"h":1,"w":1,"color":"alpha"},{"row":1,"col":3,"x":3.25,"y":1.2,"r":10,"rx":3,"ry":4.2,"d":false,"h":1,"w":1,"color":"alpha"},{"row":1,"col":4,"x":4.25,"y":1.2,"r":10,"rx":3,"ry":4.2,"d":false,"h":1,"w":1,"color":"alpha"},{"row":1,"col":5,"x":5.25,"y":1.2,"r":10,"rx":3,"ry":4.2,"d":false,"h":1,"w":1,"color":"alpha"},{"row":2,"col":2,"x":2.75,"y":2.2,"r":10,"rx":3,"ry":4.2,"d":false,"h":1,"w":1,"color":"alpha"},{"row":2,"col":3,"x":3.75,"y":2.2,"r":10,"rx":3,"ry":4.2,"d":false,"h":1,"w":1,"color":"alpha"},{"row":2,"col":4,"x":4.75,"y":2.2,"r":10,"rx":3,"ry":4.2,"d":false,"h":1,"w":1,"color":"alpha"},{"row":2,"col":5,"x":5.75,"y":2.2,"r":10,"rx":3,"ry":4.2,"d":false,"h":1,"w":1,"color":"alpha"},{"row":3,"col":3,"x":3.75,"y":3.2,"r":10,"rx":3,"ry":4.2,"d":false,"h":1,"w":1,"color":"mod"},{"row":0,"col":6,"x":8,"y":-0.05,"r":-10,"rx":12.5,"ry":4.2,"d":false,"h":1,"w":1,"color":"alpha"},{"row":0,"col":7,"x":9,"y":-0.05,"r":-10,"rx":12.5,"ry":4.2,"d":false,"h":1,"w":1,"color":"alpha"},{"row":0,"col":8,"x":10,"y":-0.05,"r":-10,"rx":12.5,"ry":4.2,"d":false,"h":1,"w":1,"color":"alpha"},{"row":0,"col":9,"x":11,"y":-0.05,"r":-10,"rx":12.5,"ry":4.2,"d":false,"h":1,"w":1,"color":"alpha"},{"row":1,"col":6,"x":8.25,"y":0.95,"r":-10,"rx":12.5,"ry":4.2,"d":false,"h":1,"w":1,"color":"alpha"},{"row":1,"col":7,"x":9.25,"y":0.95,"r":-10,"rx":12.5,"ry":4.2,"d":false,"h":1,"w":1,"color":"alpha"},{"row":1,"col":8,"x":10.25,"y":0.95,"r":-10,"rx":12.5,"ry":4.2,"d":false,"h":1,"w":1,"color":"alpha"},{"row":1,"col":9,"x":11.25,"y":0.95,"r":-10,"rx":12.5,"ry":4.2,"d":false,"h":1,"w":1,"color":"alpha"},{"row":2,"col":6,"x":7.75,"y":1.95,"r":-10,"rx":12.5,"ry":4.2,"d":false,"h":1,"w":1,"color":"alpha"},{"row":2,"col":7,"x":8.75,"y":1.95,"r":-10,"rx":12.5,"ry":4.2,"d":false,"h":1,"w":1,"color":"alpha"},{"row":2,"col":8,"x":9.75,"y":1.95,"r":-10,"rx":12.5,"ry":4.2,"d":false,"h":1,"w":1,"color":"alpha"},{"row":2,"col":9,"x":10.75,"y":1.95,"r":-10,"rx":12.5,"ry":4.2,"d":false,"h":1,"w":1,"color":"alpha"},{"row":3,"col":8,"x":9.75,"y":2.95,"r":-10,"rx":12.5,"ry":4.2,"d":false,"h":1,"w":1,"color":"mod"}]},"matrix":{"rows":4,"cols":12},"vendorProductId":1363362100}