{"name":"AEKISO60 Rev B","lighting":"qmk_rgblight","layouts":{"labels":["Split Right Shift",["Bottom Row","AEK","Tsangan","WKL","ANSI sym split","ISO sym split","ANSI Split","ISO/ANSI combo split"]],"width":15,"height":5,"optionKeys":{"0":{"0":[{"row":3,"col":12,"x":12.5,"y":3,"r":0,"rx":0,"ry":0,"d":false,"h":1,"w":2.5,"color":"mod"}],"1":[{"row":3,"col":12,"x":12.5,"y":3,"r":0,"rx":0,"ry":0,"d":false,"h":1,"w":1.5,"color":"mod"},{"row":3,"col":13,"x":14,"y":3,"r":0,"rx":0,"ry":0,"d":false,"h":1,"w":1,"color":"mod"}]},"1":{"0":[{"row":4,"col":0,"x":0,"y":4,"r":0,"rx":0,"ry":0,"d":false,"h":1,"w":1.5,"color":"mod"},{"row":4,"col":1,"x":1.5,"y":4,"r":0,"rx":0,"ry":0,"d":false,"h":1,"w":1.25,"color":"mod"},{"row":4,"col":3,"x":2.75,"y":4,"r":0,"rx":0,"ry":0,"d":false,"h":1,"w":1.5,"color":"mod"},{"row":4,"col":5,"x":4.25,"y":4,"r":0,"rx":0,"ry":0,"d":false,"h":1,"w":6.5,"color":"alpha"},{"row":4,"col":8,"x":10.75,"y":4,"r":0,"rx":0,"ry":0,"d":false,"h":1,"w":1.5,"color":"mod"},{"row":4,"col":10,"x":12.25,"y":4,"r":0,"rx":0,"ry":0,"d":false,"h":1,"w":1.25,"color":"mod"},{"row":4,"col":11,"x":13.5,"y":4,"r":0,"rx":0,"ry":0,"d":false,"h":1,"w":1.5,"color":"mod"}],"1":[{"row":4,"col":0,"x":0,"y":4,"r":0,"rx":0,"ry":0,"d":false,"h":1,"w":1.5,"color":"mod"},{"row":4,"col":1,"x":1.5,"y":4,"r":0,"rx":0,"ry":0,"d":false,"h":1,"w":1,"color":"mod"},{"row":4,"col":3,"x":2.5,"y":4,"r":0,"rx":0,"ry":0,"d":false,"h":1,"w":1.5,"color":"mod"},{"row":4,"col":5,"x":4,"y":4,"r":0,"rx":0,"ry":0,"d":false,"h":1,"w":7,"color":"alpha"},{"row":4,"col":8,"x":11,"y":4,"r":0,"rx":0,"ry":0,"d":false,"h":1,"w":1.5,"color":"mod"},{"row":4,"col":10,"x":12.5,"y":4,"r":0,"rx":0,"ry":0,"d":false,"h":1,"w":1,"color":"mod"},{"row":4,"col":11,"x":13.5,"y":4,"r":0,"rx":0,"ry":0,"d":false,"h":1,"w":1.5,"color":"mod"}],"2":[{"row":4,"col":0,"x":0,"y":4,"r":0,"rx":0,"ry":0,"d":false,"h":1,"w":1.5,"color":"mod"},{"row":-1,"col":-1,"x":1.5,"y":4,"r":0,"rx":0,"ry":0,"d":true,"h":1,"w":1,"color":"mod"},{"row":4,"col":3,"x":2.5,"y":4,"r":0,"rx":0,"ry":0,"d":false,"h":1,"w":1.5,"color":"mod"},{"row":4,"col":5,"x":4,"y":4,"r":0,"rx":0,"ry":0,"d":false,"h":1,"w":7,"color":"alpha"},{"row":4,"col":8,"x":11,"y":4,"r":0,"rx":0,"ry":0,"d":false,"h":1,"w":1.5,"color":"mod"},{"row":-1,"col":-1,"x":12.5,"y":4,"r":0,"rx":0,"ry":0,"d":true,"h":1,"w":1,"color":"mod"},{"row":4,"col":11,"x":13.5,"y":4,"r":0,"rx":0,"ry":0,"d":false,"h":1,"w":1.5,"color":"mod"}],"3":[{"row":4,"col":0,"x":0,"y":4,"r":0,"rx":0,"ry":0,"d":false,"h":1,"w":1.5,"color":"mod"},{"row":4,"col":1,"x":1.5,"y":4,"r":0,"rx":0,"ry":0,"d":false,"h":1,"w":1.25,"color":"mod"},{"row":4,"col":3,"x":2.75,"y":4,"r":0,"rx":0,"ry":0,"d":false,"h":1,"w":1.5,"color":"mod"},{"row":4,"col":4,"x":4.25,"y":4,"r":0,"rx":0,"ry":0,"d":false,"h":1,"w":2.75,"color":"alpha"},{"row":4,"col":5,"x":7,"y":4,"r":0,"rx":0,"ry":0,"d":false,"h":1,"w":1,"color":"alpha"},{"row":4,"col":6,"x":8,"y":4,"r":0,"rx":0,"ry":0,"d":false,"h":1,"w":2.75,"color":"alpha"},{"row":4,"col":8,"x":10.75,"y":4,"r":0,"rx":0,"ry":0,"d":false,"h":1,"w":1.5,"color":"mod"},{"row":4,"col":10,"x":12.25,"y":4,"r":0,"rx":0,"ry":0,"d":false,"h":1,"w":1.25,"color":"mod"},{"row":4,"col":11,"x":13.5,"y":4,"r":0,"rx":0,"ry":0,"d":false,"h":1,"w":1.5,"color":"mod"}],"4":[{"row":4,"col":0,"x":0,"y":4,"r":0,"rx":0,"ry":0,"d":false,"h":1,"w":1.5,"color":"mod"},{"row":4,"col":1,"x":1.5,"y":4,"r":0,"rx":0,"ry":0,"d":false,"h":1,"w":1.25,"color":"mod"},{"row":4,"col":3,"x":2.75,"y":4,"r":0,"rx":0,"ry":0,"d":false,"h":1,"w":1.5,"color":"mod"},{"row":4,"col":4,"x":4.25,"y":4,"r":0,"rx":0,"ry":0,"d":false,"h":1,"w":2.5,"color":"alpha"},{"row":4,"col":5,"x":6.75,"y":4,"r":0,"rx":0,"ry":0,"d":false,"h":1,"w":1.5,"color":"alpha"},{"row":4,"col":6,"x":8.25,"y":4,"r":0,"rx":0,"ry":0,"d":false,"h":1,"w":2.5,"color":"alpha"},{"row":4,"col":8,"x":10.75,"y":4,"r":0,"rx":0,"ry":0,"d":false,"h":1,"w":1.5,"color":"mod"},{"row":4,"col":10,"x":12.25,"y":4,"r":0,"rx":0,"ry":0,"d":false,"h":1,"w":1.25,"color":"mod"},{"row":4,"col":11,"x":13.5,"y":4,"r":0,"rx":0,"ry":0,"d":false,"h":1,"w":1.5,"color":"mod"}],"5":[{"row":4,"col":0,"x":0,"y":4,"r":0,"rx":0,"ry":0,"d":false,"h":1,"w":1.5,"color":"mod"},{"row":4,"col":1,"x":1.5,"y":4,"r":0,"rx":0,"ry":0,"d":false,"h":1,"w":1.25,"color":"mod"},{"row":4,"col":3,"x":2.75,"y":4,"r":0,"rx":0,"ry":0,"d":false,"h":1,"w":1.5,"color":"mod"},{"row":4,"col":4,"x":4.25,"y":4,"r":0,"rx":0,"ry":0,"d":false,"h":1,"w":2.25,"color":"alpha"},{"row":4,"col":5,"x":6.5,"y":4,"r":0,"rx":0,"ry":0,"d":false,"h":1,"w":1.5,"color":"alpha"},{"row":4,"col":6,"x":8,"y":4,"r":0,"rx":0,"ry":0,"d":false,"h":1,"w":2.75,"color":"alpha"},{"row":4,"col":8,"x":10.75,"y":4,"r":0,"rx":0,"ry":0,"d":false,"h":1,"w":1.5,"color":"mod"},{"row":4,"col":10,"x":12.25,"y":4,"r":0,"rx":0,"ry":0,"d":false,"h":1,"w":1.25,"color":"mod"},{"row":4,"col":10,"x":12.25,"y":4,"r":0,"rx":0,"ry":0,"d":false,"h":1,"w":1.25,"color":"mod"},{"row":4,"col":11,"x":13.5,"y":4,"r":0,"rx":0,"ry":0,"d":false,"h":1,"w":1.5,"color":"mod"},{"row":4,"col":11,"x":13.5,"y":4,"r":0,"rx":0,"ry":0,"d":false,"h":1,"w":1.5,"color":"mod"}],"6":[{"row":4,"col":0,"x":0,"y":4,"r":0,"rx":0,"ry":0,"d":false,"h":1,"w":1.5,"color":"mod"},{"row":4,"col":1,"x":1.5,"y":4,"r":0,"rx":0,"ry":0,"d":false,"h":1,"w":1.25,"color":"mod"},{"row":4,"col":3,"x":2.75,"y":4,"r":0,"rx":0,"ry":0,"d":false,"h":1,"w":1.5,"color":"mod"},{"row":4,"col":4,"x":4.25,"y":4,"r":0,"rx":0,"ry":0,"d":false,"h":1,"w":2.5,"color":"alpha"},{"row":4,"col":5,"x":6.75,"y":4,"r":0,"rx":0,"ry":0,"d":false,"h":1,"w":1.25,"color":"alpha"},{"row":4,"col":6,"x":8,"y":4,"r":0,"rx":0,"ry":0,"d":false,"h":1,"w":2.75,"color":"alpha"},{"row":4,"col":8,"x":10.75,"y":4,"r":0,"rx":0,"ry":0,"d":false,"h":1,"w":1.5,"color":"mod"},{"row":4,"col":10,"x":12.25,"y":4,"r":0,"rx":0,"ry":0,"d":false,"h":1,"w":1.25,"color":"mod"},{"row":4,"col":11,"x":13.5,"y":4,"r":0,"rx":0,"ry":0,"d":false,"h":1,"w":1.5,"color":"mod"}]}},"keys":[{"row":0,"col":0,"x":0,"y":0,"r":0,"rx":0,"ry":0,"d":false,"h":1,"w":1.25,"color":"mod"},{"row":0,"col":1,"x":1.25,"y":0,"r":0,"rx":0,"ry":0,"d":false,"h":1,"w":1,"color":"alpha"},{"row":0,"col":2,"x":2.25,"y":0,"r":0,"rx":0,"ry":0,"d":false,"h":1,"w":1,"color":"alpha"},{"row":0,"col":3,"x":3.25,"y":0,"r":0,"rx":0,"ry":0,"d":false,"h":1,"w":1,"color":"alpha"},{"row":0,"col":4,"x":4.25,"y":0,"r":0,"rx":0,"ry":0,"d":false,"h":1,"w":1,"color":"alpha"},{"row":0,"col":5,"x":5.25,"y":0,"r":0,"rx":0,"ry":0,"d":false,"h":1,"w":1,"color":"alpha"},{"row":0,"col":6,"x":6.25,"y":0,"r":0,"rx":0,"ry":0,"d":false,"h":1,"w":1,"color":"alpha"},{"row":0,"col":7,"x":7.25,"y":0,"r":0,"rx":0,"ry":0,"d":false,"h":1,"w":1,"color":"alpha"},{"row":0,"col":8,"x":8.25,"y":0,"r":0,"rx":0,"ry":0,"d":false,"h":1,"w":1,"color":"alpha"},{"row":0,"col":9,"x":9.25,"y":0,"r":0,"rx":0,"ry":0,"d":false,"h":1,"w":1,"color":"alpha"},{"row":0,"col":10,"x":10.25,"y":0,"r":0,"rx":0,"ry":0,"d":false,"h":1,"w":1,"color":"alpha"},{"row":0,"col":11,"x":11.25,"y":0,"r":0,"rx":0,"ry":0,"d":false,"h":1,"w":1,"color":"alpha"},{"row":0,"col":12,"x":12.25,"y":0,"r":0,"rx":0,"ry":0,"d":false,"h":1,"w":1,"color":"alpha"},{"row":0,"col":13,"x":13.25,"y":0,"r":0,"rx":0,"ry":0,"d":false,"h":1,"w":1.75,"color":"mod"},{"row":1,"col":0,"x":0,"y":1,"r":0,"rx":0,"ry":0,"d":false,"h":1,"w":1.75,"color":"mod"},{"row":1,"col":1,"x":1.75,"y":1,"r":0,"rx":0,"ry":0,"d":false,"h":1,"w":1,"color":"alpha"},{"row":1,"col":2,"x":2.75,"y":1,"r":0,"rx":0,"ry":0,"d":false,"h":1,"w":1,"color":"alpha"},{"row":1,"col":3,"x":3.75,"y":1,"r":0,"rx":0,"ry":0,"d":false,"h":1,"w":1,"color":"alpha"},{"row":1,"col":4,"x":4.75,"y":1,"r":0,"rx":0,"ry":0,"d":false,"h":1,"w":1,"color":"alpha"},{"row":1,"col":5,"x":5.75,"y":1,"r":0,"rx":0,"ry":0,"d":false,"h":1,"w":1,"color":"alpha"},{"row":1,"col":6,"x":6.75,"y":1,"r":0,"rx":0,"ry":0,"d":false,"h":1,"w":1,"color":"alpha"},{"row":1,"col":7,"x":7.75,"y":1,"r":0,"rx":0,"ry":0,"d":false,"h":1,"w":1,"color":"alpha"},{"row":1,"col":8,"x":8.75,"y":1,"r":0,"rx":0,"ry":0,"d":false,"h":1,"w":1,"color":"alpha"},{"row":1,"col":9,"x":9.75,"y":1,"r":0,"rx":0,"ry":0,"d":false,"h":1,"w":1,"color":"alpha"},{"row":1,"col":10,"x":10.75,"y":1,"r":0,"rx":0,"ry":0,"d":false,"h":1,"w":1,"color":"alpha"},{"row":1,"col":11,"x":11.75,"y":1,"r":0,"rx":0,"ry":0,"d":false,"h":1,"w":1,"color":"alpha"},{"row":1,"col":12,"x":12.75,"y":1,"r":0,"rx":0,"ry":0,"d":false,"h":1,"w":1,"color":"alpha"},{"row":1,"col":13,"x":14,"y":1,"r":0,"rx":0,"ry":0,"d":false,"h":2,"w":1,"x2":-0.25,"h2":1,"color":"mod"},{"row":2,"col":0,"x":0,"y":2,"r":0,"rx":0,"ry":0,"d":false,"h":1,"w":2,"color":"mod"},{"row":2,"col":1,"x":2,"y":2,"r":0,"rx":0,"ry":0,"d":false,"h":1,"w":1,"color":"alpha"},{"row":2,"col":2,"x":3,"y":2,"r":0,"rx":0,"ry":0,"d":false,"h":1,"w":1,"color":"alpha"},{"row":2,"col":3,"x":4,"y":2,"r":0,"rx":0,"ry":0,"d":false,"h":1,"w":1,"color":"alpha"},{"row":2,"col":4,"x":5,"y":2,"r":0,"rx":0,"ry":0,"d":false,"h":1,"w":1,"color":"alpha"},{"row":2,"col":5,"x":6,"y":2,"r":0,"rx":0,"ry":0,"d":false,"h":1,"w":1,"color":"alpha"},{"row":2,"col":6,"x":7,"y":2,"r":0,"rx":0,"ry":0,"d":false,"h":1,"w":1,"color":"alpha"},{"row":2,"col":7,"x":8,"y":2,"r":0,"rx":0,"ry":0,"d":false,"h":1,"w":1,"color":"alpha"},{"row":2,"col":8,"x":9,"y":2,"r":0,"rx":0,"ry":0,"d":false,"h":1,"w":1,"color":"alpha"},{"row":2,"col":9,"x":10,"y":2,"r":0,"rx":0,"ry":0,"d":false,"h":1,"w":1,"color":"alpha"},{"row":2,"col":10,"x":11,"y":2,"r":0,"rx":0,"ry":0,"d":false,"h":1,"w":1,"color":"alpha"},{"row":2,"col":11,"x":12,"y":2,"r":0,"rx":0,"ry":0,"d":false,"h":1,"w":1,"color":"alpha"},{"row":2,"col":12,"x":13,"y":2,"r":0,"rx":0,"ry":0,"d":false,"h":1,"w":1,"color":"alpha"},{"row":3,"col":0,"x":0,"y":3,"r":0,"rx":0,"ry":0,"d":false,"h":1,"w":1.5,"color":"mod"},{"row":3,"col":1,"x":1.5,"y":3,"r":0,"rx":0,"ry":0,"d":false,"h":1,"w":1,"color":"alpha"},{"row":3,"col":2,"x":2.5,"y":3,"r":0,"rx":0,"ry":0,"d":false,"h":1,"w":1,"color":"alpha"},{"row":3,"col":3,"x":3.5,"y":3,"r":0,"rx":0,"ry":0,"d":false,"h":1,"w":1,"color":"alpha"},{"row":3,"col":4,"x":4.5,"y":3,"r":0,"rx":0,"ry":0,"d":false,"h":1,"w":1,"color":"alpha"},{"row":3,"col":5,"x":5.5,"y":3,"r":0,"rx":0,"ry":0,"d":false,"h":1,"w":1,"color":"alpha"},{"row":3,"col":6,"x":6.5,"y":3,"r":0,"rx":0,"ry":0,"d":false,"h":1,"w":1,"color":"alpha"},{"row":3,"col":7,"x":7.5,"y":3,"r":0,"rx":0,"ry":0,"d":false,"h":1,"w":1,"color":"alpha"},{"row":3,"col":8,"x":8.5,"y":3,"r":0,"rx":0,"ry":0,"d":false,"h":1,"w":1,"color":"alpha"},{"row":3,"col":9,"x":9.5,"y":3,"r":0,"rx":0,"ry":0,"d":false,"h":1,"w":1,"color":"alpha"},{"row":3,"col":10,"x":10.5,"y":3,"r":0,"rx":0,"ry":0,"d":false,"h":1,"w":1,"color":"alpha"},{"row":3,"col":11,"x":11.5,"y":3,"r":0,"rx":0,"ry":0,"d":false,"h":1,"w":1,"color":"alpha"}]},"matrix":{"rows":5,"cols":14},"vendorProductId":1145307153}