{"name":"Arya","lighting":"none","layouts":{"labels":["Split Backspace","Full Right Shift",["Left Space","2U - 1.25U","2.25U - 1U"]],"width":17.75,"height":6.095254187602025,"optionKeys":{"0":{"0":[{"row":2,"col":7,"x":15,"y":0.09999999999999964,"r":0,"rx":-2.25,"ry":-5.9,"d":false,"h":1,"w":2,"color":"mod"}],"1":[{"row":2,"col":6,"x":15,"y":0.09999999999999964,"r":0,"rx":-2.25,"ry":-5.9,"d":false,"h":1,"w":1,"color":"alpha"},{"row":2,"col":7,"x":16,"y":0.09999999999999964,"r":0,"rx":-2.25,"ry":-5.9,"d":false,"h":1,"w":1,"color":"mod"}]},"1":{"0":[{"row":2,"col":1,"x":15,"y":3.0999999999999996,"r":0,"rx":-2.25,"ry":-5.9,"d":false,"h":1,"w":1.75,"color":"mod"},{"row":2,"col":2,"x":16.75,"y":3.0999999999999996,"r":0,"rx":-2.25,"ry":-5.9,"d":false,"h":1,"w":1,"color":"mod"}],"1":[{"row":2,"col":1,"x":15,"y":3.0999999999999996,"r":0,"rx":-2.25,"ry":-5.9,"d":false,"h":1,"w":2.75,"color":"mod"}]},"2":{"0":[{"row":5,"col":0,"x":7.5,"y":2.5999999999999996,"r":12,"rx":-2.25,"ry":-5.9,"d":false,"h":1,"w":2.25,"color":"mod"},{"row":6,"col":0,"x":9.75,"y":2.5999999999999996,"r":12,"rx":-2.25,"ry":-5.9,"d":false,"h":1,"w":1,"color":"mod"}],"1":[{"row":5,"col":0,"x":7.5,"y":2.5999999999999996,"r":12,"rx":-2.25,"ry":-5.9,"d":false,"h":1,"w":2,"color":"mod"},{"row":6,"col":0,"x":9.5,"y":2.5999999999999996,"r":12,"rx":-2.25,"ry":-5.9,"d":false,"h":1,"w":1.25,"color":"mod"}]}},"keys":[{"row":8,"col":1,"x":0.5,"y":0,"r":0,"rx":-2.25,"ry":-5.9,"d":false,"h":1,"w":1,"color":"alpha"},{"row":3,"col":6,"x":1.75,"y":0.09999999999999964,"r":0,"rx":-2.25,"ry":-5.9,"d":false,"h":1,"w":1,"color":"accent"},{"row":3,"col":7,"x":2.75,"y":0.09999999999999964,"r":0,"rx":-2.25,"ry":-5.9,"d":false,"h":1,"w":1,"color":"alpha"},{"row":4,"col":6,"x":3.75,"y":0.09999999999999964,"r":0,"rx":-2.25,"ry":-5.9,"d":false,"h":1,"w":1,"color":"alpha"},{"row":0,"col":7,"x":13,"y":0.09999999999999964,"r":0,"rx":-2.25,"ry":-5.9,"d":false,"h":1,"w":1,"color":"alpha"},{"row":1,"col":7,"x":14,"y":0.09999999999999964,"r":0,"rx":-2.25,"ry":-5.9,"d":false,"h":1,"w":1,"color":"alpha"},{"row":8,"col":0,"x":0.25,"y":1,"r":0,"rx":-2.25,"ry":-5.9,"d":false,"h":1,"w":1,"color":"alpha"},{"row":3,"col":4,"x":1.5,"y":1.0999999999999996,"r":0,"rx":-2.25,"ry":-5.9,"d":false,"h":1,"w":1.5,"color":"mod"},{"row":3,"col":5,"x":3,"y":1.0999999999999996,"r":0,"rx":-2.25,"ry":-5.9,"d":false,"h":1,"w":1,"color":"alpha"},{"row":1,"col":5,"x":12.75,"y":1.0999999999999996,"r":0,"rx":-2.25,"ry":-5.9,"d":false,"h":1,"w":1,"color":"alpha"},{"row":1,"col":6,"x":13.75,"y":1.0999999999999996,"r":0,"rx":-2.25,"ry":-5.9,"d":false,"h":1,"w":1,"color":"alpha"},{"row":2,"col":5,"x":14.75,"y":1.0999999999999996,"r":0,"rx":-2.25,"ry":-5.9,"d":false,"h":1,"w":1,"color":"alpha"},{"row":2,"col":4,"x":15.75,"y":1.0999999999999996,"r":0,"rx":-2.25,"ry":-5.9,"d":false,"h":1,"w":1.5,"color":"mod"},{"row":8,"col":2,"x":0,"y":2,"r":0,"rx":-2.25,"ry":-5.9,"d":false,"h":1,"w":1,"color":"alpha"},{"row":3,"col":2,"x":1.25,"y":2.0999999999999996,"r":0,"rx":-2.25,"ry":-5.9,"d":false,"h":1,"w":1.75,"color":"mod"},{"row":3,"col":3,"x":3,"y":2.0999999999999996,"r":0,"rx":-2.25,"ry":-5.9,"d":false,"h":1,"w":1,"color":"alpha"},{"row":1,"col":3,"x":13.25,"y":2.0999999999999996,"r":0,"rx":-2.25,"ry":-5.9,"d":false,"h":1,"w":1,"color":"alpha"},{"row":1,"col":4,"x":14.25,"y":2.0999999999999996,"r":0,"rx":-2.25,"ry":-5.9,"d":false,"h":1,"w":1,"color":"alpha"},{"row":2,"col":3,"x":15.25,"y":2.0999999999999996,"r":0,"rx":-2.25,"ry":-5.9,"d":false,"h":1,"w":2.25,"color":"accent"},{"row":3,"col":1,"x":1,"y":3.0999999999999996,"r":0,"rx":-2.25,"ry":-5.9,"d":false,"h":1,"w":2.25,"color":"mod"},{"row":4,"col":1,"x":3.25,"y":3.0999999999999996,"r":0,"rx":-2.25,"ry":-5.9,"d":false,"h":1,"w":1,"color":"alpha"},{"row":1,"col":1,"x":13,"y":3.0999999999999996,"r":0,"rx":-2.25,"ry":-5.9,"d":false,"h":1,"w":1,"color":"alpha"},{"row":1,"col":2,"x":14,"y":3.0999999999999996,"r":0,"rx":-2.25,"ry":-5.9,"d":false,"h":1,"w":1,"color":"alpha"},{"row":3,"col":0,"x":1,"y":4.1,"r":0,"rx":-2.25,"ry":-5.9,"d":false,"h":1,"w":1.5,"color":"mod"},{"row":2,"col":0,"x":16,"y":4.1,"r":0,"rx":-2.25,"ry":-5.9,"d":false,"h":1,"w":1.5,"color":"mod"},{"row":4,"col":7,"x":6,"y":-1.4000000000000004,"r":12,"rx":-2.25,"ry":-5.9,"d":false,"h":1,"w":1,"color":"alpha"},{"row":5,"col":6,"x":7,"y":-1.4000000000000004,"r":12,"rx":-2.25,"ry":-5.9,"d":false,"h":1,"w":1,"color":"alpha"},{"row":5,"col":7,"x":8,"y":-1.4000000000000004,"r":12,"rx":-2.25,"ry":-5.9,"d":false,"h":1,"w":1,"color":"alpha"},{"row":6,"col":6,"x":9,"y":-1.4000000000000004,"r":12,"rx":-2.25,"ry":-5.9,"d":false,"h":1,"w":1,"color":"alpha"},{"row":4,"col":4,"x":5.5,"y":-0.40000000000000036,"r":12,"rx":-2.25,"ry":-5.9,"d":false,"h":1,"w":1,"color":"alpha"},{"row":4,"col":5,"x":6.5,"y":-0.40000000000000036,"r":12,"rx":-2.25,"ry":-5.9,"d":false,"h":1,"w":1,"color":"alpha"},{"row":5,"col":4,"x":7.5,"y":-0.40000000000000036,"r":12,"rx":-2.25,"ry":-5.9,"d":false,"h":1,"w":1,"color":"alpha"},{"row":5,"col":5,"x":8.5,"y":-0.40000000000000036,"r":12,"rx":-2.25,"ry":-5.9,"d":false,"h":1,"w":1,"color":"alpha"},{"row":4,"col":3,"x":5.75,"y":0.5999999999999996,"r":12,"rx":-2.25,"ry":-5.9,"d":false,"h":1,"w":1,"color":"alpha"},{"row":5,"col":2,"x":6.75,"y":0.5999999999999996,"r":12,"rx":-2.25,"ry":-5.9,"d":false,"h":1,"w":1,"color":"alpha"},{"row":5,"col":3,"x":7.75,"y":0.5999999999999996,"r":12,"rx":-2.25,"ry":-5.9,"d":false,"h":1,"w":1,"color":"alpha"},{"row":6,"col":3,"x":8.75,"y":0.5999999999999996,"r":12,"rx":-2.25,"ry":-5.9,"d":false,"h":1,"w":1,"color":"alpha"},{"row":4,"col":2,"x":6.25,"y":1.5999999999999996,"r":12,"rx":-2.25,"ry":-5.9,"d":false,"h":1,"w":1,"color":"alpha"},{"row":5,"col":1,"x":7.25,"y":1.5999999999999996,"r":12,"rx":-2.25,"ry":-5.9,"d":false,"h":1,"w":1,"color":"alpha"},{"row":6,"col":1,"x":8.25,"y":1.5999999999999996,"r":12,"rx":-2.25,"ry":-5.9,"d":false,"h":1,"w":1,"color":"alpha"},{"row":6,"col":2,"x":9.25,"y":1.5999999999999996,"r":12,"rx":-2.25,"ry":-5.9,"d":false,"h":1,"w":1,"color":"alpha"},{"row":4,"col":0,"x":6,"y":2.5999999999999996,"r":12,"rx":-2.25,"ry":-5.9,"d":false,"h":1,"w":1.5,"color":"mod"},{"row":6,"col":7,"x":7.25,"y":3.0999999999999996,"r":-12,"rx":-2.25,"ry":-5.9,"d":false,"h":1,"w":1,"color":"alpha"},{"row":7,"col":6,"x":8.25,"y":3.0999999999999996,"r":-12,"rx":-2.25,"ry":-5.9,"d":false,"h":1,"w":1,"color":"alpha"},{"row":7,"col":7,"x":9.25,"y":3.0999999999999996,"r":-12,"rx":-2.25,"ry":-5.9,"d":false,"h":1,"w":1,"color":"alpha"},{"row":0,"col":6,"x":10.25,"y":3.0999999999999996,"r":-12,"rx":-2.25,"ry":-5.9,"d":false,"h":1,"w":1,"color":"alpha"},{"row":6,"col":4,"x":6.75,"y":4.1,"r":-12,"rx":-2.25,"ry":-5.9,"d":false,"h":1,"w":1,"color":"alpha"},{"row":6,"col":5,"x":7.75,"y":4.1,"r":-12,"rx":-2.25,"ry":-5.9,"d":false,"h":1,"w":1,"color":"alpha"},{"row":7,"col":5,"x":8.75,"y":4.1,"r":-12,"rx":-2.25,"ry":-5.9,"d":false,"h":1,"w":1,"color":"alpha"},{"row":0,"col":5,"x":9.75,"y":4.1,"r":-12,"rx":-2.25,"ry":-5.9,"d":false,"h":1,"w":1,"color":"alpha"},{"row":7,"col":3,"x":7,"y":5.1,"r":-12,"rx":-2.25,"ry":-5.9,"d":false,"h":1,"w":1,"color":"alpha"},{"row":7,"col":4,"x":8,"y":5.1,"r":-12,"rx":-2.25,"ry":-5.9,"d":false,"h":1,"w":1,"color":"alpha"},{"row":0,"col":3,"x":9,"y":5.1,"r":-12,"rx":-2.25,"ry":-5.9,"d":false,"h":1,"w":1,"color":"alpha"},{"row":0,"col":4,"x":10,"y":5.1,"r":-12,"rx":-2.25,"ry":-5.9,"d":false,"h":1,"w":1,"color":"alpha"},{"row":7,"col":1,"x":6.5,"y":6.1,"r":-12,"rx":-2.25,"ry":-5.9,"d":false,"h":1,"w":1,"color":"alpha"},{"row":7,"col":2,"x":7.5,"y":6.1,"r":-12,"rx":-2.25,"ry":-5.9,"d":false,"h":1,"w":1,"color":"alpha"},{"row":0,"col":1,"x":8.5,"y":6.1,"r":-12,"rx":-2.25,"ry":-5.9,"d":false,"h":1,"w":1,"color":"alpha"},{"row":0,"col":2,"x":9.5,"y":6.1,"r":-12,"rx":-2.25,"ry":-5.9,"d":false,"h":1,"w":1,"color":"alpha"},{"row":0,"col":0,"x":6.5,"y":7.1,"r":-12,"rx":-2.25,"ry":-5.9,"d":false,"h":1,"w":2.75,"color":"mod"},{"row":1,"col":0,"x":9.25,"y":7.1,"r":-12,"rx":-2.25,"ry":-5.9,"d":false,"h":1,"w":1.5,"color":"mod"}]},"matrix":{"rows":9,"cols":8},"vendorProductId":1262698834}