{"name":"Controller Works mini42","lighting":"none","layouts":{"width":19,"height":5.134519052838328,"optionKeys":{},"keys":[{"row":0,"col":3,"x":3,"y":0,"r":0,"rx":0,"ry":0,"d":false,"h":1,"w":1,"color":"alpha"},{"row":4,"col":2,"x":15,"y":0,"r":0,"rx":0,"ry":0,"d":false,"h":1,"w":1,"color":"alpha"},{"row":0,"col":2,"x":2,"y":0.14,"r":0,"rx":0,"ry":0,"d":false,"h":1,"w":1,"color":"alpha"},{"row":0,"col":4,"x":4,"y":0.14,"r":0,"rx":0,"ry":0,"d":false,"h":1,"w":1,"color":"alpha"},{"row":4,"col":1,"x":14,"y":0.14,"r":0,"rx":0,"ry":0,"d":false,"h":1,"w":1,"color":"alpha"},{"row":4,"col":3,"x":16,"y":0.14,"r":0,"rx":0,"ry":0,"d":false,"h":1,"w":1,"color":"alpha"},{"row":0,"col":5,"x":5,"y":0.28,"r":0,"rx":0,"ry":0,"d":false,"h":1,"w":1,"color":"alpha"},{"row":4,"col":0,"x":13,"y":0.28,"r":0,"rx":0,"ry":0,"d":false,"h":1,"w":1,"color":"alpha"},{"row":0,"col":0,"x":0,"y":0.41999999999999993,"r":0,"rx":0,"ry":0,"d":false,"h":1,"w":1,"color":"mod"},{"row":0,"col":1,"x":1,"y":0.41999999999999993,"r":0,"rx":0,"ry":0,"d":false,"h":1,"w":1,"color":"alpha"},{"row":4,"col":4,"x":17,"y":0.41999999999999993,"r":0,"rx":0,"ry":0,"d":false,"h":1,"w":1,"color":"alpha"},{"row":4,"col":5,"x":18,"y":0.41999999999999993,"r":0,"rx":0,"ry":0,"d":false,"h":1,"w":1,"color":"mod"},{"row":1,"col":3,"x":3,"y":1,"r":0,"rx":0,"ry":0,"d":false,"h":1,"w":1,"color":"alpha"},{"row":5,"col":2,"x":15,"y":1,"r":0,"rx":0,"ry":0,"d":false,"h":1,"w":1,"color":"alpha"},{"row":1,"col":2,"x":2,"y":1.14,"r":0,"rx":0,"ry":0,"d":false,"h":1,"w":1,"color":"alpha"},{"row":1,"col":4,"x":4,"y":1.14,"r":0,"rx":0,"ry":0,"d":false,"h":1,"w":1,"color":"alpha"},{"row":5,"col":1,"x":14,"y":1.14,"r":0,"rx":0,"ry":0,"d":false,"h":1,"w":1,"color":"alpha"},{"row":5,"col":3,"x":16,"y":1.14,"r":0,"rx":0,"ry":0,"d":false,"h":1,"w":1,"color":"alpha"},{"row":1,"col":5,"x":5,"y":1.28,"r":0,"rx":0,"ry":0,"d":false,"h":1,"w":1,"color":"alpha"},{"row":5,"col":0,"x":13,"y":1.28,"r":0,"rx":0,"ry":0,"d":false,"h":1,"w":1,"color":"alpha"},{"row":1,"col":0,"x":0,"y":1.42,"r":0,"rx":0,"ry":0,"d":false,"h":1,"w":1,"color":"mod"},{"row":1,"col":1,"x":1,"y":1.42,"r":0,"rx":0,"ry":0,"d":false,"h":1,"w":1,"color":"alpha"},{"row":5,"col":4,"x":17,"y":1.42,"r":0,"rx":0,"ry":0,"d":false,"h":1,"w":1,"color":"alpha"},{"row":5,"col":5,"x":18,"y":1.42,"r":0,"rx":0,"ry":0,"d":false,"h":1,"w":1,"color":"mod"},{"row":2,"col":3,"x":3,"y":2,"r":0,"rx":0,"ry":0,"d":false,"h":1,"w":1,"color":"alpha"},{"row":6,"col":2,"x":15,"y":2,"r":0,"rx":0,"ry":0,"d":false,"h":1,"w":1,"color":"alpha"},{"row":2,"col":2,"x":2,"y":2.14,"r":0,"rx":0,"ry":0,"d":false,"h":1,"w":1,"color":"alpha"},{"row":2,"col":4,"x":4,"y":2.14,"r":0,"rx":0,"ry":0,"d":false,"h":1,"w":1,"color":"alpha"},{"row":6,"col":1,"x":14,"y":2.14,"r":0,"rx":0,"ry":0,"d":false,"h":1,"w":1,"color":"alpha"},{"row":6,"col":3,"x":16,"y":2.14,"r":0,"rx":0,"ry":0,"d":false,"h":1,"w":1,"color":"alpha"},{"row":2,"col":5,"x":5,"y":2.28,"r":0,"rx":0,"ry":0,"d":false,"h":1,"w":1,"color":"alpha"},{"row":6,"col":0,"x":13,"y":2.28,"r":0,"rx":0,"ry":0,"d":false,"h":1,"w":1,"color":"alpha"},{"row":2,"col":0,"x":0,"y":2.42,"r":0,"rx":0,"ry":0,"d":false,"h":1,"w":1,"color":"mod"},{"row":2,"col":1,"x":1,"y":2.42,"r":0,"rx":0,"ry":0,"d":false,"h":1,"w":1,"color":"alpha"},{"row":6,"col":4,"x":17,"y":2.42,"r":0,"rx":0,"ry":0,"d":false,"h":1,"w":1,"color":"alpha"},{"row":6,"col":5,"x":18,"y":2.42,"r":0,"rx":0,"ry":0,"d":false,"h":1,"w":1,"color":"mod"},{"row":3,"col":0,"x":3.5,"y":3.24,"r":0,"rx":0,"ry":0,"d":false,"h":1,"w":1,"color":"mod"},{"row":7,"col":2,"x":14.5,"y":3.24,"r":0,"rx":0,"ry":0,"d":false,"h":1,"w":1,"color":"mod"},{"row":3,"col":1,"x":4.75,"y":3.4,"r":15,"rx":5.25,"ry":3.9,"d":false,"h":1,"w":1,"color":"mod"},{"row":3,"col":2,"x":6,"y":3.61,"r":30,"rx":6.75,"ry":4.36,"d":false,"h":1.5,"w":1,"color":"mod"},{"row":7,"col":0,"x":12,"y":3.61,"r":-30,"rx":12,"ry":4.36,"d":false,"h":1.5,"w":1,"color":"mod"},{"row":7,"col":1,"x":13.25,"y":3.4,"r":-15,"rx":13.75,"ry":3.9,"d":false,"h":1,"w":1,"color":"mod"}]},"matrix":{"rows":8,"cols":6},"vendorProductId":1129775107}