{"name":"Prime_EXL","lighting":"qmk_backlight","layouts":{"width":21.08,"height":5.032748765861374,"optionKeys":{},"keys":[{"row":4,"col":0,"x":0,"y":0.03274876586137393,"r":0,"rx":-0.25,"ry":-0.4272512341386261,"d":false,"h":1,"w":1,"color":"mod"},{"row":5,"col":0,"x":1,"y":0.03274876586137393,"r":0,"rx":-0.25,"ry":-0.4272512341386261,"d":false,"h":1,"w":1,"color":"mod"},{"row":4,"col":1,"x":2,"y":0.03274876586137393,"r":0,"rx":-0.25,"ry":-0.4272512341386261,"d":false,"h":1,"w":1,"color":"mod"},{"row":5,"col":1,"x":3,"y":0.03274876586137393,"r":0,"rx":-0.25,"ry":-0.4272512341386261,"d":false,"h":1,"w":1,"color":"mod"},{"row":4,"col":2,"x":4,"y":0.03274876586137393,"r":0,"rx":-0.25,"ry":-0.4272512341386261,"d":false,"h":1,"w":1,"color":"mod"},{"row":5,"col":2,"x":5,"y":0.03274876586137393,"r":0,"rx":-0.25,"ry":-0.4272512341386261,"d":false,"h":1,"w":1,"color":"mod"},{"row":3,"col":0,"x":0,"y":1.0327487658613739,"r":0,"rx":-0.25,"ry":-0.4272512341386261,"d":false,"h":1,"w":1,"color":"mod"},{"row":6,"col":0,"x":1,"y":1.0327487658613739,"r":0,"rx":-0.25,"ry":-0.4272512341386261,"d":false,"h":1,"w":1,"color":"mod"},{"row":3,"col":1,"x":2,"y":1.0327487658613739,"r":0,"rx":-0.25,"ry":-0.4272512341386261,"d":false,"h":1,"w":1,"color":"alpha"},{"row":6,"col":1,"x":3,"y":1.0327487658613739,"r":0,"rx":-0.25,"ry":-0.4272512341386261,"d":false,"h":1,"w":1,"color":"alpha"},{"row":3,"col":2,"x":4,"y":1.0327487658613739,"r":0,"rx":-0.25,"ry":-0.4272512341386261,"d":false,"h":1,"w":1,"color":"alpha"},{"row":6,"col":2,"x":5,"y":1.0327487658613739,"r":0,"rx":-0.25,"ry":-0.4272512341386261,"d":false,"h":1,"w":1,"color":"mod"},{"row":2,"col":0,"x":0,"y":2.032748765861374,"r":0,"rx":-0.25,"ry":-0.4272512341386261,"d":false,"h":1,"w":1,"color":"mod"},{"row":7,"col":0,"x":1,"y":2.032748765861374,"r":0,"rx":-0.25,"ry":-0.4272512341386261,"d":false,"h":1,"w":1,"color":"mod"},{"row":2,"col":1,"x":2,"y":2.032748765861374,"r":0,"rx":-0.25,"ry":-0.4272512341386261,"d":false,"h":1,"w":1,"color":"alpha"},{"row":7,"col":1,"x":3,"y":2.032748765861374,"r":0,"rx":-0.25,"ry":-0.4272512341386261,"d":false,"h":1,"w":1,"color":"alpha"},{"row":2,"col":2,"x":4,"y":2.032748765861374,"r":0,"rx":-0.25,"ry":-0.4272512341386261,"d":false,"h":1,"w":1,"color":"alpha"},{"row":7,"col":2,"x":5,"y":2.032748765861374,"r":0,"rx":-0.25,"ry":-0.4272512341386261,"d":false,"h":1,"w":1,"color":"mod"},{"row":1,"col":0,"x":0,"y":3.032748765861374,"r":0,"rx":-0.25,"ry":-0.4272512341386261,"d":false,"h":1,"w":1,"color":"mod"},{"row":8,"col":0,"x":1,"y":3.032748765861374,"r":0,"rx":-0.25,"ry":-0.4272512341386261,"d":false,"h":1,"w":1,"color":"mod"},{"row":1,"col":1,"x":2,"y":3.032748765861374,"r":0,"rx":-0.25,"ry":-0.4272512341386261,"d":false,"h":1,"w":1,"color":"alpha"},{"row":8,"col":1,"x":3,"y":3.032748765861374,"r":0,"rx":-0.25,"ry":-0.4272512341386261,"d":false,"h":1,"w":1,"color":"alpha"},{"row":1,"col":2,"x":4,"y":3.032748765861374,"r":0,"rx":-0.25,"ry":-0.4272512341386261,"d":false,"h":1,"w":1,"color":"alpha"},{"row":8,"col":2,"x":5,"y":3.032748765861374,"r":0,"rx":-0.25,"ry":-0.4272512341386261,"d":false,"h":1,"w":1,"color":"mod"},{"row":0,"col":0,"x":0,"y":4.032748765861374,"r":0,"rx":-0.25,"ry":-0.4272512341386261,"d":false,"h":1,"w":1,"color":"mod"},{"row":9,"col":0,"x":1,"y":4.032748765861374,"r":0,"rx":-0.25,"ry":-0.4272512341386261,"d":false,"h":1,"w":1,"color":"mod"},{"row":0,"col":1,"x":2,"y":4.032748765861374,"r":0,"rx":-0.25,"ry":-0.4272512341386261,"d":false,"h":1,"w":1,"color":"mod"},{"row":9,"col":1,"x":3,"y":4.032748765861374,"r":0,"rx":-0.25,"ry":-0.4272512341386261,"d":false,"h":1,"w":1,"color":"alpha"},{"row":0,"col":2,"x":4,"y":4.032748765861374,"r":0,"rx":-0.25,"ry":-0.4272512341386261,"d":false,"h":1,"w":1,"color":"alpha"},{"row":9,"col":2,"x":5,"y":4.032748765861374,"r":0,"rx":-0.25,"ry":-0.4272512341386261,"d":false,"h":1,"w":1,"color":"mod"},{"row":4,"col":3,"x":6.85,"y":0.03274876586137393,"r":0,"rx":6,"ry":-0.4272512341386261,"d":false,"h":1,"w":1,"color":"accent"},{"row":5,"col":3,"x":7.85,"y":0.03274876586137393,"r":0,"rx":6,"ry":-0.4272512341386261,"d":false,"h":1,"w":1,"color":"alpha"},{"row":4,"col":8,"x":17.799999999999997,"y":0.03274876586137393,"r":0,"rx":6,"ry":-0.4272512341386261,"d":false,"h":1,"w":1,"color":"alpha"},{"row":5,"col":8,"x":18.799999999999997,"y":0.03274876586137393,"r":0,"rx":6,"ry":-0.4272512341386261,"d":false,"h":1,"w":2,"color":"mod"},{"row":3,"col":3,"x":6.71,"y":1.0427487658613739,"r":0,"rx":6,"ry":-0.4272512341386261,"d":false,"h":1,"w":1.26,"color":"mod"},{"row":6,"col":3,"x":7.960000000000001,"y":1.0427487658613739,"r":0,"rx":6,"ry":-0.4272512341386261,"d":false,"h":1,"w":1,"color":"alpha"},{"row":3,"col":8,"x":18.19,"y":1.0427487658613739,"r":0,"rx":6,"ry":-0.4272512341386261,"d":false,"h":1,"w":1,"color":"alpha"},{"row":6,"col":8,"x":19.19,"y":1.0427487658613739,"r":0,"rx":6,"ry":-0.4272512341386261,"d":false,"h":1,"w":1.75,"color":"accent"},{"row":2,"col":3,"x":6.5600000000000005,"y":2.0527487658613737,"r":0,"rx":6,"ry":-0.4272512341386261,"d":false,"h":1,"w":1.75,"color":"mod"},{"row":7,"col":3,"x":8.31,"y":2.0527487658613737,"r":0,"rx":6,"ry":-0.4272512341386261,"d":false,"h":1,"w":1,"color":"alpha"},{"row":7,"col":7,"x":17.83,"y":2.0527487658613737,"r":0,"rx":6,"ry":-0.4272512341386261,"d":false,"h":1,"w":1,"color":"alpha"},{"row":2,"col":8,"x":18.83,"y":2.0527487658613737,"r":0,"rx":6,"ry":-0.4272512341386261,"d":false,"h":1,"w":1,"color":"alpha"},{"row":7,"col":8,"x":19.83,"y":2.0527487658613737,"r":0,"rx":6,"ry":-0.4272512341386261,"d":false,"h":1,"w":1.25,"color":"mod"},{"row":1,"col":3,"x":6.67,"y":3.0627487658613735,"r":0,"rx":6,"ry":-0.4272512341386261,"d":false,"h":1,"w":1.25,"color":"mod"},{"row":8,"col":3,"x":7.92,"y":3.0627487658613735,"r":0,"rx":6,"ry":-0.4272512341386261,"d":false,"h":1,"w":1.25,"color":"mod"},{"row":8,"col":7,"x":17.97,"y":3.0627487658613735,"r":0,"rx":6,"ry":-0.4272512341386261,"d":false,"h":1,"w":1.5,"color":"mod"},{"row":1,"col":8,"x":19.47,"y":3.0627487658613735,"r":0,"rx":6,"ry":-0.4272512341386261,"d":false,"h":1,"w":1.5,"color":"mod"},{"row":4,"col":4,"x":9,"y":-0.4272512341386261,"r":8,"rx":6,"ry":0.5727487658613739,"d":false,"h":1,"w":1,"color":"alpha"},{"row":5,"col":4,"x":10,"y":-0.4272512341386261,"r":8,"rx":6,"ry":0.5727487658613739,"d":false,"h":1,"w":1,"color":"alpha"},{"row":4,"col":5,"x":11,"y":-0.4272512341386261,"r":8,"rx":6,"ry":0.5727487658613739,"d":false,"h":1,"w":1,"color":"alpha"},{"row":5,"col":5,"x":12,"y":-0.4272512341386261,"r":8,"rx":6,"ry":0.5727487658613739,"d":false,"h":1,"w":1,"color":"alpha"},{"row":3,"col":4,"x":9.25,"y":0.5727487658613739,"r":8,"rx":6,"ry":0.5727487658613739,"d":false,"h":1,"w":1,"color":"alpha"},{"row":6,"col":4,"x":10.25,"y":0.5727487658613739,"r":8,"rx":6,"ry":0.5727487658613739,"d":false,"h":1,"w":1,"color":"alpha"},{"row":3,"col":5,"x":11.25,"y":0.5727487658613739,"r":8,"rx":6,"ry":0.5727487658613739,"d":false,"h":1,"w":1,"color":"alpha"},{"row":6,"col":5,"x":12.25,"y":0.5727487658613739,"r":8,"rx":6,"ry":0.5727487658613739,"d":false,"h":1,"w":1,"color":"alpha"},{"row":2,"col":4,"x":9.75,"y":1.572748765861374,"r":8,"rx":6,"ry":0.5727487658613739,"d":false,"h":1,"w":1,"color":"alpha"},{"row":7,"col":4,"x":10.75,"y":1.572748765861374,"r":8,"rx":6,"ry":0.5727487658613739,"d":false,"h":1,"w":1,"color":"alpha"},{"row":2,"col":5,"x":11.75,"y":1.572748765861374,"r":8,"rx":6,"ry":0.5727487658613739,"d":false,"h":1,"w":1,"color":"alpha"},{"row":7,"col":5,"x":12.75,"y":1.572748765861374,"r":8,"rx":6,"ry":0.5727487658613739,"d":false,"h":1,"w":1,"color":"alpha"},{"row":1,"col":4,"x":9.75,"y":2.572748765861374,"r":8,"rx":6,"ry":0.5727487658613739,"d":false,"h":1,"w":1,"color":"mod"},{"row":8,"col":4,"x":10.75,"y":2.572748765861374,"r":8,"rx":6,"ry":0.5727487658613739,"d":false,"h":1,"w":1,"color":"mod"},{"row":1,"col":5,"x":11.75,"y":2.572748765861374,"r":8,"rx":6,"ry":0.5727487658613739,"d":false,"h":1,"w":2,"color":"mod"},{"row":4,"col":6,"x":13.5,"y":1.672748765861374,"r":-8,"rx":6,"ry":0.5727487658613739,"d":false,"h":1,"w":1,"color":"alpha"},{"row":5,"col":6,"x":14.5,"y":1.672748765861374,"r":-8,"rx":6,"ry":0.5727487658613739,"d":false,"h":1,"w":1,"color":"alpha"},{"row":4,"col":7,"x":15.5,"y":1.672748765861374,"r":-8,"rx":6,"ry":0.5727487658613739,"d":false,"h":1,"w":1,"color":"alpha"},{"row":5,"col":7,"x":16.5,"y":1.672748765861374,"r":-8,"rx":6,"ry":0.5727487658613739,"d":false,"h":1,"w":1,"color":"alpha"},{"row":3,"col":6,"x":13.75,"y":2.6727487658613738,"r":-8,"rx":6,"ry":0.5727487658613739,"d":false,"h":1,"w":1,"color":"alpha"},{"row":6,"col":6,"x":14.75,"y":2.6727487658613738,"r":-8,"rx":6,"ry":0.5727487658613739,"d":false,"h":1,"w":1,"color":"alpha"},{"row":3,"col":7,"x":15.75,"y":2.6727487658613738,"r":-8,"rx":6,"ry":0.5727487658613739,"d":false,"h":1,"w":1,"color":"alpha"},{"row":6,"col":7,"x":16.75,"y":2.6727487658613738,"r":-8,"rx":6,"ry":0.5727487658613739,"d":false,"h":1,"w":1,"color":"alpha"},{"row":8,"col":5,"x":13.25,"y":3.6727487658613738,"r":-8,"rx":6,"ry":0.5727487658613739,"d":false,"h":1,"w":1,"color":"alpha"},{"row":2,"col":6,"x":14.25,"y":3.6727487658613738,"r":-8,"rx":6,"ry":0.5727487658613739,"d":false,"h":1,"w":1,"color":"alpha"},{"row":7,"col":6,"x":15.25,"y":3.6727487658613738,"r":-8,"rx":6,"ry":0.5727487658613739,"d":false,"h":1,"w":1,"color":"alpha"},{"row":2,"col":7,"x":16.25,"y":3.6727487658613738,"r":-8,"rx":6,"ry":0.5727487658613739,"d":false,"h":1,"w":1,"color":"alpha"},{"row":1,"col":6,"x":13.25,"y":4.672748765861374,"r":-8,"rx":6,"ry":0.5727487658613739,"d":false,"h":1,"w":2,"color":"mod"},{"row":8,"col":6,"x":15.25,"y":4.672748765861374,"r":-8,"rx":6,"ry":0.5727487658613739,"d":false,"h":1,"w":1,"color":"mod"},{"row":1,"col":7,"x":16.25,"y":4.672748765861374,"r":-8,"rx":6,"ry":0.5727487658613739,"d":false,"h":1,"w":1,"color":"mod"}]},"matrix":{"rows":10,"cols":9},"vendorProductId":1347577208}