{"name":"CherryB.Studio CB1800","lighting":"qmk_rgblight","layouts":{"labels":["Split Backspace","ISO Enter","Split Left Shift",["Numpad Enter and Plus","All 1U","2U Enter","2U Plus","Both 2U"],["Bottom Row","1U Mods and 6U Space","1.5U Mods and 7U Space"]],"width":19.5,"height":7.25,"optionKeys":{"0":{"0":[{"row":3,"col":2,"x":13,"y":2,"r":0,"rx":-3,"ry":0,"d":false,"h":1,"w":2,"color":"mod"}],"1":[{"row":3,"col":1,"x":13,"y":2,"r":0,"rx":-3,"ry":0,"d":false,"h":1,"w":1,"color":"alpha"},{"row":3,"col":2,"x":14,"y":2,"r":0,"rx":-3,"ry":0,"d":false,"h":1,"w":1,"color":"alpha"}]},"1":{"0":[{"row":4,"col":9,"x":13.5,"y":3,"r":0,"rx":-3,"ry":0,"d":false,"h":1,"w":1.5,"color":"alpha"},{"row":6,"col":5,"x":12.75,"y":4,"r":0,"rx":-3,"ry":0,"d":false,"h":1,"w":2.25,"color":"accent"}],"1":[{"row":6,"col":5,"x":13.75,"y":3,"r":0,"rx":-3,"ry":0,"d":false,"h":2,"w":1.25,"w2":1.5,"x2":-0.25,"h2":1,"color":"accent"},{"row":6,"col":4,"x":12.75,"y":4,"r":0,"rx":-3,"ry":0,"d":false,"h":1,"w":1,"color":"alpha"}]},"2":{"0":[{"row":6,"col":10,"x":0,"y":5,"r":0,"rx":-3,"ry":0,"d":false,"h":1,"w":2.25,"color":"mod"}],"1":[{"row":6,"col":10,"x":0,"y":5,"r":0,"rx":-3,"ry":0,"d":false,"h":1,"w":1.25,"color":"mod"},{"row":7,"col":0,"x":1.25,"y":5,"r":0,"rx":-3,"ry":0,"d":false,"h":1,"w":1,"color":"alpha"}]},"3":{"0":[{"row":5,"col":2,"x":18.5,"y":3,"r":0,"rx":-3,"ry":0,"d":false,"h":1,"w":1,"color":"alpha"},{"row":6,"col":9,"x":18.5,"y":4,"r":0,"rx":-3,"ry":0,"d":false,"h":1,"w":1,"color":"alpha"},{"row":8,"col":5,"x":18.5,"y":5,"r":0,"rx":-3,"ry":0,"d":false,"h":1,"w":1,"color":"alpha"},{"row":9,"col":8,"x":18.5,"y":6,"r":0,"rx":-3,"ry":0,"d":false,"h":1,"w":1,"color":"alpha"}],"1":[{"row":5,"col":2,"x":18.5,"y":3,"r":0,"rx":-3,"ry":0,"d":false,"h":1,"w":1,"color":"alpha"},{"row":6,"col":9,"x":18.5,"y":4,"r":0,"rx":-3,"ry":0,"d":false,"h":1,"w":1,"color":"alpha"},{"row":8,"col":5,"x":18.5,"y":5,"r":0,"rx":-3,"ry":0,"d":false,"h":2,"w":1,"color":"alpha"}],"2":[{"row":5,"col":2,"x":18.5,"y":3,"r":0,"rx":-3,"ry":0,"d":false,"h":2,"w":1,"color":"alpha"},{"row":8,"col":5,"x":18.5,"y":5,"r":0,"rx":-3,"ry":0,"d":false,"h":1,"w":1,"color":"alpha"},{"row":9,"col":8,"x":18.5,"y":6,"r":0,"rx":-3,"ry":0,"d":false,"h":1,"w":1,"color":"alpha"}],"3":[{"row":5,"col":2,"x":18.5,"y":3,"r":0,"rx":-3,"ry":0,"d":false,"h":2,"w":1,"color":"alpha"},{"row":8,"col":5,"x":18.5,"y":5,"r":0,"rx":-3,"ry":0,"d":false,"h":2,"w":1,"color":"alpha"}]},"4":{"0":[{"row":8,"col":6,"x":0,"y":6,"r":0,"rx":-3,"ry":0,"d":false,"h":1,"w":1,"color":"mod"},{"row":8,"col":7,"x":1,"y":6,"r":0,"rx":-3,"ry":0,"d":false,"h":1,"w":1,"color":"mod"},{"row":8,"col":8,"x":2,"y":6,"r":0,"rx":-3,"ry":0,"d":false,"h":1,"w":1,"color":"mod"},{"row":8,"col":9,"x":3,"y":6,"r":0,"rx":-3,"ry":0,"d":false,"h":1,"w":6,"color":"alpha"},{"row":8,"col":10,"x":9,"y":6,"r":0,"rx":-3,"ry":0,"d":false,"h":1,"w":1,"color":"mod"},{"row":9,"col":0,"x":10,"y":6,"r":0,"rx":-3,"ry":0,"d":false,"h":1,"w":1,"color":"mod"},{"row":9,"col":1,"x":11,"y":6,"r":0,"rx":-3,"ry":0,"d":false,"h":1,"w":1,"color":"mod"},{"row":9,"col":2,"x":12,"y":6,"r":0,"rx":-3,"ry":0,"d":false,"h":1,"w":1,"color":"mod"}],"1":[{"row":8,"col":6,"x":0,"y":6,"r":0,"rx":-3,"ry":0,"d":false,"h":1,"w":1.5,"color":"mod"},{"row":8,"col":8,"x":1.5,"y":6,"r":0,"rx":-3,"ry":0,"d":false,"h":1,"w":1.5,"color":"mod"},{"row":8,"col":9,"x":3,"y":6,"r":0,"rx":-3,"ry":0,"d":false,"h":1,"w":7,"color":"alpha"},{"row":8,"col":10,"x":10,"y":6,"r":0,"rx":-3,"ry":0,"d":false,"h":1,"w":1.5,"color":"mod"},{"row":9,"col":2,"x":11.5,"y":6,"r":0,"rx":-3,"ry":0,"d":false,"h":1,"w":1.5,"color":"mod"}]}},"keys":[{"row":0,"col":0,"x":0,"y":0,"r":0,"rx":-3,"ry":0,"d":false,"h":1,"w":1,"color":"accent"},{"row":0,"col":1,"x":1.25,"y":0,"r":0,"rx":-3,"ry":0,"d":false,"h":1,"w":1,"color":"alpha"},{"row":0,"col":2,"x":2.25,"y":0,"r":0,"rx":-3,"ry":0,"d":false,"h":1,"w":1,"color":"alpha"},{"row":0,"col":3,"x":3.25,"y":0,"r":0,"rx":-3,"ry":0,"d":false,"h":1,"w":1,"color":"alpha"},{"row":0,"col":4,"x":4.25,"y":0,"r":0,"rx":-3,"ry":0,"d":false,"h":1,"w":1,"color":"alpha"},{"row":0,"col":5,"x":5.5,"y":0,"r":0,"rx":-3,"ry":0,"d":false,"h":1,"w":1,"color":"mod"},{"row":0,"col":6,"x":6.5,"y":0,"r":0,"rx":-3,"ry":0,"d":false,"h":1,"w":1,"color":"mod"},{"row":0,"col":7,"x":7.5,"y":0,"r":0,"rx":-3,"ry":0,"d":false,"h":1,"w":1,"color":"mod"},{"row":0,"col":8,"x":8.5,"y":0,"r":0,"rx":-3,"ry":0,"d":false,"h":1,"w":1,"color":"mod"},{"row":0,"col":9,"x":9.75,"y":0,"r":0,"rx":-3,"ry":0,"d":false,"h":1,"w":1,"color":"alpha"},{"row":0,"col":10,"x":10.75,"y":0,"r":0,"rx":-3,"ry":0,"d":false,"h":1,"w":1,"color":"alpha"},{"row":1,"col":0,"x":11.75,"y":0,"r":0,"rx":-3,"ry":0,"d":false,"h":1,"w":1,"color":"alpha"},{"row":1,"col":1,"x":12.75,"y":0,"r":0,"rx":-3,"ry":0,"d":false,"h":1,"w":1,"color":"alpha"},{"row":9,"col":9,"x":14,"y":0,"r":0,"rx":-3,"ry":0,"d":false,"h":1,"w":1,"color":"mod"},{"row":1,"col":2,"x":15.5,"y":0,"r":0,"rx":-3,"ry":0,"d":false,"h":1,"w":1,"color":"alpha"},{"row":1,"col":3,"x":16.5,"y":0,"r":0,"rx":-3,"ry":0,"d":false,"h":1,"w":1,"color":"alpha"},{"row":1,"col":4,"x":17.5,"y":0,"r":0,"rx":-3,"ry":0,"d":false,"h":1,"w":1,"color":"alpha"},{"row":1,"col":5,"x":18.5,"y":0,"r":0,"rx":-3,"ry":0,"d":false,"h":1,"w":1,"color":"alpha"},{"row":1,"col":6,"x":15.5,"y":1,"r":0,"rx":-3,"ry":0,"d":false,"h":1,"w":1,"color":"alpha"},{"row":1,"col":7,"x":16.5,"y":1,"r":0,"rx":-3,"ry":0,"d":false,"h":1,"w":1,"color":"alpha"},{"row":1,"col":8,"x":17.5,"y":1,"r":0,"rx":-3,"ry":0,"d":false,"h":1,"w":1,"color":"alpha"},{"row":1,"col":9,"x":18.5,"y":1,"r":0,"rx":-3,"ry":0,"d":false,"h":1,"w":1,"color":"alpha"},{"row":1,"col":10,"x":0,"y":2,"r":0,"rx":-3,"ry":0,"d":false,"h":1,"w":1,"color":"alpha"},{"row":2,"col":0,"x":1,"y":2,"r":0,"rx":-3,"ry":0,"d":false,"h":1,"w":1,"color":"alpha"},{"row":2,"col":1,"x":2,"y":2,"r":0,"rx":-3,"ry":0,"d":false,"h":1,"w":1,"color":"alpha"},{"row":2,"col":2,"x":3,"y":2,"r":0,"rx":-3,"ry":0,"d":false,"h":1,"w":1,"color":"alpha"},{"row":2,"col":3,"x":4,"y":2,"r":0,"rx":-3,"ry":0,"d":false,"h":1,"w":1,"color":"alpha"},{"row":2,"col":4,"x":5,"y":2,"r":0,"rx":-3,"ry":0,"d":false,"h":1,"w":1,"color":"alpha"},{"row":2,"col":5,"x":6,"y":2,"r":0,"rx":-3,"ry":0,"d":false,"h":1,"w":1,"color":"alpha"},{"row":2,"col":6,"x":7,"y":2,"r":0,"rx":-3,"ry":0,"d":false,"h":1,"w":1,"color":"alpha"},{"row":2,"col":7,"x":8,"y":2,"r":0,"rx":-3,"ry":0,"d":false,"h":1,"w":1,"color":"alpha"},{"row":2,"col":8,"x":9,"y":2,"r":0,"rx":-3,"ry":0,"d":false,"h":1,"w":1,"color":"alpha"},{"row":2,"col":9,"x":10,"y":2,"r":0,"rx":-3,"ry":0,"d":false,"h":1,"w":1,"color":"alpha"},{"row":2,"col":10,"x":11,"y":2,"r":0,"rx":-3,"ry":0,"d":false,"h":1,"w":1,"color":"alpha"},{"row":3,"col":0,"x":12,"y":2,"r":0,"rx":-3,"ry":0,"d":false,"h":1,"w":1,"color":"alpha"},{"row":3,"col":3,"x":15.5,"y":2,"r":0,"rx":-3,"ry":0,"d":false,"h":1,"w":1,"color":"alpha"},{"row":3,"col":4,"x":16.5,"y":2,"r":0,"rx":-3,"ry":0,"d":false,"h":1,"w":1,"color":"alpha"},{"row":3,"col":5,"x":17.5,"y":2,"r":0,"rx":-3,"ry":0,"d":false,"h":1,"w":1,"color":"alpha"},{"row":3,"col":6,"x":18.5,"y":2,"r":0,"rx":-3,"ry":0,"d":false,"h":1,"w":1,"color":"alpha"},{"row":3,"col":7,"x":0,"y":3,"r":0,"rx":-3,"ry":0,"d":false,"h":1,"w":1.5,"color":"mod"},{"row":3,"col":8,"x":1.5,"y":3,"r":0,"rx":-3,"ry":0,"d":false,"h":1,"w":1,"color":"alpha"},{"row":3,"col":9,"x":2.5,"y":3,"r":0,"rx":-3,"ry":0,"d":false,"h":1,"w":1,"color":"alpha"},{"row":3,"col":10,"x":3.5,"y":3,"r":0,"rx":-3,"ry":0,"d":false,"h":1,"w":1,"color":"alpha"},{"row":4,"col":0,"x":4.5,"y":3,"r":0,"rx":-3,"ry":0,"d":false,"h":1,"w":1,"color":"alpha"},{"row":4,"col":1,"x":5.5,"y":3,"r":0,"rx":-3,"ry":0,"d":false,"h":1,"w":1,"color":"alpha"},{"row":4,"col":2,"x":6.5,"y":3,"r":0,"rx":-3,"ry":0,"d":false,"h":1,"w":1,"color":"alpha"},{"row":4,"col":3,"x":7.5,"y":3,"r":0,"rx":-3,"ry":0,"d":false,"h":1,"w":1,"color":"alpha"},{"row":4,"col":4,"x":8.5,"y":3,"r":0,"rx":-3,"ry":0,"d":false,"h":1,"w":1,"color":"alpha"},{"row":4,"col":5,"x":9.5,"y":3,"r":0,"rx":-3,"ry":0,"d":false,"h":1,"w":1,"color":"alpha"},{"row":4,"col":6,"x":10.5,"y":3,"r":0,"rx":-3,"ry":0,"d":false,"h":1,"w":1,"color":"alpha"},{"row":4,"col":7,"x":11.5,"y":3,"r":0,"rx":-3,"ry":0,"d":false,"h":1,"w":1,"color":"alpha"},{"row":4,"col":8,"x":12.5,"y":3,"r":0,"rx":-3,"ry":0,"d":false,"h":1,"w":1,"color":"alpha"},{"row":4,"col":10,"x":15.5,"y":3,"r":0,"rx":-3,"ry":0,"d":false,"h":1,"w":1,"color":"alpha"},{"row":5,"col":0,"x":16.5,"y":3,"r":0,"rx":-3,"ry":0,"d":false,"h":1,"w":1,"color":"alpha"},{"row":5,"col":1,"x":17.5,"y":3,"r":0,"rx":-3,"ry":0,"d":false,"h":1,"w":1,"color":"alpha"},{"row":5,"col":3,"x":0,"y":4,"r":0,"rx":-3,"ry":0,"d":false,"h":1,"w":1.75,"color":"mod"},{"row":5,"col":4,"x":1.75,"y":4,"r":0,"rx":-3,"ry":0,"d":false,"h":1,"w":1,"color":"alpha"},{"row":5,"col":5,"x":2.75,"y":4,"r":0,"rx":-3,"ry":0,"d":false,"h":1,"w":1,"color":"alpha"},{"row":5,"col":6,"x":3.75,"y":4,"r":0,"rx":-3,"ry":0,"d":false,"h":1,"w":1,"color":"alpha"},{"row":5,"col":7,"x":4.75,"y":4,"r":0,"rx":-3,"ry":0,"d":false,"h":1,"w":1,"color":"alpha"},{"row":5,"col":8,"x":5.75,"y":4,"r":0,"rx":-3,"ry":0,"d":false,"h":1,"w":1,"color":"alpha"},{"row":5,"col":9,"x":6.75,"y":4,"r":0,"rx":-3,"ry":0,"d":false,"h":1,"w":1,"color":"alpha"},{"row":5,"col":10,"x":7.75,"y":4,"r":0,"rx":-3,"ry":0,"d":false,"h":1,"w":1,"color":"alpha"},{"row":6,"col":0,"x":8.75,"y":4,"r":0,"rx":-3,"ry":0,"d":false,"h":1,"w":1,"color":"alpha"},{"row":6,"col":1,"x":9.75,"y":4,"r":0,"rx":-3,"ry":0,"d":false,"h":1,"w":1,"color":"alpha"},{"row":6,"col":2,"x":10.75,"y":4,"r":0,"rx":-3,"ry":0,"d":false,"h":1,"w":1,"color":"alpha"},{"row":6,"col":3,"x":11.75,"y":4,"r":0,"rx":-3,"ry":0,"d":false,"h":1,"w":1,"color":"alpha"},{"row":6,"col":6,"x":15.5,"y":4,"r":0,"rx":-3,"ry":0,"d":false,"h":1,"w":1,"color":"alpha"},{"row":6,"col":7,"x":16.5,"y":4,"r":0,"rx":-3,"ry":0,"d":false,"h":1,"w":1,"color":"alpha"},{"row":6,"col":8,"x":17.5,"y":4,"r":0,"rx":-3,"ry":0,"d":false,"h":1,"w":1,"color":"alpha"},{"row":7,"col":1,"x":2.25,"y":5,"r":0,"rx":-3,"ry":0,"d":false,"h":1,"w":1,"color":"alpha"},{"row":7,"col":2,"x":3.25,"y":5,"r":0,"rx":-3,"ry":0,"d":false,"h":1,"w":1,"color":"alpha"},{"row":7,"col":3,"x":4.25,"y":5,"r":0,"rx":-3,"ry":0,"d":false,"h":1,"w":1,"color":"alpha"},{"row":7,"col":4,"x":5.25,"y":5,"r":0,"rx":-3,"ry":0,"d":false,"h":1,"w":1,"color":"alpha"},{"row":7,"col":5,"x":6.25,"y":5,"r":0,"rx":-3,"ry":0,"d":false,"h":1,"w":1,"color":"alpha"},{"row":7,"col":6,"x":7.25,"y":5,"r":0,"rx":-3,"ry":0,"d":false,"h":1,"w":1,"color":"alpha"},{"row":7,"col":7,"x":8.25,"y":5,"r":0,"rx":-3,"ry":0,"d":false,"h":1,"w":1,"color":"alpha"},{"row":7,"col":8,"x":9.25,"y":5,"r":0,"rx":-3,"ry":0,"d":false,"h":1,"w":1,"color":"alpha"},{"row":7,"col":9,"x":10.25,"y":5,"r":0,"rx":-3,"ry":0,"d":false,"h":1,"w":1,"color":"alpha"},{"row":7,"col":10,"x":11.25,"y":5,"r":0,"rx":-3,"ry":0,"d":false,"h":1,"w":1,"color":"alpha"},{"row":8,"col":0,"x":12.25,"y":5,"r":0,"rx":-3,"ry":0,"d":false,"h":1,"w":1.75,"color":"mod"},{"row":8,"col":2,"x":15.5,"y":5,"r":0,"rx":-3,"ry":0,"d":false,"h":1,"w":1,"color":"alpha"},{"row":8,"col":3,"x":16.5,"y":5,"r":0,"rx":-3,"ry":0,"d":false,"h":1,"w":1,"color":"alpha"},{"row":8,"col":4,"x":17.5,"y":5,"r":0,"rx":-3,"ry":0,"d":false,"h":1,"w":1,"color":"alpha"},{"row":8,"col":1,"x":14.25,"y":5.25,"r":0,"rx":-3,"ry":0,"d":false,"h":1,"w":1,"color":"alpha"},{"row":9,"col":6,"x":16.5,"y":6,"r":0,"rx":-3,"ry":0,"d":false,"h":1,"w":1,"color":"alpha"},{"row":9,"col":7,"x":17.5,"y":6,"r":0,"rx":-3,"ry":0,"d":false,"h":1,"w":1,"color":"alpha"},{"row":9,"col":3,"x":13.25,"y":6.25,"r":0,"rx":-3,"ry":0,"d":false,"h":1,"w":1,"color":"alpha"},{"row":9,"col":4,"x":14.25,"y":6.25,"r":0,"rx":-3,"ry":0,"d":false,"h":1,"w":1,"color":"alpha"},{"row":9,"col":5,"x":15.25,"y":6.25,"r":0,"rx":-3,"ry":0,"d":false,"h":1,"w":1,"color":"alpha"}]},"matrix":{"rows":10,"cols":11},"vendorProductId":1128405016}