{"name":"Controller Works mini36","lighting":"none","layouts":{"width":17,"height":5.134519052838329,"optionKeys":{},"keys":[{"row":0,"col":2,"x":2,"y":0,"r":0,"rx":-1,"ry":0,"d":false,"h":1,"w":1,"color":"alpha"},{"row":4,"col":2,"x":14,"y":0,"r":0,"rx":-1,"ry":0,"d":false,"h":1,"w":1,"color":"alpha"},{"row":0,"col":1,"x":1,"y":0.14,"r":0,"rx":-1,"ry":0,"d":false,"h":1,"w":1,"color":"alpha"},{"row":0,"col":3,"x":3,"y":0.14,"r":0,"rx":-1,"ry":0,"d":false,"h":1,"w":1,"color":"alpha"},{"row":4,"col":1,"x":13,"y":0.14,"r":0,"rx":-1,"ry":0,"d":false,"h":1,"w":1,"color":"alpha"},{"row":4,"col":3,"x":15,"y":0.14,"r":0,"rx":-1,"ry":0,"d":false,"h":1,"w":1,"color":"alpha"},{"row":0,"col":4,"x":4,"y":0.28000000000000014,"r":0,"rx":-1,"ry":0,"d":false,"h":1,"w":1,"color":"alpha"},{"row":4,"col":0,"x":12,"y":0.28000000000000014,"r":0,"rx":-1,"ry":0,"d":false,"h":1,"w":1,"color":"alpha"},{"row":0,"col":0,"x":0,"y":0.42000000000000026,"r":0,"rx":-1,"ry":0,"d":false,"h":1,"w":1,"color":"alpha"},{"row":4,"col":4,"x":16,"y":0.42000000000000026,"r":0,"rx":-1,"ry":0,"d":false,"h":1,"w":1,"color":"alpha"},{"row":1,"col":2,"x":2,"y":1.0000000000000004,"r":0,"rx":-1,"ry":0,"d":false,"h":1,"w":1,"color":"alpha"},{"row":5,"col":2,"x":14,"y":1.0000000000000004,"r":0,"rx":-1,"ry":0,"d":false,"h":1,"w":1,"color":"alpha"},{"row":1,"col":1,"x":1,"y":1.1400000000000006,"r":0,"rx":-1,"ry":0,"d":false,"h":1,"w":1,"color":"alpha"},{"row":1,"col":3,"x":3,"y":1.1400000000000006,"r":0,"rx":-1,"ry":0,"d":false,"h":1,"w":1,"color":"alpha"},{"row":5,"col":1,"x":13,"y":1.1400000000000006,"r":0,"rx":-1,"ry":0,"d":false,"h":1,"w":1,"color":"alpha"},{"row":5,"col":3,"x":15,"y":1.1400000000000006,"r":0,"rx":-1,"ry":0,"d":false,"h":1,"w":1,"color":"alpha"},{"row":1,"col":4,"x":4,"y":1.2800000000000007,"r":0,"rx":-1,"ry":0,"d":false,"h":1,"w":1,"color":"alpha"},{"row":5,"col":0,"x":12,"y":1.2800000000000007,"r":0,"rx":-1,"ry":0,"d":false,"h":1,"w":1,"color":"alpha"},{"row":1,"col":0,"x":0,"y":1.4200000000000008,"r":0,"rx":-1,"ry":0,"d":false,"h":1,"w":1,"color":"alpha"},{"row":5,"col":4,"x":16,"y":1.4200000000000008,"r":0,"rx":-1,"ry":0,"d":false,"h":1,"w":1,"color":"alpha"},{"row":2,"col":2,"x":2,"y":2.000000000000001,"r":0,"rx":-1,"ry":0,"d":false,"h":1,"w":1,"color":"alpha"},{"row":6,"col":2,"x":14,"y":2.000000000000001,"r":0,"rx":-1,"ry":0,"d":false,"h":1,"w":1,"color":"alpha"},{"row":2,"col":1,"x":1,"y":2.140000000000001,"r":0,"rx":-1,"ry":0,"d":false,"h":1,"w":1,"color":"alpha"},{"row":2,"col":3,"x":3,"y":2.140000000000001,"r":0,"rx":-1,"ry":0,"d":false,"h":1,"w":1,"color":"alpha"},{"row":6,"col":1,"x":13,"y":2.140000000000001,"r":0,"rx":-1,"ry":0,"d":false,"h":1,"w":1,"color":"alpha"},{"row":6,"col":3,"x":15,"y":2.140000000000001,"r":0,"rx":-1,"ry":0,"d":false,"h":1,"w":1,"color":"alpha"},{"row":2,"col":4,"x":4,"y":2.280000000000001,"r":0,"rx":-1,"ry":0,"d":false,"h":1,"w":1,"color":"alpha"},{"row":6,"col":0,"x":12,"y":2.280000000000001,"r":0,"rx":-1,"ry":0,"d":false,"h":1,"w":1,"color":"alpha"},{"row":2,"col":0,"x":0,"y":2.4200000000000013,"r":0,"rx":-1,"ry":0,"d":false,"h":1,"w":1,"color":"alpha"},{"row":6,"col":4,"x":16,"y":2.4200000000000013,"r":0,"rx":-1,"ry":0,"d":false,"h":1,"w":1,"color":"alpha"},{"row":3,"col":0,"x":2.5,"y":3.240000000000001,"r":0,"rx":-1,"ry":0,"d":false,"h":1,"w":1,"color":"mod"},{"row":7,"col":2,"x":13.5,"y":3.240000000000001,"r":0,"rx":-1,"ry":0,"d":false,"h":1,"w":1,"color":"mod"},{"row":3,"col":1,"x":3.75,"y":3.4,"r":15,"rx":4.25,"ry":3.9,"d":false,"h":1,"w":1,"color":"mod"},{"row":3,"col":2,"x":5,"y":3.6100000000000003,"r":30,"rx":5.75,"ry":4.36,"d":false,"h":1.5,"w":1,"color":"mod"},{"row":7,"col":0,"x":11,"y":3.6100000000000003,"r":-30,"rx":11,"ry":4.36,"d":false,"h":1.5,"w":1,"color":"mod"},{"row":7,"col":1,"x":12.25,"y":3.4,"r":-15,"rx":12.75,"ry":3.9,"d":false,"h":1,"w":1,"color":"mod"}]},"matrix":{"rows":8,"cols":5},"vendorProductId":1129775108}