{"name":"Evyd13 Eon75","lighting":"none","layouts":{"labels":[["Enter Key","ANSI","ISO"],"Split Left Shift","Split Backspace",["Bottom row","6.25u - 2x1.5u","6.25u - 3x1u","7u - 2x1.5u","7u - 3x1u","6u - 2x1.5u","6u - 3x1u"]],"width":16.5,"height":6.5,"optionKeys":{"0":{"0":[{"row":4,"col":7,"x":13.5,"y":2.25,"r":0,"rx":-2.75,"ry":0,"d":false,"h":1,"w":1.5,"color":"alpha"},{"row":7,"col":6,"x":12.75,"y":3.25,"r":0,"rx":-2.75,"ry":0,"d":false,"h":1,"w":2.25,"color":"accent"}],"1":[{"row":7,"col":6,"x":13.75,"y":2.25,"r":0,"rx":-2.75,"ry":0,"d":false,"h":2,"w":1.25,"w2":1.5,"x2":-0.25,"h2":1,"color":"accent"},{"row":6,"col":6,"x":12.75,"y":3.25,"r":0,"rx":-2.75,"ry":0,"d":false,"h":1,"w":1,"color":"alpha"}]},"1":{"0":[{"row":8,"col":0,"x":0,"y":4.25,"r":0,"rx":-2.75,"ry":0,"d":false,"h":1,"w":2.25,"color":"mod"}],"1":[{"row":8,"col":0,"x":0,"y":4.25,"r":0,"rx":-2.75,"ry":0,"d":false,"h":1,"w":1.25,"color":"mod"},{"row":9,"col":0,"x":1.25,"y":4.25,"r":0,"rx":-2.75,"ry":0,"d":false,"h":1,"w":1,"color":"alpha"}]},"2":{"0":[{"row":2,"col":7,"x":13,"y":1.25,"r":0,"rx":-2.75,"ry":0,"d":false,"h":1,"w":2,"color":"mod"}],"1":[{"row":3,"col":6,"x":13,"y":1.25,"r":0,"rx":-2.75,"ry":0,"d":false,"h":1,"w":1,"color":"alpha"},{"row":2,"col":7,"x":14,"y":1.25,"r":0,"rx":-2.75,"ry":0,"d":false,"h":1,"w":1,"color":"alpha"}]},"3":{"0":[{"row":10,"col":0,"x":0,"y":5.25,"r":0,"rx":-2.75,"ry":0,"d":false,"h":1,"w":1.25,"color":"mod"},{"row":11,"col":0,"x":1.25,"y":5.25,"r":0,"rx":-2.75,"ry":0,"d":false,"h":1,"w":1.25,"color":"mod"},{"row":10,"col":1,"x":2.5,"y":5.25,"r":0,"rx":-2.75,"ry":0,"d":false,"h":1,"w":1.25,"color":"mod"},{"row":11,"col":3,"x":3.75,"y":5.25,"r":0,"rx":-2.75,"ry":0,"d":false,"h":1,"w":6.25,"color":"alpha"},{"row":10,"col":5,"x":10,"y":5.25,"r":0,"rx":-2.75,"ry":0,"d":false,"h":1,"w":1.5,"color":"mod"},{"row":10,"col":6,"x":11.5,"y":5.25,"r":0,"rx":-2.75,"ry":0,"d":false,"h":1,"w":1.5,"color":"mod"}],"1":[{"row":10,"col":0,"x":0,"y":5.25,"r":0,"rx":-2.75,"ry":0,"d":false,"h":1,"w":1.25,"color":"mod"},{"row":11,"col":0,"x":1.25,"y":5.25,"r":0,"rx":-2.75,"ry":0,"d":false,"h":1,"w":1.25,"color":"mod"},{"row":10,"col":1,"x":2.5,"y":5.25,"r":0,"rx":-2.75,"ry":0,"d":false,"h":1,"w":1.25,"color":"mod"},{"row":11,"col":3,"x":3.75,"y":5.25,"r":0,"rx":-2.75,"ry":0,"d":false,"h":1,"w":6.25,"color":"alpha"},{"row":10,"col":5,"x":10,"y":5.25,"r":0,"rx":-2.75,"ry":0,"d":false,"h":1,"w":1,"color":"mod"},{"row":11,"col":5,"x":11,"y":5.25,"r":0,"rx":-2.75,"ry":0,"d":false,"h":1,"w":1,"color":"mod"},{"row":10,"col":6,"x":12,"y":5.25,"r":0,"rx":-2.75,"ry":0,"d":false,"h":1,"w":1,"color":"mod"}],"2":[{"row":10,"col":0,"x":0,"y":5.25,"r":0,"rx":-2.75,"ry":0,"d":false,"h":1,"w":1.5,"color":"mod"},{"row":11,"col":0,"x":1.5,"y":5.25,"r":0,"rx":-2.75,"ry":0,"d":false,"h":1,"w":1.5,"color":"mod"},{"row":11,"col":3,"x":3,"y":5.25,"r":0,"rx":-2.75,"ry":0,"d":false,"h":1,"w":7,"color":"alpha"},{"row":10,"col":5,"x":10,"y":5.25,"r":0,"rx":-2.75,"ry":0,"d":false,"h":1,"w":1.5,"color":"mod"},{"row":10,"col":6,"x":11.5,"y":5.25,"r":0,"rx":-2.75,"ry":0,"d":false,"h":1,"w":1.5,"color":"mod"}],"3":[{"row":10,"col":0,"x":0,"y":5.25,"r":0,"rx":-2.75,"ry":0,"d":false,"h":1,"w":1.5,"color":"mod"},{"row":11,"col":0,"x":1.5,"y":5.25,"r":0,"rx":-2.75,"ry":0,"d":false,"h":1,"w":1.5,"color":"mod"},{"row":11,"col":3,"x":3,"y":5.25,"r":0,"rx":-2.75,"ry":0,"d":false,"h":1,"w":7,"color":"alpha"},{"row":10,"col":5,"x":10,"y":5.25,"r":0,"rx":-2.75,"ry":0,"d":false,"h":1,"w":1,"color":"mod"},{"row":11,"col":5,"x":11,"y":5.25,"r":0,"rx":-2.75,"ry":0,"d":false,"h":1,"w":1,"color":"mod"},{"row":10,"col":6,"x":12,"y":5.25,"r":0,"rx":-2.75,"ry":0,"d":false,"h":1,"w":1,"color":"mod"}],"4":[{"row":10,"col":0,"x":0,"y":5.25,"r":0,"rx":-2.75,"ry":0,"d":false,"h":1,"w":1.5,"color":"mod"},{"row":11,"col":0,"x":1.5,"y":5.25,"r":0,"rx":-2.75,"ry":0,"d":false,"h":1,"w":1,"color":"mod"},{"row":10,"col":1,"x":2.5,"y":5.25,"r":0,"rx":-2.75,"ry":0,"d":false,"h":1,"w":1.5,"color":"mod"},{"row":11,"col":3,"x":4,"y":5.25,"r":0,"rx":-2.75,"ry":0,"d":false,"h":1,"w":6,"color":"alpha"},{"row":10,"col":5,"x":10,"y":5.25,"r":0,"rx":-2.75,"ry":0,"d":false,"h":1,"w":1.5,"color":"mod"},{"row":10,"col":6,"x":11.5,"y":5.25,"r":0,"rx":-2.75,"ry":0,"d":false,"h":1,"w":1.5,"color":"mod"}],"5":[{"row":10,"col":0,"x":0,"y":5.25,"r":0,"rx":-2.75,"ry":0,"d":false,"h":1,"w":1.5,"color":"mod"},{"row":11,"col":0,"x":1.5,"y":5.25,"r":0,"rx":-2.75,"ry":0,"d":false,"h":1,"w":1,"color":"mod"},{"row":10,"col":1,"x":2.5,"y":5.25,"r":0,"rx":-2.75,"ry":0,"d":false,"h":1,"w":1.5,"color":"mod"},{"row":11,"col":3,"x":4,"y":5.25,"r":0,"rx":-2.75,"ry":0,"d":false,"h":1,"w":6,"color":"alpha"},{"row":10,"col":5,"x":10,"y":5.25,"r":0,"rx":-2.75,"ry":0,"d":false,"h":1,"w":1,"color":"mod"},{"row":11,"col":5,"x":11,"y":5.25,"r":0,"rx":-2.75,"ry":0,"d":false,"h":1,"w":1,"color":"mod"},{"row":10,"col":6,"x":12,"y":5.25,"r":0,"rx":-2.75,"ry":0,"d":false,"h":1,"w":1,"color":"mod"}]}},"keys":[{"row":0,"col":0,"x":0,"y":0,"r":0,"rx":-2.75,"ry":0,"d":false,"h":1,"w":1,"color":"accent"},{"row":1,"col":0,"x":1.5,"y":0,"r":0,"rx":-2.75,"ry":0,"d":false,"h":1,"w":1,"color":"alpha"},{"row":0,"col":1,"x":2.5,"y":0,"r":0,"rx":-2.75,"ry":0,"d":false,"h":1,"w":1,"color":"alpha"},{"row":1,"col":1,"x":3.5,"y":0,"r":0,"rx":-2.75,"ry":0,"d":false,"h":1,"w":1,"color":"alpha"},{"row":0,"col":2,"x":4.5,"y":0,"r":0,"rx":-2.75,"ry":0,"d":false,"h":1,"w":1,"color":"alpha"},{"row":0,"col":3,"x":5.75,"y":0,"r":0,"rx":-2.75,"ry":0,"d":false,"h":1,"w":1,"color":"mod"},{"row":1,"col":3,"x":6.75,"y":0,"r":0,"rx":-2.75,"ry":0,"d":false,"h":1,"w":1,"color":"mod"},{"row":0,"col":4,"x":7.75,"y":0,"r":0,"rx":-2.75,"ry":0,"d":false,"h":1,"w":1,"color":"mod"},{"row":1,"col":4,"x":8.75,"y":0,"r":0,"rx":-2.75,"ry":0,"d":false,"h":1,"w":1,"color":"mod"},{"row":0,"col":5,"x":10,"y":0,"r":0,"rx":-2.75,"ry":0,"d":false,"h":1,"w":1,"color":"alpha"},{"row":1,"col":5,"x":11,"y":0,"r":0,"rx":-2.75,"ry":0,"d":false,"h":1,"w":1,"color":"alpha"},{"row":0,"col":6,"x":12,"y":0,"r":0,"rx":-2.75,"ry":0,"d":false,"h":1,"w":1,"color":"alpha"},{"row":1,"col":6,"x":13,"y":0,"r":0,"rx":-2.75,"ry":0,"d":false,"h":1,"w":1,"color":"alpha"},{"row":0,"col":7,"x":14.5,"y":0,"r":0,"rx":-2.75,"ry":0,"d":false,"h":1,"w":1,"color":"mod"},{"row":1,"col":7,"x":15.5,"y":0,"r":0,"rx":-2.75,"ry":0,"d":false,"h":1,"w":1,"color":"mod"},{"row":2,"col":0,"x":0,"y":1.25,"r":0,"rx":-2.75,"ry":0,"d":false,"h":1,"w":1,"color":"alpha"},{"row":3,"col":0,"x":1,"y":1.25,"r":0,"rx":-2.75,"ry":0,"d":false,"h":1,"w":1,"color":"alpha"},{"row":2,"col":1,"x":2,"y":1.25,"r":0,"rx":-2.75,"ry":0,"d":false,"h":1,"w":1,"color":"alpha"},{"row":3,"col":1,"x":3,"y":1.25,"r":0,"rx":-2.75,"ry":0,"d":false,"h":1,"w":1,"color":"alpha"},{"row":2,"col":2,"x":4,"y":1.25,"r":0,"rx":-2.75,"ry":0,"d":false,"h":1,"w":1,"color":"alpha"},{"row":3,"col":2,"x":5,"y":1.25,"r":0,"rx":-2.75,"ry":0,"d":false,"h":1,"w":1,"color":"alpha"},{"row":2,"col":3,"x":6,"y":1.25,"r":0,"rx":-2.75,"ry":0,"d":false,"h":1,"w":1,"color":"alpha"},{"row":3,"col":3,"x":7,"y":1.25,"r":0,"rx":-2.75,"ry":0,"d":false,"h":1,"w":1,"color":"alpha"},{"row":2,"col":4,"x":8,"y":1.25,"r":0,"rx":-2.75,"ry":0,"d":false,"h":1,"w":1,"color":"alpha"},{"row":3,"col":4,"x":9,"y":1.25,"r":0,"rx":-2.75,"ry":0,"d":false,"h":1,"w":1,"color":"alpha"},{"row":2,"col":5,"x":10,"y":1.25,"r":0,"rx":-2.75,"ry":0,"d":false,"h":1,"w":1,"color":"alpha"},{"row":3,"col":5,"x":11,"y":1.25,"r":0,"rx":-2.75,"ry":0,"d":false,"h":1,"w":1,"color":"alpha"},{"row":2,"col":6,"x":12,"y":1.25,"r":0,"rx":-2.75,"ry":0,"d":false,"h":1,"w":1,"color":"alpha"},{"row":3,"col":7,"x":15.5,"y":1.25,"r":0,"rx":-2.75,"ry":0,"d":false,"h":1,"w":1,"color":"mod"},{"row":4,"col":0,"x":0,"y":2.25,"r":0,"rx":-2.75,"ry":0,"d":false,"h":1,"w":1.5,"color":"mod"},{"row":5,"col":0,"x":1.5,"y":2.25,"r":0,"rx":-2.75,"ry":0,"d":false,"h":1,"w":1,"color":"alpha"},{"row":4,"col":1,"x":2.5,"y":2.25,"r":0,"rx":-2.75,"ry":0,"d":false,"h":1,"w":1,"color":"alpha"},{"row":5,"col":1,"x":3.5,"y":2.25,"r":0,"rx":-2.75,"ry":0,"d":false,"h":1,"w":1,"color":"alpha"},{"row":4,"col":2,"x":4.5,"y":2.25,"r":0,"rx":-2.75,"ry":0,"d":false,"h":1,"w":1,"color":"alpha"},{"row":5,"col":2,"x":5.5,"y":2.25,"r":0,"rx":-2.75,"ry":0,"d":false,"h":1,"w":1,"color":"alpha"},{"row":4,"col":3,"x":6.5,"y":2.25,"r":0,"rx":-2.75,"ry":0,"d":false,"h":1,"w":1,"color":"alpha"},{"row":5,"col":3,"x":7.5,"y":2.25,"r":0,"rx":-2.75,"ry":0,"d":false,"h":1,"w":1,"color":"alpha"},{"row":4,"col":4,"x":8.5,"y":2.25,"r":0,"rx":-2.75,"ry":0,"d":false,"h":1,"w":1,"color":"alpha"},{"row":5,"col":4,"x":9.5,"y":2.25,"r":0,"rx":-2.75,"ry":0,"d":false,"h":1,"w":1,"color":"alpha"},{"row":4,"col":5,"x":10.5,"y":2.25,"r":0,"rx":-2.75,"ry":0,"d":false,"h":1,"w":1,"color":"alpha"},{"row":5,"col":5,"x":11.5,"y":2.25,"r":0,"rx":-2.75,"ry":0,"d":false,"h":1,"w":1,"color":"alpha"},{"row":4,"col":6,"x":12.5,"y":2.25,"r":0,"rx":-2.75,"ry":0,"d":false,"h":1,"w":1,"color":"alpha"},{"row":5,"col":7,"x":15.5,"y":2.25,"r":0,"rx":-2.75,"ry":0,"d":false,"h":1,"w":1,"color":"mod"},{"row":6,"col":0,"x":0,"y":3.25,"r":0,"rx":-2.75,"ry":0,"d":false,"h":1,"w":1.75,"color":"mod"},{"row":7,"col":0,"x":1.75,"y":3.25,"r":0,"rx":-2.75,"ry":0,"d":false,"h":1,"w":1,"color":"alpha"},{"row":6,"col":1,"x":2.75,"y":3.25,"r":0,"rx":-2.75,"ry":0,"d":false,"h":1,"w":1,"color":"alpha"},{"row":7,"col":1,"x":3.75,"y":3.25,"r":0,"rx":-2.75,"ry":0,"d":false,"h":1,"w":1,"color":"alpha"},{"row":6,"col":2,"x":4.75,"y":3.25,"r":0,"rx":-2.75,"ry":0,"d":false,"h":1,"w":1,"color":"alpha"},{"row":7,"col":2,"x":5.75,"y":3.25,"r":0,"rx":-2.75,"ry":0,"d":false,"h":1,"w":1,"color":"alpha"},{"row":6,"col":3,"x":6.75,"y":3.25,"r":0,"rx":-2.75,"ry":0,"d":false,"h":1,"w":1,"color":"alpha"},{"row":7,"col":3,"x":7.75,"y":3.25,"r":0,"rx":-2.75,"ry":0,"d":false,"h":1,"w":1,"color":"alpha"},{"row":6,"col":4,"x":8.75,"y":3.25,"r":0,"rx":-2.75,"ry":0,"d":false,"h":1,"w":1,"color":"alpha"},{"row":7,"col":4,"x":9.75,"y":3.25,"r":0,"rx":-2.75,"ry":0,"d":false,"h":1,"w":1,"color":"alpha"},{"row":6,"col":5,"x":10.75,"y":3.25,"r":0,"rx":-2.75,"ry":0,"d":false,"h":1,"w":1,"color":"alpha"},{"row":7,"col":5,"x":11.75,"y":3.25,"r":0,"rx":-2.75,"ry":0,"d":false,"h":1,"w":1,"color":"alpha"},{"row":7,"col":7,"x":15.5,"y":3.25,"r":0,"rx":-2.75,"ry":0,"d":false,"h":1,"w":1,"color":"mod"},{"row":8,"col":1,"x":2.25,"y":4.25,"r":0,"rx":-2.75,"ry":0,"d":false,"h":1,"w":1,"color":"alpha"},{"row":9,"col":1,"x":3.25,"y":4.25,"r":0,"rx":-2.75,"ry":0,"d":false,"h":1,"w":1,"color":"alpha"},{"row":8,"col":2,"x":4.25,"y":4.25,"r":0,"rx":-2.75,"ry":0,"d":false,"h":1,"w":1,"color":"alpha"},{"row":9,"col":2,"x":5.25,"y":4.25,"r":0,"rx":-2.75,"ry":0,"d":false,"h":1,"w":1,"color":"alpha"},{"row":8,"col":3,"x":6.25,"y":4.25,"r":0,"rx":-2.75,"ry":0,"d":false,"h":1,"w":1,"color":"alpha"},{"row":9,"col":3,"x":7.25,"y":4.25,"r":0,"rx":-2.75,"ry":0,"d":false,"h":1,"w":1,"color":"alpha"},{"row":8,"col":4,"x":8.25,"y":4.25,"r":0,"rx":-2.75,"ry":0,"d":false,"h":1,"w":1,"color":"alpha"},{"row":9,"col":4,"x":9.25,"y":4.25,"r":0,"rx":-2.75,"ry":0,"d":false,"h":1,"w":1,"color":"alpha"},{"row":8,"col":5,"x":10.25,"y":4.25,"r":0,"rx":-2.75,"ry":0,"d":false,"h":1,"w":1,"color":"alpha"},{"row":9,"col":5,"x":11.25,"y":4.25,"r":0,"rx":-2.75,"ry":0,"d":false,"h":1,"w":1,"color":"alpha"},{"row":8,"col":6,"x":12.25,"y":4.25,"r":0,"rx":-2.75,"ry":0,"d":false,"h":1,"w":1.75,"color":"mod"},{"row":9,"col":7,"x":15.5,"y":4.25,"r":0,"rx":-2.75,"ry":0,"d":false,"h":1,"w":1,"color":"mod"},{"row":8,"col":7,"x":14.25,"y":4.5,"r":0,"rx":-2.75,"ry":0,"d":false,"h":1,"w":1,"color":"mod"},{"row":11,"col":6,"x":13.25,"y":5.5,"r":0,"rx":-2.75,"ry":0,"d":false,"h":1,"w":1,"color":"mod"},{"row":10,"col":7,"x":14.25,"y":5.5,"r":0,"rx":-2.75,"ry":0,"d":false,"h":1,"w":1,"color":"mod"},{"row":11,"col":7,"x":15.25,"y":5.5,"r":0,"rx":-2.75,"ry":0,"d":false,"h":1,"w":1,"color":"mod"}]},"matrix":{"rows":12,"cols":8},"vendorProductId":1191533666}