{"name":"PloopyCo Trackball","lighting":"none","layouts":{"width":5.5,"height":2,"optionKeys":{},"keys":[{"row":0,"col":0,"x":0,"y":0,"r":0,"rx":0,"ry":0,"d":false,"h":2,"w":1,"color":"alpha"},{"row":0,"col":2,"x":2,"y":0,"r":0,"rx":0,"ry":0,"d":false,"h":2,"w":1,"color":"alpha"},{"row":0,"col":3,"x":3.5,"y":0,"r":0,"rx":0,"ry":0,"d":false,"h":2,"w":1,"color":"alpha"},{"row":0,"col":4,"x":4.5,"y":0,"r":0,"rx":0,"ry":0,"d":false,"h":2,"w":1,"color":"alpha"},{"row":0,"col":1,"x":1,"y":0.25,"r":0,"rx":0,"ry":0,"d":false,"h":1.5,"w":1,"color":"alpha"}]},"matrix":{"rows":1,"cols":6},"customKeycodes":[{"name":"DPI Config","title":"DPI Config","shortName":"DPI"},{"name":"Drag Scroll","title":"Drag Scroll","shortName":"DragScl"}],"vendorProductId":1346589762}