{"name":"CherryB.Studio CB87v2","lighting":"qmk_backlight_rgblight","layouts":{"labels":["Split Backspace",["Enter type","Normal Enter","ISO Enter","Big ass Enter"],"Split Left Shift",["Right Shift","Normal Shift","Split 1U/1.75U","Split 1.75U/1U"],["Bottom Row","1.25U Mods with 6.25U Spacebar","Split 6.25U spacebar type 1","Split 6.25U spacebar type 2","1.5U Mods with 7U Spacebar","Split 7U spacebar"]],"width":18.25,"height":6.25,"optionKeys":{"0":{"0":[{"row":3,"col":0,"x":13,"y":1.25,"r":0,"rx":-4.75,"ry":0,"d":false,"h":1,"w":2,"color":"mod"}],"1":[{"row":2,"col":9,"x":13,"y":1.25,"r":0,"rx":-4.75,"ry":0,"d":false,"h":1,"w":1,"color":"alpha"},{"row":3,"col":0,"x":14,"y":1.25,"r":0,"rx":-4.75,"ry":0,"d":false,"h":1,"w":1,"color":"alpha"}]},"1":{"0":[{"row":4,"col":7,"x":13.5,"y":2.25,"r":0,"rx":-4.75,"ry":0,"d":false,"h":1,"w":1.5,"color":"alpha"},{"row":6,"col":4,"x":12.75,"y":3.25,"r":0,"rx":-4.75,"ry":0,"d":false,"h":1,"w":2.25,"color":"accent"}],"1":[{"row":6,"col":4,"x":13.75,"y":2.25,"r":0,"rx":-4.75,"ry":0,"d":false,"h":2,"w":1.25,"w2":1.5,"x2":-0.25,"h2":1,"color":"accent"},{"row":6,"col":3,"x":12.75,"y":3.25,"r":0,"rx":-4.75,"ry":0,"d":false,"h":1,"w":1,"color":"alpha"}],"2":[{"row":6,"col":4,"x":13.5,"y":2.25,"r":0,"rx":-4.75,"ry":0,"d":false,"h":2,"w":1.5,"w2":2.25,"y2":1,"x2":-0.75,"h2":1,"color":"accent"}]},"2":{"0":[{"row":6,"col":5,"x":0,"y":4.25,"r":0,"rx":-4.75,"ry":0,"d":false,"h":1,"w":2.25,"color":"mod"}],"1":[{"row":6,"col":5,"x":0,"y":4.25,"r":0,"rx":-4.75,"ry":0,"d":false,"h":1,"w":1.25,"color":"mod"},{"row":6,"col":6,"x":1.25,"y":4.25,"r":0,"rx":-4.75,"ry":0,"d":false,"h":1,"w":1,"color":"alpha"}]},"3":{"0":[{"row":7,"col":8,"x":12.25,"y":4.25,"r":0,"rx":-4.75,"ry":0,"d":false,"h":1,"w":2.75,"color":"mod"}],"1":[{"row":7,"col":7,"x":12.25,"y":4.25,"r":0,"rx":-4.75,"ry":0,"d":false,"h":1,"w":1,"color":"alpha"},{"row":7,"col":8,"x":13.25,"y":4.25,"r":0,"rx":-4.75,"ry":0,"d":false,"h":1,"w":1.75,"color":"mod"}],"2":[{"row":7,"col":7,"x":12.25,"y":4.25,"r":0,"rx":-4.75,"ry":0,"d":false,"h":1,"w":1.75,"color":"mod"},{"row":7,"col":8,"x":14,"y":4.25,"r":0,"rx":-4.75,"ry":0,"d":false,"h":1,"w":1,"color":"alpha"}]},"4":{"0":[{"row":8,"col":0,"x":0,"y":5.25,"r":0,"rx":-4.75,"ry":0,"d":false,"h":1,"w":1.25,"color":"mod"},{"row":8,"col":1,"x":1.25,"y":5.25,"r":0,"rx":-4.75,"ry":0,"d":false,"h":1,"w":1.25,"color":"mod"},{"row":8,"col":2,"x":2.5,"y":5.25,"r":0,"rx":-4.75,"ry":0,"d":false,"h":1,"w":1.25,"color":"mod"},{"row":8,"col":4,"x":3.75,"y":5.25,"r":0,"rx":-4.75,"ry":0,"d":false,"h":1,"w":6.25,"color":"alpha"},{"row":8,"col":6,"x":10,"y":5.25,"r":0,"rx":-4.75,"ry":0,"d":false,"h":1,"w":1.25,"color":"mod"},{"row":8,"col":7,"x":11.25,"y":5.25,"r":0,"rx":-4.75,"ry":0,"d":false,"h":1,"w":1.25,"color":"mod"},{"row":8,"col":8,"x":12.5,"y":5.25,"r":0,"rx":-4.75,"ry":0,"d":false,"h":1,"w":1.25,"color":"mod"},{"row":8,"col":9,"x":13.75,"y":5.25,"r":0,"rx":-4.75,"ry":0,"d":false,"h":1,"w":1.25,"color":"mod"}],"1":[{"row":8,"col":0,"x":0,"y":5.25,"r":0,"rx":-4.75,"ry":0,"d":false,"h":1,"w":1.25,"color":"mod"},{"row":8,"col":1,"x":1.25,"y":5.25,"r":0,"rx":-4.75,"ry":0,"d":false,"h":1,"w":1.25,"color":"mod"},{"row":8,"col":2,"x":2.5,"y":5.25,"r":0,"rx":-4.75,"ry":0,"d":false,"h":1,"w":1.25,"color":"mod"},{"row":8,"col":3,"x":3.75,"y":5.25,"r":0,"rx":-4.75,"ry":0,"d":false,"h":1,"w":2.75,"color":"alpha"},{"row":8,"col":4,"x":6.5,"y":5.25,"r":0,"rx":-4.75,"ry":0,"d":false,"h":1,"w":1.25,"color":"alpha"},{"row":8,"col":5,"x":7.75,"y":5.25,"r":0,"rx":-4.75,"ry":0,"d":false,"h":1,"w":2.25,"color":"alpha"},{"row":8,"col":6,"x":10,"y":5.25,"r":0,"rx":-4.75,"ry":0,"d":false,"h":1,"w":1.25,"color":"mod"},{"row":8,"col":7,"x":11.25,"y":5.25,"r":0,"rx":-4.75,"ry":0,"d":false,"h":1,"w":1.25,"color":"mod"},{"row":8,"col":8,"x":12.5,"y":5.25,"r":0,"rx":-4.75,"ry":0,"d":false,"h":1,"w":1.25,"color":"mod"},{"row":8,"col":9,"x":13.75,"y":5.25,"r":0,"rx":-4.75,"ry":0,"d":false,"h":1,"w":1.25,"color":"mod"}],"2":[{"row":8,"col":0,"x":0,"y":5.25,"r":0,"rx":-4.75,"ry":0,"d":false,"h":1,"w":1.25,"color":"mod"},{"row":8,"col":1,"x":1.25,"y":5.25,"r":0,"rx":-4.75,"ry":0,"d":false,"h":1,"w":1.25,"color":"mod"},{"row":8,"col":2,"x":2.5,"y":5.25,"r":0,"rx":-4.75,"ry":0,"d":false,"h":1,"w":1.25,"color":"mod"},{"row":8,"col":3,"x":3.75,"y":5.25,"r":0,"rx":-4.75,"ry":0,"d":false,"h":1,"w":2.25,"color":"alpha"},{"row":8,"col":4,"x":6,"y":5.25,"r":0,"rx":-4.75,"ry":0,"d":false,"h":1,"w":1.25,"color":"alpha"},{"row":8,"col":5,"x":7.25,"y":5.25,"r":0,"rx":-4.75,"ry":0,"d":false,"h":1,"w":2.75,"color":"alpha"},{"row":8,"col":6,"x":10,"y":5.25,"r":0,"rx":-4.75,"ry":0,"d":false,"h":1,"w":1.25,"color":"mod"},{"row":8,"col":7,"x":11.25,"y":5.25,"r":0,"rx":-4.75,"ry":0,"d":false,"h":1,"w":1.25,"color":"mod"},{"row":8,"col":8,"x":12.5,"y":5.25,"r":0,"rx":-4.75,"ry":0,"d":false,"h":1,"w":1.25,"color":"mod"},{"row":8,"col":9,"x":13.75,"y":5.25,"r":0,"rx":-4.75,"ry":0,"d":false,"h":1,"w":1.25,"color":"mod"}],"3":[{"row":8,"col":0,"x":0,"y":5.25,"r":0,"rx":-4.75,"ry":0,"d":false,"h":1,"w":1.5,"color":"mod"},{"row":8,"col":1,"x":1.5,"y":5.25,"r":0,"rx":-4.75,"ry":0,"d":false,"h":1,"w":1,"color":"mod"},{"row":8,"col":2,"x":2.5,"y":5.25,"r":0,"rx":-4.75,"ry":0,"d":false,"h":1,"w":1.5,"color":"mod"},{"row":8,"col":4,"x":4,"y":5.25,"r":0,"rx":-4.75,"ry":0,"d":false,"h":1,"w":7,"color":"alpha"},{"row":8,"col":7,"x":11,"y":5.25,"r":0,"rx":-4.75,"ry":0,"d":false,"h":1,"w":1.5,"color":"mod"},{"row":8,"col":8,"x":12.5,"y":5.25,"r":0,"rx":-4.75,"ry":0,"d":false,"h":1,"w":1,"color":"mod"},{"row":8,"col":9,"x":13.5,"y":5.25,"r":0,"rx":-4.75,"ry":0,"d":false,"h":1,"w":1.5,"color":"mod"}],"4":[{"row":8,"col":0,"x":0,"y":5.25,"r":0,"rx":-4.75,"ry":0,"d":false,"h":1,"w":1.5,"color":"mod"},{"row":8,"col":1,"x":1.5,"y":5.25,"r":0,"rx":-4.75,"ry":0,"d":false,"h":1,"w":1,"color":"mod"},{"row":8,"col":2,"x":2.5,"y":5.25,"r":0,"rx":-4.75,"ry":0,"d":false,"h":1,"w":1.5,"color":"mod"},{"row":8,"col":3,"x":4,"y":5.25,"r":0,"rx":-4.75,"ry":0,"d":false,"h":1,"w":2.75,"color":"alpha"},{"row":8,"col":4,"x":6.75,"y":5.25,"r":0,"rx":-4.75,"ry":0,"d":false,"h":1,"w":1.5,"color":"alpha"},{"row":8,"col":5,"x":8.25,"y":5.25,"r":0,"rx":-4.75,"ry":0,"d":false,"h":1,"w":2.75,"color":"alpha"},{"row":8,"col":7,"x":11,"y":5.25,"r":0,"rx":-4.75,"ry":0,"d":false,"h":1,"w":1.5,"color":"mod"},{"row":8,"col":8,"x":12.5,"y":5.25,"r":0,"rx":-4.75,"ry":0,"d":false,"h":1,"w":1,"color":"mod"},{"row":8,"col":9,"x":13.5,"y":5.25,"r":0,"rx":-4.75,"ry":0,"d":false,"h":1,"w":1.5,"color":"mod"}]}},"keys":[{"row":0,"col":0,"x":0,"y":0,"r":0,"rx":-4.75,"ry":0,"d":false,"h":1,"w":1,"color":"accent"},{"row":0,"col":1,"x":2,"y":0,"r":0,"rx":-4.75,"ry":0,"d":false,"h":1,"w":1,"color":"alpha"},{"row":0,"col":2,"x":3,"y":0,"r":0,"rx":-4.75,"ry":0,"d":false,"h":1,"w":1,"color":"alpha"},{"row":0,"col":3,"x":4,"y":0,"r":0,"rx":-4.75,"ry":0,"d":false,"h":1,"w":1,"color":"alpha"},{"row":0,"col":4,"x":5,"y":0,"r":0,"rx":-4.75,"ry":0,"d":false,"h":1,"w":1,"color":"alpha"},{"row":0,"col":5,"x":6.5,"y":0,"r":0,"rx":-4.75,"ry":0,"d":false,"h":1,"w":1,"color":"mod"},{"row":0,"col":6,"x":7.5,"y":0,"r":0,"rx":-4.75,"ry":0,"d":false,"h":1,"w":1,"color":"mod"},{"row":0,"col":7,"x":8.5,"y":0,"r":0,"rx":-4.75,"ry":0,"d":false,"h":1,"w":1,"color":"mod"},{"row":0,"col":8,"x":9.5,"y":0,"r":0,"rx":-4.75,"ry":0,"d":false,"h":1,"w":1,"color":"mod"},{"row":0,"col":9,"x":11,"y":0,"r":0,"rx":-4.75,"ry":0,"d":false,"h":1,"w":1,"color":"alpha"},{"row":1,"col":0,"x":12,"y":0,"r":0,"rx":-4.75,"ry":0,"d":false,"h":1,"w":1,"color":"alpha"},{"row":1,"col":1,"x":13,"y":0,"r":0,"rx":-4.75,"ry":0,"d":false,"h":1,"w":1,"color":"alpha"},{"row":1,"col":2,"x":14,"y":0,"r":0,"rx":-4.75,"ry":0,"d":false,"h":1,"w":1,"color":"alpha"},{"row":1,"col":3,"x":15.25,"y":0,"r":0,"rx":-4.75,"ry":0,"d":false,"h":1,"w":1,"color":"mod"},{"row":1,"col":4,"x":16.25,"y":0,"r":0,"rx":-4.75,"ry":0,"d":false,"h":1,"w":1,"color":"mod"},{"row":1,"col":5,"x":17.25,"y":0,"r":0,"rx":-4.75,"ry":0,"d":false,"h":1,"w":1,"color":"mod"},{"row":1,"col":6,"x":0,"y":1.25,"r":0,"rx":-4.75,"ry":0,"d":false,"h":1,"w":1,"color":"alpha"},{"row":1,"col":7,"x":1,"y":1.25,"r":0,"rx":-4.75,"ry":0,"d":false,"h":1,"w":1,"color":"alpha"},{"row":1,"col":8,"x":2,"y":1.25,"r":0,"rx":-4.75,"ry":0,"d":false,"h":1,"w":1,"color":"alpha"},{"row":1,"col":9,"x":3,"y":1.25,"r":0,"rx":-4.75,"ry":0,"d":false,"h":1,"w":1,"color":"alpha"},{"row":2,"col":0,"x":4,"y":1.25,"r":0,"rx":-4.75,"ry":0,"d":false,"h":1,"w":1,"color":"alpha"},{"row":2,"col":1,"x":5,"y":1.25,"r":0,"rx":-4.75,"ry":0,"d":false,"h":1,"w":1,"color":"alpha"},{"row":2,"col":2,"x":6,"y":1.25,"r":0,"rx":-4.75,"ry":0,"d":false,"h":1,"w":1,"color":"alpha"},{"row":2,"col":3,"x":7,"y":1.25,"r":0,"rx":-4.75,"ry":0,"d":false,"h":1,"w":1,"color":"alpha"},{"row":2,"col":4,"x":8,"y":1.25,"r":0,"rx":-4.75,"ry":0,"d":false,"h":1,"w":1,"color":"alpha"},{"row":2,"col":5,"x":9,"y":1.25,"r":0,"rx":-4.75,"ry":0,"d":false,"h":1,"w":1,"color":"alpha"},{"row":2,"col":6,"x":10,"y":1.25,"r":0,"rx":-4.75,"ry":0,"d":false,"h":1,"w":1,"color":"alpha"},{"row":2,"col":7,"x":11,"y":1.25,"r":0,"rx":-4.75,"ry":0,"d":false,"h":1,"w":1,"color":"alpha"},{"row":2,"col":8,"x":12,"y":1.25,"r":0,"rx":-4.75,"ry":0,"d":false,"h":1,"w":1,"color":"alpha"},{"row":3,"col":1,"x":15.25,"y":1.25,"r":0,"rx":-4.75,"ry":0,"d":false,"h":1,"w":1,"color":"mod"},{"row":3,"col":2,"x":16.25,"y":1.25,"r":0,"rx":-4.75,"ry":0,"d":false,"h":1,"w":1,"color":"mod"},{"row":3,"col":3,"x":17.25,"y":1.25,"r":0,"rx":-4.75,"ry":0,"d":false,"h":1,"w":1,"color":"mod"},{"row":3,"col":4,"x":0,"y":2.25,"r":0,"rx":-4.75,"ry":0,"d":false,"h":1,"w":1.5,"color":"mod"},{"row":3,"col":5,"x":1.5,"y":2.25,"r":0,"rx":-4.75,"ry":0,"d":false,"h":1,"w":1,"color":"alpha"},{"row":3,"col":6,"x":2.5,"y":2.25,"r":0,"rx":-4.75,"ry":0,"d":false,"h":1,"w":1,"color":"alpha"},{"row":3,"col":7,"x":3.5,"y":2.25,"r":0,"rx":-4.75,"ry":0,"d":false,"h":1,"w":1,"color":"alpha"},{"row":3,"col":8,"x":4.5,"y":2.25,"r":0,"rx":-4.75,"ry":0,"d":false,"h":1,"w":1,"color":"alpha"},{"row":3,"col":9,"x":5.5,"y":2.25,"r":0,"rx":-4.75,"ry":0,"d":false,"h":1,"w":1,"color":"alpha"},{"row":4,"col":0,"x":6.5,"y":2.25,"r":0,"rx":-4.75,"ry":0,"d":false,"h":1,"w":1,"color":"alpha"},{"row":4,"col":1,"x":7.5,"y":2.25,"r":0,"rx":-4.75,"ry":0,"d":false,"h":1,"w":1,"color":"alpha"},{"row":4,"col":2,"x":8.5,"y":2.25,"r":0,"rx":-4.75,"ry":0,"d":false,"h":1,"w":1,"color":"alpha"},{"row":4,"col":3,"x":9.5,"y":2.25,"r":0,"rx":-4.75,"ry":0,"d":false,"h":1,"w":1,"color":"alpha"},{"row":4,"col":4,"x":10.5,"y":2.25,"r":0,"rx":-4.75,"ry":0,"d":false,"h":1,"w":1,"color":"alpha"},{"row":4,"col":5,"x":11.5,"y":2.25,"r":0,"rx":-4.75,"ry":0,"d":false,"h":1,"w":1,"color":"alpha"},{"row":4,"col":6,"x":12.5,"y":2.25,"r":0,"rx":-4.75,"ry":0,"d":false,"h":1,"w":1,"color":"alpha"},{"row":4,"col":8,"x":15.25,"y":2.25,"r":0,"rx":-4.75,"ry":0,"d":false,"h":1,"w":1,"color":"mod"},{"row":4,"col":9,"x":16.25,"y":2.25,"r":0,"rx":-4.75,"ry":0,"d":false,"h":1,"w":1,"color":"mod"},{"row":5,"col":0,"x":17.25,"y":2.25,"r":0,"rx":-4.75,"ry":0,"d":false,"h":1,"w":1,"color":"mod"},{"row":5,"col":1,"x":0,"y":3.25,"r":0,"rx":-4.75,"ry":0,"d":false,"h":1,"w":1.75,"color":"mod"},{"row":5,"col":2,"x":1.75,"y":3.25,"r":0,"rx":-4.75,"ry":0,"d":false,"h":1,"w":1,"color":"alpha"},{"row":5,"col":3,"x":2.75,"y":3.25,"r":0,"rx":-4.75,"ry":0,"d":false,"h":1,"w":1,"color":"alpha"},{"row":5,"col":4,"x":3.75,"y":3.25,"r":0,"rx":-4.75,"ry":0,"d":false,"h":1,"w":1,"color":"alpha"},{"row":5,"col":5,"x":4.75,"y":3.25,"r":0,"rx":-4.75,"ry":0,"d":false,"h":1,"w":1,"color":"alpha"},{"row":5,"col":6,"x":5.75,"y":3.25,"r":0,"rx":-4.75,"ry":0,"d":false,"h":1,"w":1,"color":"alpha"},{"row":5,"col":7,"x":6.75,"y":3.25,"r":0,"rx":-4.75,"ry":0,"d":false,"h":1,"w":1,"color":"alpha"},{"row":5,"col":8,"x":7.75,"y":3.25,"r":0,"rx":-4.75,"ry":0,"d":false,"h":1,"w":1,"color":"alpha"},{"row":5,"col":9,"x":8.75,"y":3.25,"r":0,"rx":-4.75,"ry":0,"d":false,"h":1,"w":1,"color":"alpha"},{"row":6,"col":0,"x":9.75,"y":3.25,"r":0,"rx":-4.75,"ry":0,"d":false,"h":1,"w":1,"color":"alpha"},{"row":6,"col":1,"x":10.75,"y":3.25,"r":0,"rx":-4.75,"ry":0,"d":false,"h":1,"w":1,"color":"alpha"},{"row":6,"col":2,"x":11.75,"y":3.25,"r":0,"rx":-4.75,"ry":0,"d":false,"h":1,"w":1,"color":"alpha"},{"row":6,"col":7,"x":2.25,"y":4.25,"r":0,"rx":-4.75,"ry":0,"d":false,"h":1,"w":1,"color":"alpha"},{"row":6,"col":8,"x":3.25,"y":4.25,"r":0,"rx":-4.75,"ry":0,"d":false,"h":1,"w":1,"color":"alpha"},{"row":6,"col":9,"x":4.25,"y":4.25,"r":0,"rx":-4.75,"ry":0,"d":false,"h":1,"w":1,"color":"alpha"},{"row":7,"col":0,"x":5.25,"y":4.25,"r":0,"rx":-4.75,"ry":0,"d":false,"h":1,"w":1,"color":"alpha"},{"row":7,"col":1,"x":6.25,"y":4.25,"r":0,"rx":-4.75,"ry":0,"d":false,"h":1,"w":1,"color":"alpha"},{"row":7,"col":2,"x":7.25,"y":4.25,"r":0,"rx":-4.75,"ry":0,"d":false,"h":1,"w":1,"color":"alpha"},{"row":7,"col":3,"x":8.25,"y":4.25,"r":0,"rx":-4.75,"ry":0,"d":false,"h":1,"w":1,"color":"alpha"},{"row":7,"col":4,"x":9.25,"y":4.25,"r":0,"rx":-4.75,"ry":0,"d":false,"h":1,"w":1,"color":"alpha"},{"row":7,"col":5,"x":10.25,"y":4.25,"r":0,"rx":-4.75,"ry":0,"d":false,"h":1,"w":1,"color":"alpha"},{"row":7,"col":6,"x":11.25,"y":4.25,"r":0,"rx":-4.75,"ry":0,"d":false,"h":1,"w":1,"color":"alpha"},{"row":7,"col":9,"x":16.25,"y":4.25,"r":0,"rx":-4.75,"ry":0,"d":false,"h":1,"w":1,"color":"mod"},{"row":9,"col":0,"x":15.25,"y":5.25,"r":0,"rx":-4.75,"ry":0,"d":false,"h":1,"w":1,"color":"mod"},{"row":9,"col":1,"x":16.25,"y":5.25,"r":0,"rx":-4.75,"ry":0,"d":false,"h":1,"w":1,"color":"mod"},{"row":9,"col":2,"x":17.25,"y":5.25,"r":0,"rx":-4.75,"ry":0,"d":false,"h":1,"w":1,"color":"mod"}]},"matrix":{"rows":10,"cols":10},"vendorProductId":1128433544}