{"name":"PloopyCo Mouse","lighting":"none","layouts":{"width":6,"height":2.5,"optionKeys":{},"keys":[{"row":0,"col":4,"x":0,"y":0,"r":0,"rx":0,"ry":0,"d":false,"h":1,"w":1,"color":"alpha"},{"row":0,"col":6,"x":1,"y":0,"r":0,"rx":0,"ry":0,"d":false,"h":2,"w":1,"color":"alpha"},{"row":0,"col":0,"x":2,"y":0,"r":0,"rx":0,"ry":0,"d":false,"h":2,"w":1,"color":"alpha"},{"row":0,"col":2,"x":4,"y":0,"r":0,"rx":0,"ry":0,"d":false,"h":2,"w":1,"color":"alpha"},{"row":0,"col":5,"x":5,"y":0,"r":0,"rx":0,"ry":0,"d":false,"h":2,"w":1,"color":"alpha"},{"row":0,"col":1,"x":3,"y":0.25,"r":0,"rx":0,"ry":0,"d":false,"h":1.25,"w":1,"color":"alpha"},{"row":0,"col":3,"x":0,"y":1,"r":0,"rx":0,"ry":0,"d":false,"h":1,"w":1,"color":"alpha"},{"row":0,"col":7,"x":3,"y":1.5,"r":0,"rx":0,"ry":0,"d":false,"h":1,"w":1,"color":"alpha"}]},"matrix":{"rows":1,"cols":8},"customKeycodes":[{"name":"DPI Config","title":"DPI Config: Cycles through the DPI settings","shortName":"DPI"},{"name":"Drag Scroll","title":"Drag Scroll: Enables you to scroll instead of moving the cursor","shortName":"DragScl"}],"vendorProductId":1346588015}