{"name":"RART60","lighting":"none","layouts":{"labels":["Split Backspace","Split LShift","Split RShift",["Bottom Row","Tsangan","HHKB","WKL","CWKL"]],"width":18,"height":5,"optionKeys":{"0":{"0":[{"row":0,"col":13,"x":14.5,"y":0,"r":0,"rx":0,"ry":-1.5,"d":false,"h":1,"w":2,"color":"alpha"}],"1":[{"row":0,"col":13,"x":14.5,"y":0,"r":0,"rx":0,"ry":-1.5,"d":false,"h":1,"w":1,"color":"alpha"},{"row":1,"col":13,"x":15.5,"y":0,"r":0,"rx":0,"ry":-1.5,"d":false,"h":1,"w":1,"color":"alpha"}]},"1":{"0":[{"row":3,"col":0,"x":1.5,"y":3,"r":0,"rx":0,"ry":-1.5,"d":false,"h":1,"w":2.25,"color":"alpha"}],"1":[{"row":3,"col":0,"x":1.5,"y":3,"r":0,"rx":0,"ry":-1.5,"d":false,"h":1,"w":1.25,"color":"alpha"},{"row":3,"col":1,"x":2.75,"y":3,"r":0,"rx":0,"ry":-1.5,"d":false,"h":1,"w":1,"color":"alpha"}]},"2":{"0":[{"row":3,"col":12,"x":13.75,"y":3,"r":0,"rx":0,"ry":-1.5,"d":false,"h":1,"w":2.75,"color":"alpha"}],"1":[{"row":3,"col":12,"x":13.75,"y":3,"r":0,"rx":0,"ry":-1.5,"d":false,"h":1,"w":1.75,"color":"alpha"},{"row":3,"col":13,"x":15.5,"y":3,"r":0,"rx":0,"ry":-1.5,"d":false,"h":1,"w":1,"color":"alpha"}]},"3":{"0":[{"row":4,"col":0,"x":1.5,"y":4,"r":0,"rx":0,"ry":-1.5,"d":false,"h":1,"w":1.5,"color":"alpha"},{"row":4,"col":1,"x":3,"y":4,"r":0,"rx":0,"ry":-1.5,"d":false,"h":1,"w":1,"color":"alpha"},{"row":4,"col":2,"x":4,"y":4,"r":0,"rx":0,"ry":-1.5,"d":false,"h":1,"w":1.5,"color":"alpha"},{"row":4,"col":6,"x":5.5,"y":4,"r":0,"rx":0,"ry":-1.5,"d":false,"h":1,"w":7,"color":"alpha"},{"row":4,"col":11,"x":12.5,"y":4,"r":0,"rx":0,"ry":-1.5,"d":false,"h":1,"w":1.5,"color":"alpha"},{"row":4,"col":12,"x":14,"y":4,"r":0,"rx":0,"ry":-1.5,"d":false,"h":1,"w":1,"color":"alpha"},{"row":4,"col":13,"x":15,"y":4,"r":0,"rx":0,"ry":-1.5,"d":false,"h":1,"w":1.5,"color":"alpha"}],"1":[{"row":-1,"col":-1,"x":1.5,"y":4,"r":0,"rx":0,"ry":-1.5,"d":true,"h":1,"w":1.5,"color":"alpha"},{"row":4,"col":1,"x":3,"y":4,"r":0,"rx":0,"ry":-1.5,"d":false,"h":1,"w":1,"color":"alpha"},{"row":4,"col":2,"x":4,"y":4,"r":0,"rx":0,"ry":-1.5,"d":false,"h":1,"w":1.5,"color":"alpha"},{"row":4,"col":6,"x":5.5,"y":4,"r":0,"rx":0,"ry":-1.5,"d":false,"h":1,"w":7,"color":"alpha"},{"row":4,"col":11,"x":12.5,"y":4,"r":0,"rx":0,"ry":-1.5,"d":false,"h":1,"w":1.5,"color":"alpha"},{"row":4,"col":12,"x":14,"y":4,"r":0,"rx":0,"ry":-1.5,"d":false,"h":1,"w":1,"color":"alpha"}],"2":[{"row":4,"col":0,"x":1.5,"y":4,"r":0,"rx":0,"ry":-1.5,"d":false,"h":1,"w":1.5,"color":"alpha"},{"row":4,"col":2,"x":4,"y":4,"r":0,"rx":0,"ry":-1.5,"d":false,"h":1,"w":1.5,"color":"alpha"},{"row":4,"col":6,"x":5.5,"y":4,"r":0,"rx":0,"ry":-1.5,"d":false,"h":1,"w":7,"color":"alpha"},{"row":4,"col":11,"x":12.5,"y":4,"r":0,"rx":0,"ry":-1.5,"d":false,"h":1,"w":1.5,"color":"alpha"},{"row":4,"col":13,"x":15,"y":4,"r":0,"rx":0,"ry":-1.5,"d":false,"h":1,"w":1.5,"color":"alpha"}],"3":[{"row":4,"col":0,"x":1.5,"y":4,"r":0,"rx":0,"ry":-1.5,"d":false,"h":1,"w":1.25,"color":"alpha"},{"row":4,"col":1,"x":3.375,"y":4,"r":0,"rx":0,"ry":-1.5,"d":false,"h":1,"w":1.25,"color":"alpha"},{"row":4,"col":2,"x":4.625,"y":4,"r":0,"rx":0,"ry":-1.5,"d":false,"h":1,"w":1.25,"color":"alpha"},{"row":4,"col":6,"x":5.875,"y":4,"r":0,"rx":0,"ry":-1.5,"d":false,"h":1,"w":6.25,"color":"alpha"},{"row":4,"col":11,"x":12.125,"y":4,"r":0,"rx":0,"ry":-1.5,"d":false,"h":1,"w":1.25,"color":"alpha"},{"row":4,"col":12,"x":13.375,"y":4,"r":0,"rx":0,"ry":-1.5,"d":false,"h":1,"w":1.25,"color":"alpha"},{"row":4,"col":13,"x":15.25,"y":4,"r":0,"rx":0,"ry":-1.5,"d":false,"h":1,"w":1.25,"color":"alpha"}]}},"keys":[{"row":0,"col":15,"x":0,"y":0,"r":0,"rx":0,"ry":-1.5,"d":false,"h":1,"w":1,"color":"alpha"},{"row":0,"col":0,"x":1.5,"y":0,"r":0,"rx":0,"ry":-1.5,"d":false,"h":1,"w":1,"color":"mod"},{"row":0,"col":1,"x":2.5,"y":0,"r":0,"rx":0,"ry":-1.5,"d":false,"h":1,"w":1,"color":"alpha"},{"row":0,"col":2,"x":3.5,"y":0,"r":0,"rx":0,"ry":-1.5,"d":false,"h":1,"w":1,"color":"alpha"},{"row":0,"col":3,"x":4.5,"y":0,"r":0,"rx":0,"ry":-1.5,"d":false,"h":1,"w":1,"color":"alpha"},{"row":0,"col":4,"x":5.5,"y":0,"r":0,"rx":0,"ry":-1.5,"d":false,"h":1,"w":1,"color":"alpha"},{"row":0,"col":5,"x":6.5,"y":0,"r":0,"rx":0,"ry":-1.5,"d":false,"h":1,"w":1,"color":"alpha"},{"row":0,"col":6,"x":7.5,"y":0,"r":0,"rx":0,"ry":-1.5,"d":false,"h":1,"w":1,"color":"alpha"},{"row":0,"col":7,"x":8.5,"y":0,"r":0,"rx":0,"ry":-1.5,"d":false,"h":1,"w":1,"color":"alpha"},{"row":0,"col":8,"x":9.5,"y":0,"r":0,"rx":0,"ry":-1.5,"d":false,"h":1,"w":1,"color":"alpha"},{"row":0,"col":9,"x":10.5,"y":0,"r":0,"rx":0,"ry":-1.5,"d":false,"h":1,"w":1,"color":"alpha"},{"row":0,"col":10,"x":11.5,"y":0,"r":0,"rx":0,"ry":-1.5,"d":false,"h":1,"w":1,"color":"alpha"},{"row":0,"col":11,"x":12.5,"y":0,"r":0,"rx":0,"ry":-1.5,"d":false,"h":1,"w":1,"color":"alpha"},{"row":0,"col":12,"x":13.5,"y":0,"r":0,"rx":0,"ry":-1.5,"d":false,"h":1,"w":1,"color":"alpha"},{"row":0,"col":14,"x":17,"y":0,"r":0,"rx":0,"ry":-1.5,"d":false,"h":1,"w":1,"color":"alpha"},{"row":1,"col":15,"x":0,"y":1,"r":0,"rx":0,"ry":-1.5,"d":false,"h":1,"w":1,"color":"alpha"},{"row":1,"col":0,"x":1.5,"y":1,"r":0,"rx":0,"ry":-1.5,"d":false,"h":1,"w":1.5,"color":"alpha"},{"row":1,"col":1,"x":3,"y":1,"r":0,"rx":0,"ry":-1.5,"d":false,"h":1,"w":1,"color":"alpha"},{"row":1,"col":2,"x":4,"y":1,"r":0,"rx":0,"ry":-1.5,"d":false,"h":1,"w":1,"color":"alpha"},{"row":1,"col":3,"x":5,"y":1,"r":0,"rx":0,"ry":-1.5,"d":false,"h":1,"w":1,"color":"alpha"},{"row":1,"col":4,"x":6,"y":1,"r":0,"rx":0,"ry":-1.5,"d":false,"h":1,"w":1,"color":"alpha"},{"row":1,"col":5,"x":7,"y":1,"r":0,"rx":0,"ry":-1.5,"d":false,"h":1,"w":1,"color":"alpha"},{"row":1,"col":6,"x":8,"y":1,"r":0,"rx":0,"ry":-1.5,"d":false,"h":1,"w":1,"color":"alpha"},{"row":1,"col":7,"x":9,"y":1,"r":0,"rx":0,"ry":-1.5,"d":false,"h":1,"w":1,"color":"alpha"},{"row":1,"col":8,"x":10,"y":1,"r":0,"rx":0,"ry":-1.5,"d":false,"h":1,"w":1,"color":"alpha"},{"row":1,"col":9,"x":11,"y":1,"r":0,"rx":0,"ry":-1.5,"d":false,"h":1,"w":1,"color":"alpha"},{"row":1,"col":10,"x":12,"y":1,"r":0,"rx":0,"ry":-1.5,"d":false,"h":1,"w":1,"color":"alpha"},{"row":1,"col":11,"x":13,"y":1,"r":0,"rx":0,"ry":-1.5,"d":false,"h":1,"w":1,"color":"alpha"},{"row":1,"col":12,"x":14,"y":1,"r":0,"rx":0,"ry":-1.5,"d":false,"h":1,"w":1,"color":"alpha"},{"row":2,"col":13,"x":15,"y":1,"r":0,"rx":0,"ry":-1.5,"d":false,"h":1,"w":1.5,"color":"alpha"},{"row":1,"col":14,"x":17,"y":1,"r":0,"rx":0,"ry":-1.5,"d":false,"h":1,"w":1,"color":"alpha"},{"row":2,"col":15,"x":0,"y":2,"r":0,"rx":0,"ry":-1.5,"d":false,"h":1,"w":1,"color":"alpha"},{"row":2,"col":0,"x":1.5,"y":2,"r":0,"rx":0,"ry":-1.5,"d":false,"h":1,"w":1.75,"color":"alpha"},{"row":2,"col":1,"x":3.25,"y":2,"r":0,"rx":0,"ry":-1.5,"d":false,"h":1,"w":1,"color":"alpha"},{"row":2,"col":2,"x":4.25,"y":2,"r":0,"rx":0,"ry":-1.5,"d":false,"h":1,"w":1,"color":"alpha"},{"row":2,"col":3,"x":5.25,"y":2,"r":0,"rx":0,"ry":-1.5,"d":false,"h":1,"w":1,"color":"alpha"},{"row":2,"col":4,"x":6.25,"y":2,"r":0,"rx":0,"ry":-1.5,"d":false,"h":1,"w":1,"color":"alpha"},{"row":2,"col":5,"x":7.25,"y":2,"r":0,"rx":0,"ry":-1.5,"d":false,"h":1,"w":1,"color":"alpha"},{"row":2,"col":6,"x":8.25,"y":2,"r":0,"rx":0,"ry":-1.5,"d":false,"h":1,"w":1,"color":"alpha"},{"row":2,"col":7,"x":9.25,"y":2,"r":0,"rx":0,"ry":-1.5,"d":false,"h":1,"w":1,"color":"alpha"},{"row":2,"col":8,"x":10.25,"y":2,"r":0,"rx":0,"ry":-1.5,"d":false,"h":1,"w":1,"color":"alpha"},{"row":2,"col":9,"x":11.25,"y":2,"r":0,"rx":0,"ry":-1.5,"d":false,"h":1,"w":1,"color":"alpha"},{"row":2,"col":10,"x":12.25,"y":2,"r":0,"rx":0,"ry":-1.5,"d":false,"h":1,"w":1,"color":"alpha"},{"row":2,"col":11,"x":13.25,"y":2,"r":0,"rx":0,"ry":-1.5,"d":false,"h":1,"w":1,"color":"alpha"},{"row":2,"col":12,"x":14.25,"y":2,"r":0,"rx":0,"ry":-1.5,"d":false,"h":1,"w":2.25,"color":"mod"},{"row":2,"col":14,"x":17,"y":2,"r":0,"rx":0,"ry":-1.5,"d":false,"h":1,"w":1,"color":"alpha"},{"row":3,"col":15,"x":0,"y":3,"r":0,"rx":0,"ry":-1.5,"d":false,"h":1,"w":1,"color":"alpha"},{"row":3,"col":2,"x":3.75,"y":3,"r":0,"rx":0,"ry":-1.5,"d":false,"h":1,"w":1,"color":"alpha"},{"row":3,"col":3,"x":4.75,"y":3,"r":0,"rx":0,"ry":-1.5,"d":false,"h":1,"w":1,"color":"alpha"},{"row":3,"col":4,"x":5.75,"y":3,"r":0,"rx":0,"ry":-1.5,"d":false,"h":1,"w":1,"color":"alpha"},{"row":3,"col":5,"x":6.75,"y":3,"r":0,"rx":0,"ry":-1.5,"d":false,"h":1,"w":1,"color":"alpha"},{"row":3,"col":6,"x":7.75,"y":3,"r":0,"rx":0,"ry":-1.5,"d":false,"h":1,"w":1,"color":"alpha"},{"row":3,"col":7,"x":8.75,"y":3,"r":0,"rx":0,"ry":-1.5,"d":false,"h":1,"w":1,"color":"alpha"},{"row":3,"col":8,"x":9.75,"y":3,"r":0,"rx":0,"ry":-1.5,"d":false,"h":1,"w":1,"color":"alpha"},{"row":3,"col":9,"x":10.75,"y":3,"r":0,"rx":0,"ry":-1.5,"d":false,"h":1,"w":1,"color":"alpha"},{"row":3,"col":10,"x":11.75,"y":3,"r":0,"rx":0,"ry":-1.5,"d":false,"h":1,"w":1,"color":"alpha"},{"row":3,"col":11,"x":12.75,"y":3,"r":0,"rx":0,"ry":-1.5,"d":false,"h":1,"w":1,"color":"alpha"},{"row":3,"col":14,"x":17,"y":3,"r":0,"rx":0,"ry":-1.5,"d":false,"h":1,"w":1,"color":"alpha"},{"row":4,"col":15,"x":0,"y":4,"r":0,"rx":0,"ry":-1.5,"d":false,"h":1,"w":1,"color":"alpha"},{"row":4,"col":14,"x":17,"y":4,"r":0,"rx":0,"ry":-1.5,"d":false,"h":1,"w":1,"color":"alpha"}]},"matrix":{"rows":5,"cols":16},"vendorProductId":1095499872}