{"name":"Degenpad","lighting":"none","layouts":{"labels":["Split Plus","Split Enter","Split 0","Rotary Encoder"],"width":4,"height":6.5,"optionKeys":{"0":{"0":[{"row":3,"col":3,"x":3,"y":2.5,"r":0,"rx":0,"ry":-1,"d":false,"h":2,"w":1,"color":"alpha"}],"1":[{"row":2,"col":3,"x":3,"y":2.5,"r":0,"rx":0,"ry":-1,"d":false,"h":1,"w":1,"color":"alpha"},{"row":3,"col":3,"x":3,"y":3.5,"r":0,"rx":0,"ry":-1,"d":false,"h":1,"w":1,"color":"alpha"}]},"1":{"0":[{"row":5,"col":3,"x":3,"y":4.5,"r":0,"rx":0,"ry":-1,"d":false,"h":2,"w":1,"color":"accent"}],"1":[{"row":4,"col":3,"x":3,"y":4.5,"r":0,"rx":0,"ry":-1,"d":false,"h":1,"w":1,"color":"alpha"},{"row":5,"col":3,"x":3,"y":5.5,"r":0,"rx":0,"ry":-1,"d":false,"h":1,"w":1,"color":"alpha"}]},"2":{"0":[{"row":5,"col":1,"x":0,"y":5.5,"r":0,"rx":0,"ry":-1,"d":false,"h":1,"w":2,"color":"mod"}],"1":[{"row":5,"col":0,"x":0,"y":5.5,"r":0,"rx":0,"ry":-1,"d":false,"h":1,"w":1,"color":"mod"},{"row":5,"col":1,"x":1,"y":5.5,"r":0,"rx":0,"ry":-1,"d":false,"h":1,"w":1,"color":"mod"}]},"3":{"0":[{"row":0,"col":0,"x":0,"y":0,"r":0,"rx":0,"ry":-1,"d":false,"h":1,"w":1,"color":"alpha"}],"1":[{"ei":0,"row":0,"col":0,"x":0,"y":0,"r":0,"rx":0,"ry":-1,"d":false,"h":1,"w":1,"color":"alpha"}]}},"keys":[{"row":0,"col":1,"x":1,"y":0,"r":0,"rx":0,"ry":-1,"d":false,"h":1,"w":1,"color":"alpha"},{"row":0,"col":2,"x":2,"y":0,"r":0,"rx":0,"ry":-1,"d":false,"h":1,"w":1,"color":"alpha"},{"row":0,"col":3,"x":3,"y":0,"r":0,"rx":0,"ry":-1,"d":false,"h":1,"w":1,"color":"alpha"},{"row":1,"col":0,"x":0,"y":1.5,"r":0,"rx":0,"ry":-1,"d":false,"h":1,"w":1,"color":"alpha"},{"row":1,"col":1,"x":1,"y":1.5,"r":0,"rx":0,"ry":-1,"d":false,"h":1,"w":1,"color":"alpha"},{"row":1,"col":2,"x":2,"y":1.5,"r":0,"rx":0,"ry":-1,"d":false,"h":1,"w":1,"color":"alpha"},{"row":1,"col":3,"x":3,"y":1.5,"r":0,"rx":0,"ry":-1,"d":false,"h":1,"w":1,"color":"alpha"},{"row":2,"col":0,"x":0,"y":2.5,"r":0,"rx":0,"ry":-1,"d":false,"h":1,"w":1,"color":"mod"},{"row":2,"col":1,"x":1,"y":2.5,"r":0,"rx":0,"ry":-1,"d":false,"h":1,"w":1,"color":"mod"},{"row":2,"col":2,"x":2,"y":2.5,"r":0,"rx":0,"ry":-1,"d":false,"h":1,"w":1,"color":"mod"},{"row":3,"col":0,"x":0,"y":3.5,"r":0,"rx":0,"ry":-1,"d":false,"h":1,"w":1,"color":"mod"},{"row":3,"col":1,"x":1,"y":3.5,"r":0,"rx":0,"ry":-1,"d":false,"h":1,"w":1,"color":"mod"},{"row":3,"col":2,"x":2,"y":3.5,"r":0,"rx":0,"ry":-1,"d":false,"h":1,"w":1,"color":"mod"},{"row":4,"col":0,"x":0,"y":4.5,"r":0,"rx":0,"ry":-1,"d":false,"h":1,"w":1,"color":"mod"},{"row":4,"col":1,"x":1,"y":4.5,"r":0,"rx":0,"ry":-1,"d":false,"h":1,"w":1,"color":"mod"},{"row":4,"col":2,"x":2,"y":4.5,"r":0,"rx":0,"ry":-1,"d":false,"h":1,"w":1,"color":"mod"},{"row":5,"col":2,"x":2,"y":5.5,"r":0,"rx":0,"ry":-1,"d":false,"h":1,"w":1,"color":"mod"}]},"matrix":{"rows":6,"cols":4},"vendorProductId":1245987911}