{"name":"Paladin64","lighting":"qmk_rgblight","layouts":{"labels":["Split Backspace","Stepped CapsLock","Split Left Shift","Split Right Shift",["Enter","ANSI Enter","ISO Enter","BAE"],["Bottom Row","AEK (6.5U Space)","103 (7U Space)","104 (6.25U Space/1.25 Mods)","HHKB/Infinity"]],"width":15,"height":5,"optionKeys":{"0":{"0":[{"row":2,"col":7,"x":13,"y":0,"r":0,"rx":-3,"ry":0,"d":false,"h":1,"w":2,"color":"alpha"}],"1":[{"row":2,"col":6,"x":13,"y":0,"r":0,"rx":-3,"ry":0,"d":false,"h":1,"w":1,"color":"mod"},{"row":2,"col":7,"x":14,"y":0,"r":0,"rx":-3,"ry":0,"d":false,"h":1,"w":1,"color":"alpha"}]},"1":{"0":[{"row":3,"col":2,"x":0,"y":2,"r":0,"rx":-3,"ry":0,"d":false,"h":1,"w":1.75,"color":"alpha"}],"1":[{"row":3,"col":2,"x":0,"y":2,"r":0,"rx":-3,"ry":0,"d":false,"h":1,"w":1.25,"w2":1.75,"color":"alpha"}]},"2":{"0":[{"row":3,"col":1,"x":0,"y":3,"r":0,"rx":-3,"ry":0,"d":false,"h":1,"w":2.25,"color":"alpha"}],"1":[{"row":3,"col":1,"x":0,"y":3,"r":0,"rx":-3,"ry":0,"d":false,"h":1,"w":1.25,"color":"alpha"},{"row":4,"col":1,"x":1.25,"y":3,"r":0,"rx":-3,"ry":0,"d":false,"h":1,"w":1,"color":"mod"}]},"3":{"0":[{"row":2,"col":1,"x":12.25,"y":3,"r":0,"rx":-3,"ry":0,"d":false,"h":1,"w":2.75,"color":"alpha"}],"1":[{"row":2,"col":1,"x":12.25,"y":3,"r":0,"rx":-3,"ry":0,"d":false,"h":1,"w":1.75,"color":"alpha"},{"row":2,"col":2,"x":14,"y":3,"r":0,"rx":-3,"ry":0,"d":false,"h":1,"w":1,"color":"mod"}],"2":[{"row":2,"col":2,"x":12.25,"y":3,"r":0,"rx":-3,"ry":0,"d":false,"h":1,"w":1,"color":"mod"},{"row":2,"col":1,"x":13.25,"y":3,"r":0,"rx":-3,"ry":0,"d":false,"h":1,"w":1.75,"color":"alpha"}]},"4":{"0":[{"row":2,"col":3,"x":12.75,"y":2,"r":0,"rx":-3,"ry":0,"d":false,"h":1,"w":2.25,"color":"accent"}],"1":[{"row":2,"col":3,"x":13,"y":2,"r":0,"rx":-3,"ry":0,"d":false,"h":2,"w":1.25,"w2":1.5,"x2":-0.25,"h2":1,"color":"accent"},{"row":2,"col":4,"x":12,"y":3,"r":0,"rx":-3,"ry":0,"d":false,"h":1,"w":1,"color":"mod"}],"2":[{"row":2,"col":3,"x":12.75,"y":2,"r":0,"rx":-3,"ry":0,"d":false,"h":2,"w":1.5,"w2":2.25,"y2":1,"x2":-0.75,"h2":1,"color":"accent"}]},"5":{"0":[{"row":3,"col":0,"x":0,"y":4,"r":0,"rx":-3,"ry":0,"d":false,"h":1,"w":1.5,"color":"alpha"},{"row":4,"col":0,"x":1.5,"y":4,"r":0,"rx":-3,"ry":0,"d":false,"h":1,"w":1.25,"color":"alpha"},{"row":5,"col":0,"x":2.75,"y":4,"r":0,"rx":-3,"ry":0,"d":false,"h":1,"w":1.5,"color":"alpha"},{"row":6,"col":0,"x":4.25,"y":4,"r":0,"rx":-3,"ry":0,"d":false,"h":1,"w":6.5,"color":"alpha"},{"row":0,"col":0,"x":10.75,"y":4,"r":0,"rx":-3,"ry":0,"d":false,"h":1,"w":1.5,"color":"alpha"},{"row":1,"col":0,"x":12.25,"y":4,"r":0,"rx":-3,"ry":0,"d":false,"h":1,"w":1.25,"color":"alpha"},{"row":2,"col":0,"x":13.5,"y":4,"r":0,"rx":-3,"ry":0,"d":false,"h":1,"w":1.5,"color":"alpha"}],"1":[{"row":3,"col":0,"x":0,"y":4,"r":0,"rx":-3,"ry":0,"d":false,"h":1,"w":1.5,"color":"alpha"},{"row":4,"col":0,"x":1.5,"y":4,"r":0,"rx":-3,"ry":0,"d":false,"h":1,"w":1,"color":"alpha"},{"row":5,"col":0,"x":2.5,"y":4,"r":0,"rx":-3,"ry":0,"d":false,"h":1,"w":1.5,"color":"alpha"},{"row":6,"col":0,"x":4,"y":4,"r":0,"rx":-3,"ry":0,"d":false,"h":1,"w":7,"color":"alpha"},{"row":0,"col":0,"x":11,"y":4,"r":0,"rx":-3,"ry":0,"d":false,"h":1,"w":1.5,"color":"alpha"},{"row":1,"col":0,"x":12.5,"y":4,"r":0,"rx":-3,"ry":0,"d":false,"h":1,"w":1,"color":"alpha"},{"row":2,"col":0,"x":13.5,"y":4,"r":0,"rx":-3,"ry":0,"d":false,"h":1,"w":1.5,"color":"alpha"}],"2":[{"row":3,"col":0,"x":0,"y":4,"r":0,"rx":-3,"ry":0,"d":false,"h":1,"w":1.25,"color":"alpha"},{"row":4,"col":0,"x":1.25,"y":4,"r":0,"rx":-3,"ry":0,"d":false,"h":1,"w":1.25,"color":"alpha"},{"row":5,"col":0,"x":2.5,"y":4,"r":0,"rx":-3,"ry":0,"d":false,"h":1,"w":1.25,"color":"alpha"},{"row":6,"col":0,"x":3.75,"y":4,"r":0,"rx":-3,"ry":0,"d":false,"h":1,"w":6.25,"color":"alpha"},{"row":7,"col":0,"x":10,"y":4,"r":0,"rx":-3,"ry":0,"d":false,"h":1,"w":1.25,"color":"alpha"},{"row":0,"col":0,"x":11.25,"y":4,"r":0,"rx":-3,"ry":0,"d":false,"h":1,"w":1.25,"color":"alpha"},{"row":1,"col":0,"x":12.5,"y":4,"r":0,"rx":-3,"ry":0,"d":false,"h":1,"w":1.25,"color":"alpha"},{"row":2,"col":0,"x":13.75,"y":4,"r":0,"rx":-3,"ry":0,"d":false,"h":1,"w":1.25,"color":"alpha"}],"3":[{"row":3,"col":0,"x":0,"y":4,"r":0,"rx":-3,"ry":0,"d":false,"h":1,"w":1.5,"color":"alpha"},{"row":4,"col":0,"x":1.5,"y":4,"r":0,"rx":-3,"ry":0,"d":false,"h":1,"w":1,"color":"alpha"},{"row":5,"col":0,"x":2.5,"y":4,"r":0,"rx":-3,"ry":0,"d":false,"h":1,"w":1.5,"color":"alpha"},{"row":6,"col":0,"x":4,"y":4,"r":0,"rx":-3,"ry":0,"d":false,"h":1,"w":6,"color":"alpha"},{"row":7,"col":0,"x":10,"y":4,"r":0,"rx":-3,"ry":0,"d":false,"h":1,"w":1.5,"color":"alpha"},{"row":0,"col":0,"x":11.5,"y":4,"r":0,"rx":-3,"ry":0,"d":false,"h":1,"w":1,"color":"alpha"},{"row":1,"col":0,"x":12.5,"y":4,"r":0,"rx":-3,"ry":0,"d":false,"h":1,"w":1,"color":"alpha"},{"row":2,"col":0,"x":13.5,"y":4,"r":0,"rx":-3,"ry":0,"d":false,"h":1,"w":1.5,"color":"alpha"}],"4":[{"row":3,"col":0,"x":0,"y":4,"r":0,"rx":-3,"ry":0,"d":false,"h":1,"w":1.25,"color":"alpha"},{"row":-1,"col":-1,"x":1.25,"y":4,"r":0,"rx":-3,"ry":0,"d":true,"h":1,"w":1.25,"color":"alpha"},{"row":4,"col":0,"x":2.5,"y":4,"r":0,"rx":-3,"ry":0,"d":false,"h":1,"w":1,"color":"alpha"},{"row":5,"col":0,"x":3.5,"y":4,"r":0,"rx":-3,"ry":0,"d":false,"h":1,"w":1.75,"color":"alpha"},{"row":6,"col":0,"x":5.25,"y":4,"r":0,"rx":-3,"ry":0,"d":false,"h":1,"w":3,"color":"alpha"},{"row":7,"col":0,"x":8.25,"y":4,"r":0,"rx":-3,"ry":0,"d":false,"h":1,"w":1.75,"color":"alpha"},{"row":-1,"col":-1,"x":10,"y":4,"r":0,"rx":-3,"ry":0,"d":true,"h":1,"w":1.25,"color":"alpha"},{"row":0,"col":0,"x":11.25,"y":4,"r":0,"rx":-3,"ry":0,"d":false,"h":1,"w":1.25,"color":"alpha"},{"row":1,"col":0,"x":12.5,"y":4,"r":0,"rx":-3,"ry":0,"d":false,"h":1,"w":1.25,"color":"alpha"},{"row":2,"col":0,"x":13.75,"y":4,"r":0,"rx":-3,"ry":0,"d":false,"h":1,"w":1.25,"color":"alpha"}]}},"keys":[{"row":3,"col":6,"x":0,"y":0,"r":0,"rx":-3,"ry":0,"d":false,"h":1,"w":1,"color":"accent"},{"row":3,"col":7,"x":1,"y":0,"r":0,"rx":-3,"ry":0,"d":false,"h":1,"w":1,"color":"mod"},{"row":4,"col":6,"x":2,"y":0,"r":0,"rx":-3,"ry":0,"d":false,"h":1,"w":1,"color":"mod"},{"row":4,"col":7,"x":3,"y":0,"r":0,"rx":-3,"ry":0,"d":false,"h":1,"w":1,"color":"mod"},{"row":5,"col":6,"x":4,"y":0,"r":0,"rx":-3,"ry":0,"d":false,"h":1,"w":1,"color":"mod"},{"row":5,"col":7,"x":5,"y":0,"r":0,"rx":-3,"ry":0,"d":false,"h":1,"w":1,"color":"mod"},{"row":6,"col":6,"x":6,"y":0,"r":0,"rx":-3,"ry":0,"d":false,"h":1,"w":1,"color":"mod"},{"row":6,"col":7,"x":7,"y":0,"r":0,"rx":-3,"ry":0,"d":false,"h":1,"w":1,"color":"mod"},{"row":7,"col":6,"x":8,"y":0,"r":0,"rx":-3,"ry":0,"d":false,"h":1,"w":1,"color":"mod"},{"row":7,"col":7,"x":9,"y":0,"r":0,"rx":-3,"ry":0,"d":false,"h":1,"w":1,"color":"mod"},{"row":0,"col":6,"x":10,"y":0,"r":0,"rx":-3,"ry":0,"d":false,"h":1,"w":1,"color":"mod"},{"row":0,"col":7,"x":11,"y":0,"r":0,"rx":-3,"ry":0,"d":false,"h":1,"w":1,"color":"mod"},{"row":1,"col":7,"x":12,"y":0,"r":0,"rx":-3,"ry":0,"d":false,"h":1,"w":1,"color":"mod"},{"row":3,"col":4,"x":0,"y":1,"r":0,"rx":-3,"ry":0,"d":false,"h":1,"w":1.5,"color":"alpha"},{"row":3,"col":5,"x":1.5,"y":1,"r":0,"rx":-3,"ry":0,"d":false,"h":1,"w":1,"color":"mod"},{"row":4,"col":4,"x":2.5,"y":1,"r":0,"rx":-3,"ry":0,"d":false,"h":1,"w":1,"color":"mod"},{"row":4,"col":5,"x":3.5,"y":1,"r":0,"rx":-3,"ry":0,"d":false,"h":1,"w":1,"color":"mod"},{"row":5,"col":4,"x":4.5,"y":1,"r":0,"rx":-3,"ry":0,"d":false,"h":1,"w":1,"color":"mod"},{"row":5,"col":5,"x":5.5,"y":1,"r":0,"rx":-3,"ry":0,"d":false,"h":1,"w":1,"color":"mod"},{"row":6,"col":4,"x":6.5,"y":1,"r":0,"rx":-3,"ry":0,"d":false,"h":1,"w":1,"color":"mod"},{"row":6,"col":5,"x":7.5,"y":1,"r":0,"rx":-3,"ry":0,"d":false,"h":1,"w":1,"color":"mod"},{"row":7,"col":5,"x":8.5,"y":1,"r":0,"rx":-3,"ry":0,"d":false,"h":1,"w":1,"color":"mod"},{"row":0,"col":5,"x":9.5,"y":1,"r":0,"rx":-3,"ry":0,"d":false,"h":1,"w":1,"color":"mod"},{"row":1,"col":5,"x":10.5,"y":1,"r":0,"rx":-3,"ry":0,"d":false,"h":1,"w":1,"color":"mod"},{"row":1,"col":6,"x":11.5,"y":1,"r":0,"rx":-3,"ry":0,"d":false,"h":1,"w":1,"color":"mod"},{"row":2,"col":5,"x":12.5,"y":1,"r":0,"rx":-3,"ry":0,"d":false,"h":1,"w":1,"color":"mod"},{"row":2,"col":4,"x":13.5,"y":1,"r":0,"rx":-3,"ry":0,"d":false,"h":1,"w":1.5,"color":"alpha"},{"row":3,"col":3,"x":1.75,"y":2,"r":0,"rx":-3,"ry":0,"d":false,"h":1,"w":1,"color":"mod"},{"row":4,"col":3,"x":2.75,"y":2,"r":0,"rx":-3,"ry":0,"d":false,"h":1,"w":1,"color":"mod"},{"row":5,"col":2,"x":3.75,"y":2,"r":0,"rx":-3,"ry":0,"d":false,"h":1,"w":1,"color":"mod"},{"row":5,"col":3,"x":4.75,"y":2,"r":0,"rx":-3,"ry":0,"d":false,"h":1,"w":1,"color":"mod"},{"row":6,"col":3,"x":5.75,"y":2,"r":0,"rx":-3,"ry":0,"d":false,"h":1,"w":1,"color":"mod"},{"row":7,"col":3,"x":6.75,"y":2,"r":0,"rx":-3,"ry":0,"d":false,"h":1,"w":1,"color":"mod"},{"row":7,"col":4,"x":7.75,"y":2,"r":0,"rx":-3,"ry":0,"d":false,"h":1,"w":1,"color":"mod"},{"row":0,"col":3,"x":8.75,"y":2,"r":0,"rx":-3,"ry":0,"d":false,"h":1,"w":1,"color":"mod"},{"row":0,"col":4,"x":9.75,"y":2,"r":0,"rx":-3,"ry":0,"d":false,"h":1,"w":1,"color":"mod"},{"row":1,"col":3,"x":10.75,"y":2,"r":0,"rx":-3,"ry":0,"d":false,"h":1,"w":1,"color":"mod"},{"row":1,"col":4,"x":11.75,"y":2,"r":0,"rx":-3,"ry":0,"d":false,"h":1,"w":1,"color":"mod"},{"row":4,"col":2,"x":2.25,"y":3,"r":0,"rx":-3,"ry":0,"d":false,"h":1,"w":1,"color":"mod"},{"row":5,"col":1,"x":3.25,"y":3,"r":0,"rx":-3,"ry":0,"d":false,"h":1,"w":1,"color":"mod"},{"row":6,"col":1,"x":4.25,"y":3,"r":0,"rx":-3,"ry":0,"d":false,"h":1,"w":1,"color":"mod"},{"row":6,"col":2,"x":5.25,"y":3,"r":0,"rx":-3,"ry":0,"d":false,"h":1,"w":1,"color":"mod"},{"row":7,"col":1,"x":6.25,"y":3,"r":0,"rx":-3,"ry":0,"d":false,"h":1,"w":1,"color":"mod"},{"row":7,"col":2,"x":7.25,"y":3,"r":0,"rx":-3,"ry":0,"d":false,"h":1,"w":1,"color":"mod"},{"row":0,"col":1,"x":8.25,"y":3,"r":0,"rx":-3,"ry":0,"d":false,"h":1,"w":1,"color":"mod"},{"row":0,"col":2,"x":9.25,"y":3,"r":0,"rx":-3,"ry":0,"d":false,"h":1,"w":1,"color":"mod"},{"row":1,"col":1,"x":10.25,"y":3,"r":0,"rx":-3,"ry":0,"d":false,"h":1,"w":1,"color":"mod"},{"row":1,"col":2,"x":11.25,"y":3,"r":0,"rx":-3,"ry":0,"d":false,"h":1,"w":1,"color":"mod"}]},"matrix":{"rows":8,"cols":8},"vendorProductId":1262702646}