{"name":"ianklug grooveboard","lighting":"none","layouts":{"width":6,"height":1,"optionKeys":{},"keys":[{"row":0,"col":0,"x":0,"y":0,"r":0,"rx":0,"ry":0,"d":false,"h":1,"w":1,"color":"alpha"},{"row":0,"col":1,"x":1,"y":0,"r":0,"rx":0,"ry":0,"d":false,"h":1,"w":1,"color":"alpha"},{"row":0,"col":2,"x":4,"y":0,"r":0,"rx":0,"ry":0,"d":false,"h":1,"w":1,"color":"alpha"},{"row":0,"col":3,"x":5,"y":0,"r":0,"rx":0,"ry":0,"d":false,"h":1,"w":1,"color":"alpha"}]},"matrix":{"rows":1,"cols":4},"vendorProductId":1263290178}