{"name":"Crkbd","lighting":{"extends":"qmk_rgblight"},"layouts":{"width":15.5,"height":5.025609816565244,"optionKeys":{},"keys":[{"row":0,"col":3,"x":3,"y":0,"r":0,"rx":-0.5,"ry":-1,"d":false,"h":1,"w":1,"color":"alpha"},{"row":4,"col":3,"x":11.5,"y":0,"r":0,"rx":-0.5,"ry":-1,"d":false,"h":1,"w":1,"color":"alpha"},{"row":0,"col":2,"x":2,"y":0.125,"r":0,"rx":-0.5,"ry":-1,"d":false,"h":1,"w":1,"color":"alpha"},{"row":0,"col":4,"x":4,"y":0.125,"r":0,"rx":-0.5,"ry":-1,"d":false,"h":1,"w":1,"color":"alpha"},{"row":4,"col":4,"x":10.5,"y":0.125,"r":0,"rx":-0.5,"ry":-1,"d":false,"h":1,"w":1,"color":"alpha"},{"row":4,"col":2,"x":12.5,"y":0.125,"r":0,"rx":-0.5,"ry":-1,"d":false,"h":1,"w":1,"color":"alpha"},{"row":0,"col":5,"x":5,"y":0.25,"r":0,"rx":-0.5,"ry":-1,"d":false,"h":1,"w":1,"color":"alpha"},{"row":4,"col":5,"x":9.5,"y":0.25,"r":0,"rx":-0.5,"ry":-1,"d":false,"h":1,"w":1,"color":"alpha"},{"row":0,"col":0,"x":0,"y":0.375,"r":0,"rx":-0.5,"ry":-1,"d":false,"h":1,"w":1,"color":"alpha"},{"row":0,"col":1,"x":1,"y":0.375,"r":0,"rx":-0.5,"ry":-1,"d":false,"h":1,"w":1,"color":"alpha"},{"row":4,"col":1,"x":13.5,"y":0.375,"r":0,"rx":-0.5,"ry":-1,"d":false,"h":1,"w":1,"color":"alpha"},{"row":4,"col":0,"x":14.5,"y":0.375,"r":0,"rx":-0.5,"ry":-1,"d":false,"h":1,"w":1,"color":"alpha"},{"row":1,"col":3,"x":3,"y":1,"r":0,"rx":-0.5,"ry":-1,"d":false,"h":1,"w":1,"color":"alpha"},{"row":5,"col":3,"x":11.5,"y":1,"r":0,"rx":-0.5,"ry":-1,"d":false,"h":1,"w":1,"color":"alpha"},{"row":1,"col":2,"x":2,"y":1.125,"r":0,"rx":-0.5,"ry":-1,"d":false,"h":1,"w":1,"color":"alpha"},{"row":1,"col":4,"x":4,"y":1.125,"r":0,"rx":-0.5,"ry":-1,"d":false,"h":1,"w":1,"color":"alpha"},{"row":5,"col":4,"x":10.5,"y":1.125,"r":0,"rx":-0.5,"ry":-1,"d":false,"h":1,"w":1,"color":"alpha"},{"row":5,"col":2,"x":12.5,"y":1.125,"r":0,"rx":-0.5,"ry":-1,"d":false,"h":1,"w":1,"color":"alpha"},{"row":1,"col":5,"x":5,"y":1.25,"r":0,"rx":-0.5,"ry":-1,"d":false,"h":1,"w":1,"color":"alpha"},{"row":5,"col":5,"x":9.5,"y":1.25,"r":0,"rx":-0.5,"ry":-1,"d":false,"h":1,"w":1,"color":"alpha"},{"row":1,"col":0,"x":0,"y":1.375,"r":0,"rx":-0.5,"ry":-1,"d":false,"h":1,"w":1,"color":"alpha"},{"row":1,"col":1,"x":1,"y":1.375,"r":0,"rx":-0.5,"ry":-1,"d":false,"h":1,"w":1,"color":"alpha"},{"row":5,"col":1,"x":13.5,"y":1.375,"r":0,"rx":-0.5,"ry":-1,"d":false,"h":1,"w":1,"color":"alpha"},{"row":5,"col":0,"x":14.5,"y":1.375,"r":0,"rx":-0.5,"ry":-1,"d":false,"h":1,"w":1,"color":"alpha"},{"row":2,"col":3,"x":3,"y":2,"r":0,"rx":-0.5,"ry":-1,"d":false,"h":1,"w":1,"color":"alpha"},{"row":6,"col":3,"x":11.5,"y":2,"r":0,"rx":-0.5,"ry":-1,"d":false,"h":1,"w":1,"color":"alpha"},{"row":2,"col":2,"x":2,"y":2.125,"r":0,"rx":-0.5,"ry":-1,"d":false,"h":1,"w":1,"color":"alpha"},{"row":2,"col":4,"x":4,"y":2.125,"r":0,"rx":-0.5,"ry":-1,"d":false,"h":1,"w":1,"color":"alpha"},{"row":6,"col":4,"x":10.5,"y":2.125,"r":0,"rx":-0.5,"ry":-1,"d":false,"h":1,"w":1,"color":"alpha"},{"row":6,"col":2,"x":12.5,"y":2.125,"r":0,"rx":-0.5,"ry":-1,"d":false,"h":1,"w":1,"color":"alpha"},{"row":2,"col":5,"x":5,"y":2.25,"r":0,"rx":-0.5,"ry":-1,"d":false,"h":1,"w":1,"color":"alpha"},{"row":6,"col":5,"x":9.5,"y":2.25,"r":0,"rx":-0.5,"ry":-1,"d":false,"h":1,"w":1,"color":"alpha"},{"row":2,"col":0,"x":0,"y":2.375,"r":0,"rx":-0.5,"ry":-1,"d":false,"h":1,"w":1,"color":"alpha"},{"row":2,"col":1,"x":1,"y":2.375,"r":0,"rx":-0.5,"ry":-1,"d":false,"h":1,"w":1,"color":"alpha"},{"row":6,"col":1,"x":13.5,"y":2.375,"r":0,"rx":-0.5,"ry":-1,"d":false,"h":1,"w":1,"color":"alpha"},{"row":6,"col":0,"x":14.5,"y":2.375,"r":0,"rx":-0.5,"ry":-1,"d":false,"h":1,"w":1,"color":"alpha"},{"row":3,"col":3,"x":3.5,"y":3.25,"r":0,"rx":-0.5,"ry":-1,"d":false,"h":1,"w":1,"color":"alpha"},{"row":7,"col":3,"x":11,"y":3.25,"r":0,"rx":-0.5,"ry":-1,"d":false,"h":1,"w":1,"color":"alpha"},{"row":3,"col":4,"x":3.5,"y":3.25,"r":15,"rx":4,"ry":8.1,"d":false,"h":1,"w":1,"color":"alpha"},{"row":3,"col":5,"x":3.5,"y":3.250000000000001,"r":30,"rx":4.9,"ry":8.3,"d":false,"h":1.5,"w":1,"color":"alpha"},{"row":7,"col":5,"x":11,"y":3.250000000000001,"r":-30,"rx":10.6,"ry":8.3,"d":false,"h":1.5,"w":1,"color":"alpha"},{"row":7,"col":4,"x":11,"y":3.25,"r":-15,"rx":11.5,"ry":8.1,"d":false,"h":1,"w":1,"color":"alpha"}]},"matrix":{"rows":8,"cols":6},"vendorProductId":1179844609}