{"name":"Meridian RGB","lighting":"qmk_rgblight","layouts":{"width":16.62,"height":5.681999123748195,"optionKeys":{},"keys":[{"row":0,"col":0,"x":0.42000000000000015,"y":0.08,"r":0,"rx":-1.95,"ry":0,"d":false,"h":1,"w":1,"color":"accent"},{"row":0,"col":1,"x":1.4200000000000002,"y":0.08,"r":0,"rx":-1.95,"ry":0,"d":false,"h":1,"w":1,"color":"alpha"},{"row":0,"col":11,"x":12.18,"y":0.08,"r":0,"rx":-1.95,"ry":0,"d":false,"h":1,"w":1,"color":"alpha"},{"row":0,"col":12,"x":13.18,"y":0.08,"r":0,"rx":-1.95,"ry":0,"d":false,"h":1,"w":1,"color":"alpha"},{"row":0,"col":13,"x":14.18,"y":0.08,"r":0,"rx":-1.95,"ry":0,"d":false,"h":1,"w":2,"color":"mod"},{"row":1,"col":0,"x":0.29000000000000026,"y":1.08,"r":0,"rx":-1.95,"ry":0,"d":false,"h":1,"w":1.5,"color":"mod"},{"row":1,"col":1,"x":1.7900000000000003,"y":1.08,"r":0,"rx":-1.95,"ry":0,"d":false,"h":1,"w":1,"color":"alpha"},{"row":1,"col":10,"x":11.8,"y":1.08,"r":0,"rx":-1.95,"ry":0,"d":false,"h":1,"w":1,"color":"alpha"},{"row":1,"col":11,"x":12.8,"y":1.08,"r":0,"rx":-1.95,"ry":0,"d":false,"h":1,"w":1,"color":"alpha"},{"row":1,"col":12,"x":13.8,"y":1.08,"r":0,"rx":-1.95,"ry":0,"d":false,"h":1,"w":1,"color":"alpha"},{"row":1,"col":13,"x":14.8,"y":1.08,"r":0,"rx":-1.95,"ry":0,"d":false,"h":1,"w":1.5,"color":"alpha"},{"row":2,"col":0,"x":0.15000000000000013,"y":2.08,"r":0,"rx":-1.95,"ry":0,"d":false,"h":1,"w":1.75,"color":"mod"},{"row":2,"col":1,"x":1.9000000000000001,"y":2.08,"r":0,"rx":-1.95,"ry":0,"d":false,"h":1,"w":1,"color":"alpha"},{"row":2,"col":10,"x":12.21,"y":2.08,"r":0,"rx":-1.95,"ry":0,"d":false,"h":1,"w":1,"color":"alpha"},{"row":2,"col":11,"x":13.21,"y":2.08,"r":0,"rx":-1.95,"ry":0,"d":false,"h":1,"w":1,"color":"alpha"},{"row":2,"col":13,"x":14.21,"y":2.08,"r":0,"rx":-1.95,"ry":0,"d":false,"h":1,"w":2.25,"color":"accent"},{"row":3,"col":0,"x":0,"y":3.08,"r":0,"rx":-1.95,"ry":0,"d":false,"h":1,"w":2.25,"color":"mod"},{"row":3,"col":1,"x":2.25,"y":3.08,"r":0,"rx":-1.95,"ry":0,"d":false,"h":1,"w":1,"color":"alpha"},{"row":3,"col":10,"x":11.870000000000001,"y":3.08,"r":0,"rx":-1.95,"ry":0,"d":false,"h":1,"w":1,"color":"alpha"},{"row":3,"col":11,"x":12.870000000000001,"y":3.08,"r":0,"rx":-1.95,"ry":0,"d":false,"h":1,"w":1,"color":"alpha"},{"row":3,"col":12,"x":13.870000000000001,"y":3.08,"r":0,"rx":-1.95,"ry":0,"d":false,"h":1,"w":1.75,"color":"mod"},{"row":3,"col":13,"x":15.620000000000001,"y":3.08,"r":0,"rx":-1.95,"ry":0,"d":false,"h":1,"w":1,"color":"mod"},{"row":4,"col":0,"x":0.15000000000000013,"y":4.08,"r":0,"rx":-1.95,"ry":0,"d":false,"h":1,"w":1.25,"color":"mod"},{"row":4,"col":1,"x":1.4000000000000001,"y":4.08,"r":0,"rx":-1.95,"ry":0,"d":false,"h":1,"w":1.25,"color":"mod"},{"row":4,"col":11,"x":12.71,"y":4.08,"r":0,"rx":-1.95,"ry":0,"d":false,"h":1,"w":1.25,"color":"mod"},{"row":4,"col":12,"x":13.96,"y":4.08,"r":0,"rx":-1.95,"ry":0,"d":false,"h":1,"w":1.25,"color":"mod"},{"row":4,"col":13,"x":15.21,"y":4.08,"r":0,"rx":-1.95,"ry":0,"d":false,"h":1,"w":1.25,"color":"mod"},{"row":0,"col":2,"x":2.55,"y":0,"r":8,"rx":2.55,"ry":0,"d":false,"h":1,"w":1,"color":"alpha"},{"row":0,"col":3,"x":3.55,"y":0,"r":8,"rx":2.55,"ry":0,"d":false,"h":1,"w":1,"color":"alpha"},{"row":0,"col":4,"x":4.55,"y":0,"r":8,"rx":2.55,"ry":0,"d":false,"h":1,"w":1,"color":"alpha"},{"row":0,"col":5,"x":5.55,"y":0,"r":8,"rx":2.55,"ry":0,"d":false,"h":1,"w":1,"color":"alpha"},{"row":0,"col":6,"x":6.55,"y":0,"r":8,"rx":2.55,"ry":0,"d":false,"h":1,"w":1,"color":"alpha"},{"row":1,"col":2,"x":3.05,"y":1,"r":8,"rx":2.55,"ry":0,"d":false,"h":1,"w":1,"color":"alpha"},{"row":1,"col":3,"x":4.05,"y":1,"r":8,"rx":2.55,"ry":0,"d":false,"h":1,"w":1,"color":"alpha"},{"row":1,"col":4,"x":5.05,"y":1,"r":8,"rx":2.55,"ry":0,"d":false,"h":1,"w":1,"color":"alpha"},{"row":1,"col":5,"x":6.05,"y":1,"r":8,"rx":2.55,"ry":0,"d":false,"h":1,"w":1,"color":"alpha"},{"row":2,"col":2,"x":3.3,"y":2,"r":8,"rx":2.55,"ry":0,"d":false,"h":1,"w":1,"color":"alpha"},{"row":2,"col":3,"x":4.3,"y":2,"r":8,"rx":2.55,"ry":0,"d":false,"h":1,"w":1,"color":"alpha"},{"row":2,"col":4,"x":5.3,"y":2,"r":8,"rx":2.55,"ry":0,"d":false,"h":1,"w":1,"color":"alpha"},{"row":2,"col":5,"x":6.3,"y":2,"r":8,"rx":2.55,"ry":0,"d":false,"h":1,"w":1,"color":"alpha"},{"row":3,"col":2,"x":3.8,"y":3,"r":8,"rx":2.55,"ry":0,"d":false,"h":1,"w":1,"color":"alpha"},{"row":3,"col":3,"x":4.8,"y":3,"r":8,"rx":2.55,"ry":0,"d":false,"h":1,"w":1,"color":"alpha"},{"row":3,"col":4,"x":5.8,"y":3,"r":8,"rx":2.55,"ry":0,"d":false,"h":1,"w":1,"color":"alpha"},{"row":3,"col":5,"x":6.8,"y":3,"r":8,"rx":2.55,"ry":0,"d":false,"h":1,"w":1,"color":"alpha"},{"row":4,"col":2,"x":4.3,"y":4,"r":8,"rx":2.55,"ry":0,"d":false,"h":1,"w":1.25,"color":"mod"},{"row":4,"col":4,"x":5.55,"y":4,"r":8,"rx":2.55,"ry":0,"d":false,"h":1,"w":2.25,"color":"alpha"},{"row":0,"col":7,"x":8.05,"y":0,"r":-8,"rx":12.55,"ry":0,"d":false,"h":1,"w":1,"color":"alpha"},{"row":0,"col":8,"x":9.05,"y":0,"r":-8,"rx":12.55,"ry":0,"d":false,"h":1,"w":1,"color":"alpha"},{"row":0,"col":9,"x":10.05,"y":0,"r":-8,"rx":12.55,"ry":0,"d":false,"h":1,"w":1,"color":"alpha"},{"row":0,"col":10,"x":11.05,"y":0,"r":-8,"rx":12.55,"ry":0,"d":false,"h":1,"w":1,"color":"alpha"},{"row":1,"col":6,"x":7.55,"y":1,"r":-8,"rx":12.55,"ry":0,"d":false,"h":1,"w":1,"color":"alpha"},{"row":1,"col":7,"x":8.55,"y":1,"r":-8,"rx":12.55,"ry":0,"d":false,"h":1,"w":1,"color":"alpha"},{"row":1,"col":8,"x":9.55,"y":1,"r":-8,"rx":12.55,"ry":0,"d":false,"h":1,"w":1,"color":"alpha"},{"row":1,"col":9,"x":10.55,"y":1,"r":-8,"rx":12.55,"ry":0,"d":false,"h":1,"w":1,"color":"alpha"},{"row":2,"col":6,"x":7.8,"y":2,"r":-8,"rx":12.55,"ry":0,"d":false,"h":1,"w":1,"color":"alpha"},{"row":2,"col":7,"x":8.8,"y":2,"r":-8,"rx":12.55,"ry":0,"d":false,"h":1,"w":1,"color":"alpha"},{"row":2,"col":8,"x":9.8,"y":2,"r":-8,"rx":12.55,"ry":0,"d":false,"h":1,"w":1,"color":"alpha"},{"row":2,"col":9,"x":10.8,"y":2,"r":-8,"rx":12.55,"ry":0,"d":false,"h":1,"w":1,"color":"alpha"},{"row":3,"col":6,"x":7.3,"y":3,"r":-8,"rx":12.55,"ry":0,"d":false,"h":1,"w":1,"color":"alpha"},{"row":3,"col":7,"x":8.3,"y":3,"r":-8,"rx":12.55,"ry":0,"d":false,"h":1,"w":1,"color":"alpha"},{"row":3,"col":8,"x":9.3,"y":3,"r":-8,"rx":12.55,"ry":0,"d":false,"h":1,"w":1,"color":"alpha"},{"row":3,"col":9,"x":10.3,"y":3,"r":-8,"rx":12.55,"ry":0,"d":false,"h":1,"w":1,"color":"alpha"},{"row":4,"col":7,"x":7.3,"y":4,"r":-8,"rx":12.55,"ry":0,"d":false,"h":1,"w":2.25,"color":"alpha"},{"row":4,"col":9,"x":9.55,"y":4,"r":-8,"rx":12.55,"ry":0,"d":false,"h":1,"w":1.25,"color":"mod"}]},"matrix":{"rows":5,"cols":14},"vendorProductId":1347551298}