{"name":"BN006","lighting":{"extends":"qmk_rgblight","supportedLightingValues":[128,129,130,131],"underglowEffects":[["0. None",0],["1. Solid Color",1],["2. Gradient Up & Down",1],["3. Gradient Left & Right",1],["4. Breathing",1],["5. Reactive Simple",1],["6. Reactive Solid",1],["7. Splash",1],["8. Solid Splash",1]]},"layouts":{"width":3,"height":2,"optionKeys":{},"keys":[{"row":0,"col":0,"x":0,"y":0,"r":0,"rx":0,"ry":0,"d":false,"h":1,"w":1,"color":"alpha"},{"row":0,"col":1,"x":1,"y":0,"r":0,"rx":0,"ry":0,"d":false,"h":1,"w":1,"color":"alpha"},{"row":0,"col":2,"x":2,"y":0,"r":0,"rx":0,"ry":0,"d":false,"h":1,"w":1,"color":"alpha"},{"row":1,"col":0,"x":0,"y":1,"r":0,"rx":0,"ry":0,"d":false,"h":1,"w":1,"color":"alpha"},{"row":1,"col":1,"x":1,"y":1,"r":0,"rx":0,"ry":0,"d":false,"h":1,"w":1,"color":"alpha"},{"row":1,"col":2,"x":2,"y":1,"r":0,"rx":0,"ry":0,"d":false,"h":1,"w":1,"color":"alpha"}]},"matrix":{"rows":2,"cols":3},"vendorProductId":1112097390}