{"name":"Perk60 ISO Rev A","lighting":{"extends":"qmk_rgblight","underglowEffects":[["None",0],["Solid Color",1],["Alphas/Mods",1],["Vertical Gradient",1],["Horizontal Gradient",1],["Breathing",1],["Cycle All",1],["Cycle Left/Right",1],["Cycle Up/Down",1],["Rainbow Moving Chevron",1],["Cycle Out/In",1],["Cycle Out/In Dual",1],["Cycle Pinwheel",1],["Cycle Spiral",1],["Dual Beacon",1],["Rainbow Beacon",1],["Rainbow Pinwheels",1],["Raindrops",1],["Jelly Raindrops",1],["Solid Reactive Simple",1],["Solid Reactive",1],["Solid Reactive Wide",1],["Solid Reactive Cross",1],["Solid Reactive Nexus",1],["Splash",1],["Solid Splash",1]]},"layouts":{"width":15,"height":5,"optionKeys":{},"keys":[{"row":0,"col":0,"x":0,"y":0,"r":0,"rx":0,"ry":0,"d":false,"h":1,"w":1,"color":"mod"},{"row":1,"col":0,"x":1,"y":0,"r":0,"rx":0,"ry":0,"d":false,"h":1,"w":1,"color":"alpha"},{"row":0,"col":1,"x":2,"y":0,"r":0,"rx":0,"ry":0,"d":false,"h":1,"w":1,"color":"alpha"},{"row":1,"col":1,"x":3,"y":0,"r":0,"rx":0,"ry":0,"d":false,"h":1,"w":1,"color":"alpha"},{"row":0,"col":2,"x":4,"y":0,"r":0,"rx":0,"ry":0,"d":false,"h":1,"w":1,"color":"alpha"},{"row":1,"col":2,"x":5,"y":0,"r":0,"rx":0,"ry":0,"d":false,"h":1,"w":1,"color":"alpha"},{"row":0,"col":3,"x":6,"y":0,"r":0,"rx":0,"ry":0,"d":false,"h":1,"w":1,"color":"alpha"},{"row":1,"col":3,"x":7,"y":0,"r":0,"rx":0,"ry":0,"d":false,"h":1,"w":1,"color":"alpha"},{"row":0,"col":4,"x":8,"y":0,"r":0,"rx":0,"ry":0,"d":false,"h":1,"w":1,"color":"alpha"},{"row":1,"col":4,"x":9,"y":0,"r":0,"rx":0,"ry":0,"d":false,"h":1,"w":1,"color":"alpha"},{"row":0,"col":5,"x":10,"y":0,"r":0,"rx":0,"ry":0,"d":false,"h":1,"w":1,"color":"alpha"},{"row":1,"col":5,"x":11,"y":0,"r":0,"rx":0,"ry":0,"d":false,"h":1,"w":1,"color":"alpha"},{"row":0,"col":6,"x":12,"y":0,"r":0,"rx":0,"ry":0,"d":false,"h":1,"w":1,"color":"alpha"},{"row":3,"col":6,"x":13,"y":0,"r":0,"rx":0,"ry":0,"d":false,"h":1,"w":2,"color":"mod"},{"row":2,"col":0,"x":0,"y":1,"r":0,"rx":0,"ry":0,"d":false,"h":1,"w":1.5,"color":"mod"},{"row":3,"col":0,"x":1.5,"y":1,"r":0,"rx":0,"ry":0,"d":false,"h":1,"w":1,"color":"alpha"},{"row":2,"col":1,"x":2.5,"y":1,"r":0,"rx":0,"ry":0,"d":false,"h":1,"w":1,"color":"alpha"},{"row":3,"col":1,"x":3.5,"y":1,"r":0,"rx":0,"ry":0,"d":false,"h":1,"w":1,"color":"alpha"},{"row":2,"col":2,"x":4.5,"y":1,"r":0,"rx":0,"ry":0,"d":false,"h":1,"w":1,"color":"alpha"},{"row":3,"col":2,"x":5.5,"y":1,"r":0,"rx":0,"ry":0,"d":false,"h":1,"w":1,"color":"alpha"},{"row":2,"col":3,"x":6.5,"y":1,"r":0,"rx":0,"ry":0,"d":false,"h":1,"w":1,"color":"alpha"},{"row":3,"col":3,"x":7.5,"y":1,"r":0,"rx":0,"ry":0,"d":false,"h":1,"w":1,"color":"alpha"},{"row":2,"col":4,"x":8.5,"y":1,"r":0,"rx":0,"ry":0,"d":false,"h":1,"w":1,"color":"alpha"},{"row":3,"col":4,"x":9.5,"y":1,"r":0,"rx":0,"ry":0,"d":false,"h":1,"w":1,"color":"alpha"},{"row":2,"col":5,"x":10.5,"y":1,"r":0,"rx":0,"ry":0,"d":false,"h":1,"w":1,"color":"alpha"},{"row":3,"col":5,"x":11.5,"y":1,"r":0,"rx":0,"ry":0,"d":false,"h":1,"w":1,"color":"alpha"},{"row":2,"col":6,"x":12.5,"y":1,"r":0,"rx":0,"ry":0,"d":false,"h":1,"w":1,"color":"alpha"},{"row":7,"col":6,"x":13.75,"y":1,"r":0,"rx":0,"ry":0,"d":false,"h":2,"w":1.25,"w2":1.5,"x2":-0.25,"h2":1,"color":"mod"},{"row":4,"col":0,"x":0,"y":2,"r":0,"rx":0,"ry":0,"d":false,"h":1,"w":1.75,"color":"mod"},{"row":5,"col":0,"x":1.75,"y":2,"r":0,"rx":0,"ry":0,"d":false,"h":1,"w":1,"color":"alpha"},{"row":4,"col":1,"x":2.75,"y":2,"r":0,"rx":0,"ry":0,"d":false,"h":1,"w":1,"color":"alpha"},{"row":5,"col":1,"x":3.75,"y":2,"r":0,"rx":0,"ry":0,"d":false,"h":1,"w":1,"color":"alpha"},{"row":4,"col":2,"x":4.75,"y":2,"r":0,"rx":0,"ry":0,"d":false,"h":1,"w":1,"color":"alpha"},{"row":5,"col":2,"x":5.75,"y":2,"r":0,"rx":0,"ry":0,"d":false,"h":1,"w":1,"color":"alpha"},{"row":4,"col":3,"x":6.75,"y":2,"r":0,"rx":0,"ry":0,"d":false,"h":1,"w":1,"color":"alpha"},{"row":5,"col":3,"x":7.75,"y":2,"r":0,"rx":0,"ry":0,"d":false,"h":1,"w":1,"color":"alpha"},{"row":4,"col":4,"x":8.75,"y":2,"r":0,"rx":0,"ry":0,"d":false,"h":1,"w":1,"color":"alpha"},{"row":5,"col":4,"x":9.75,"y":2,"r":0,"rx":0,"ry":0,"d":false,"h":1,"w":1,"color":"alpha"},{"row":4,"col":5,"x":10.75,"y":2,"r":0,"rx":0,"ry":0,"d":false,"h":1,"w":1,"color":"alpha"},{"row":5,"col":5,"x":11.75,"y":2,"r":0,"rx":0,"ry":0,"d":false,"h":1,"w":1,"color":"alpha"},{"row":4,"col":6,"x":12.75,"y":2,"r":0,"rx":0,"ry":0,"d":false,"h":1,"w":1,"color":"alpha"},{"row":6,"col":0,"x":0,"y":3,"r":0,"rx":0,"ry":0,"d":false,"h":1,"w":1.25,"color":"mod"},{"row":7,"col":0,"x":1.25,"y":3,"r":0,"rx":0,"ry":0,"d":false,"h":1,"w":1,"color":"alpha"},{"row":6,"col":1,"x":2.25,"y":3,"r":0,"rx":0,"ry":0,"d":false,"h":1,"w":1,"color":"alpha"},{"row":7,"col":1,"x":3.25,"y":3,"r":0,"rx":0,"ry":0,"d":false,"h":1,"w":1,"color":"alpha"},{"row":6,"col":2,"x":4.25,"y":3,"r":0,"rx":0,"ry":0,"d":false,"h":1,"w":1,"color":"alpha"},{"row":7,"col":2,"x":5.25,"y":3,"r":0,"rx":0,"ry":0,"d":false,"h":1,"w":1,"color":"alpha"},{"row":6,"col":3,"x":6.25,"y":3,"r":0,"rx":0,"ry":0,"d":false,"h":1,"w":1,"color":"alpha"},{"row":7,"col":3,"x":7.25,"y":3,"r":0,"rx":0,"ry":0,"d":false,"h":1,"w":1,"color":"alpha"},{"row":6,"col":4,"x":8.25,"y":3,"r":0,"rx":0,"ry":0,"d":false,"h":1,"w":1,"color":"alpha"},{"row":7,"col":4,"x":9.25,"y":3,"r":0,"rx":0,"ry":0,"d":false,"h":1,"w":1,"color":"alpha"},{"row":6,"col":5,"x":10.25,"y":3,"r":0,"rx":0,"ry":0,"d":false,"h":1,"w":1,"color":"alpha"},{"row":7,"col":5,"x":11.25,"y":3,"r":0,"rx":0,"ry":0,"d":false,"h":1,"w":1,"color":"alpha"},{"row":8,"col":6,"x":12.25,"y":3,"r":0,"rx":0,"ry":0,"d":false,"h":1,"w":2.75,"color":"mod"},{"row":8,"col":0,"x":0,"y":4,"r":0,"rx":0,"ry":0,"d":false,"h":1,"w":1.25,"color":"mod"},{"row":8,"col":1,"x":1.25,"y":4,"r":0,"rx":0,"ry":0,"d":false,"h":1,"w":1.25,"color":"mod"},{"row":9,"col":0,"x":2.5,"y":4,"r":0,"rx":0,"ry":0,"d":false,"h":1,"w":1.25,"color":"mod"},{"row":8,"col":3,"x":3.75,"y":4,"r":0,"rx":0,"ry":0,"d":false,"h":1,"w":6.25,"color":"mod"},{"row":9,"col":3,"x":10,"y":4,"r":0,"rx":0,"ry":0,"d":false,"h":1,"w":1.25,"color":"mod"},{"row":9,"col":4,"x":11.25,"y":4,"r":0,"rx":0,"ry":0,"d":false,"h":1,"w":1.25,"color":"mod"},{"row":8,"col":5,"x":12.5,"y":4,"r":0,"rx":0,"ry":0,"d":false,"h":1,"w":1.25,"color":"mod"},{"row":9,"col":5,"x":13.75,"y":4,"r":0,"rx":0,"ry":0,"d":false,"h":1,"w":1.25,"color":"mod"}]},"matrix":{"rows":10,"cols":7},"vendorProductId":1145307145}