{"name":"Dactyl Manuform (4x5)","lighting":"none","layouts":{"width":13.25,"height":8.27254140857308,"optionKeys":{},"keys":[{"row":0,"col":2,"x":2,"y":0,"r":0,"rx":0,"ry":0,"d":false,"h":1,"w":1,"color":"alpha"},{"row":5,"col":2,"x":10.25,"y":0,"r":0,"rx":0,"ry":0,"d":false,"h":1,"w":1,"color":"alpha"},{"row":0,"col":1,"x":1,"y":0.09999999999999998,"r":0,"rx":0,"ry":0,"d":false,"h":1,"w":1,"color":"alpha"},{"row":0,"col":3,"x":3,"y":0.10000000000000009,"r":0,"rx":0,"ry":0,"d":false,"h":1,"w":1,"color":"alpha"},{"row":0,"col":4,"x":4,"y":0.10000000000000009,"r":0,"rx":0,"ry":0,"d":false,"h":1,"w":1,"color":"alpha"},{"row":5,"col":4,"x":8.25,"y":0.10000000000000009,"r":0,"rx":0,"ry":0,"d":false,"h":1,"w":1,"color":"alpha"},{"row":5,"col":3,"x":9.25,"y":0.10000000000000009,"r":0,"rx":0,"ry":0,"d":false,"h":1,"w":1,"color":"alpha"},{"row":5,"col":1,"x":11.25,"y":0.10000000000000009,"r":0,"rx":0,"ry":0,"d":false,"h":1,"w":1,"color":"alpha"},{"row":0,"col":0,"x":0,"y":0.5000000000000001,"r":0,"rx":0,"ry":0,"d":false,"h":1,"w":1,"color":"alpha"},{"row":5,"col":0,"x":12.25,"y":0.5000000000000001,"r":0,"rx":0,"ry":0,"d":false,"h":1,"w":1,"color":"alpha"},{"row":1,"col":2,"x":2,"y":1,"r":0,"rx":0,"ry":0,"d":false,"h":1,"w":1,"color":"alpha"},{"row":6,"col":2,"x":10.25,"y":1,"r":0,"rx":0,"ry":0,"d":false,"h":1,"w":1,"color":"alpha"},{"row":1,"col":1,"x":1,"y":1.1,"r":0,"rx":0,"ry":0,"d":false,"h":1,"w":1,"color":"alpha"},{"row":1,"col":3,"x":3,"y":1.1,"r":0,"rx":0,"ry":0,"d":false,"h":1,"w":1,"color":"alpha"},{"row":1,"col":4,"x":4,"y":1.1,"r":0,"rx":0,"ry":0,"d":false,"h":1,"w":1,"color":"alpha"},{"row":6,"col":4,"x":8.25,"y":1.1,"r":0,"rx":0,"ry":0,"d":false,"h":1,"w":1,"color":"alpha"},{"row":6,"col":3,"x":9.25,"y":1.1,"r":0,"rx":0,"ry":0,"d":false,"h":1,"w":1,"color":"alpha"},{"row":6,"col":1,"x":11.25,"y":1.1,"r":0,"rx":0,"ry":0,"d":false,"h":1,"w":1,"color":"alpha"},{"row":1,"col":0,"x":0,"y":1.5,"r":0,"rx":0,"ry":0,"d":false,"h":1,"w":1,"color":"alpha"},{"row":6,"col":0,"x":12.25,"y":1.5,"r":0,"rx":0,"ry":0,"d":false,"h":1,"w":1,"color":"alpha"},{"row":2,"col":2,"x":2,"y":2,"r":0,"rx":0,"ry":0,"d":false,"h":1,"w":1,"color":"alpha"},{"row":7,"col":2,"x":10.25,"y":2,"r":0,"rx":0,"ry":0,"d":false,"h":1,"w":1,"color":"alpha"},{"row":2,"col":1,"x":1,"y":2.1,"r":0,"rx":0,"ry":0,"d":false,"h":1,"w":1,"color":"alpha"},{"row":2,"col":3,"x":3,"y":2.1,"r":0,"rx":0,"ry":0,"d":false,"h":1,"w":1,"color":"alpha"},{"row":2,"col":4,"x":4,"y":2.1,"r":0,"rx":0,"ry":0,"d":false,"h":1,"w":1,"color":"alpha"},{"row":7,"col":4,"x":8.25,"y":2.1,"r":0,"rx":0,"ry":0,"d":false,"h":1,"w":1,"color":"alpha"},{"row":7,"col":3,"x":9.25,"y":2.1,"r":0,"rx":0,"ry":0,"d":false,"h":1,"w":1,"color":"alpha"},{"row":2,"col":0,"x":0,"y":2.5,"r":0,"rx":0,"ry":0,"d":false,"h":1,"w":1,"color":"alpha"},{"row":7,"col":0,"x":12.25,"y":2.5,"r":0,"rx":0,"ry":0,"d":false,"h":1,"w":1,"color":"alpha"},{"row":3,"col":2,"x":2,"y":3,"r":0,"rx":0,"ry":0,"d":false,"h":1,"w":1,"color":"alpha"},{"row":8,"col":2,"x":10.25,"y":3,"r":0,"rx":0,"ry":0,"d":false,"h":1,"w":1,"color":"alpha"},{"row":3,"col":1,"x":1,"y":3.1,"r":0,"rx":0,"ry":0,"d":false,"h":1,"w":1,"color":"alpha"},{"row":8,"col":1,"x":11.25,"y":3.1,"r":0,"rx":0,"ry":0,"d":false,"h":1,"w":1,"color":"alpha"},{"row":7,"col":1,"x":11.25,"y":2.1,"r":0,"rx":0,"ry":4.25,"d":false,"h":1,"w":1,"color":"alpha"},{"row":3,"col":4,"x":7,"y":4,"r":30,"rx":6.5,"ry":0,"d":false,"h":1.5,"w":1,"color":"accent"},{"row":3,"col":3,"x":6,"y":4.5,"r":30,"rx":6.5,"ry":0,"d":false,"h":1.5,"w":1,"color":"accent"},{"row":4,"col":3,"x":9,"y":4.5,"r":75,"rx":6.5,"ry":3,"d":false,"h":1,"w":1,"color":"mod"},{"row":4,"col":1,"x":10,"y":4.5,"r":75,"rx":6.5,"ry":3,"d":false,"h":1,"w":1,"color":"mod"},{"row":4,"col":4,"x":9,"y":5.5,"r":75,"rx":6.5,"ry":3,"d":false,"h":1,"w":1,"color":"mod"},{"row":4,"col":2,"x":10,"y":5.5,"r":75,"rx":6.5,"ry":3,"d":false,"h":1,"w":1,"color":"mod"},{"row":9,"col":1,"x":9,"y":0,"r":-75,"rx":13,"ry":5.25,"d":false,"h":1,"w":1,"color":"mod"},{"row":9,"col":3,"x":10,"y":0,"r":-75,"rx":13,"ry":5.25,"d":false,"h":1,"w":1,"color":"mod"},{"row":9,"col":2,"x":9,"y":1,"r":-75,"rx":13,"ry":5.25,"d":false,"h":1,"w":1,"color":"mod"},{"row":9,"col":4,"x":10,"y":1,"r":-75,"rx":13,"ry":5.25,"d":false,"h":1,"w":1,"color":"mod"},{"row":8,"col":4,"x":6,"y":0.75,"r":-30,"rx":13,"ry":0,"d":false,"h":1.5,"w":1,"color":"accent"},{"row":8,"col":3,"x":7,"y":1.25,"r":-30,"rx":13,"ry":0,"d":false,"h":1.5,"w":1,"color":"accent"}]},"matrix":{"rows":10,"cols":5},"vendorProductId":1145910325}