{"name":"MAJA_SOLDERED","lighting":"qmk_backlight","layouts":{"labels":["Split Backspace","2.25u Space"],"width":18.255,"height":6.0622592435018205,"optionKeys":{"0":{"0":[{"row":0,"col":13,"x":14.375,"y":0.235,"r":0,"rx":-0.125,"ry":-0.13,"d":false,"h":1,"w":2,"color":"mod"}],"1":[{"row":0,"col":13,"x":14.375,"y":0.2350000000000002,"r":0,"rx":-0.125,"ry":-0.13,"d":false,"h":1,"w":1,"color":"alpha"},{"row":3,"col":14,"x":15.375,"y":0.2350000000000002,"r":0,"rx":-0.125,"ry":-0.13,"d":false,"h":1,"w":1,"color":"alpha"}]},"1":{"0":[{"row":4,"col":3,"x":5.125,"y":4.37,"r":12,"rx":4.625,"ry":1.37,"d":false,"h":1,"w":2,"color":"alpha"},{"row":4,"col":5,"x":7.125,"y":4.37,"r":12,"rx":4.625,"ry":1.37,"d":false,"h":1,"w":1.25,"color":"mod"}],"1":[{"row":4,"col":3,"x":5.125,"y":4.37,"r":12,"rx":4.625,"ry":1.37,"d":false,"h":1,"w":2.25,"color":"alpha"},{"row":4,"col":5,"x":7.375,"y":4.37,"r":12,"rx":4.625,"ry":1.37,"d":false,"h":1,"w":1,"color":"mod"}]}},"keys":[{"row":0,"col":2,"x":2.625,"y":0,"r":0,"rx":-0.125,"ry":-0.13,"d":false,"h":1,"w":1,"color":"alpha"},{"row":0,"col":11,"x":12.375,"y":0,"r":0,"rx":-0.125,"ry":-0.13,"d":false,"h":1,"w":1,"color":"alpha"},{"row":0,"col":0,"x":0.625,"y":0.12,"r":0,"rx":-0.125,"ry":-0.13,"d":false,"h":1,"w":1,"color":"accent"},{"row":0,"col":1,"x":1.625,"y":0.12,"r":0,"rx":-0.125,"ry":-0.13,"d":false,"h":1,"w":1,"color":"alpha"},{"row":0,"col":12,"x":13.375,"y":0.235,"r":0,"rx":-0.125,"ry":-0.13,"d":false,"h":1,"w":1,"color":"alpha"},{"row":0,"col":14,"x":17.255,"y":0.235,"r":0,"rx":-0.125,"ry":-0.13,"d":false,"h":1,"w":1,"color":"mod"},{"row":1,"col":0,"x":0.375,"y":1.12,"r":0,"rx":-0.125,"ry":-0.13,"d":false,"h":1,"w":1.5,"color":"mod"},{"row":1,"col":1,"x":1.875,"y":1.12,"r":0,"rx":-0.125,"ry":-0.13,"d":false,"h":1,"w":1,"color":"alpha"},{"row":1,"col":10,"x":12.125,"y":1.12,"r":0,"rx":-0.125,"ry":-0.13,"d":false,"h":1,"w":1,"color":"alpha"},{"row":1,"col":11,"x":13.125,"y":1.2349999999999999,"r":0,"rx":-0.125,"ry":-0.13,"d":false,"h":1,"w":1,"color":"alpha"},{"row":1,"col":12,"x":14.125,"y":1.2349999999999999,"r":0,"rx":-0.125,"ry":-0.13,"d":false,"h":1,"w":1,"color":"alpha"},{"row":1,"col":13,"x":15.125,"y":1.2349999999999999,"r":0,"rx":-0.125,"ry":-0.13,"d":false,"h":1,"w":1.5,"color":"alpha"},{"row":1,"col":14,"x":17.255,"y":1.2349999999999999,"r":0,"rx":-0.125,"ry":-0.13,"d":false,"h":1,"w":1,"color":"mod"},{"row":2,"col":0,"x":0.24,"y":2.12,"r":0,"rx":-0.125,"ry":-0.13,"d":false,"h":1,"w":1.75,"color":"mod"},{"row":2,"col":1,"x":2,"y":2.12,"r":0,"rx":-0.125,"ry":-0.13,"d":false,"h":1,"w":1,"color":"alpha"},{"row":2,"col":10,"x":12.625,"y":2.2350000000000003,"r":0,"rx":-0.125,"ry":-0.13,"d":false,"h":1,"w":1,"color":"alpha"},{"row":2,"col":11,"x":13.625,"y":2.2350000000000003,"r":0,"rx":-0.125,"ry":-0.13,"d":false,"h":1,"w":1,"color":"alpha"},{"row":2,"col":13,"x":14.625,"y":2.2350000000000003,"r":0,"rx":-0.125,"ry":-0.13,"d":false,"h":1,"w":2.25,"color":"accent"},{"row":2,"col":14,"x":17.255,"y":2.2350000000000003,"r":0,"rx":-0.125,"ry":-0.13,"d":false,"h":1,"w":1,"color":"mod"},{"row":3,"col":0,"x":0,"y":3.12,"r":0,"rx":-0.125,"ry":-0.13,"d":false,"h":1,"w":2.25,"color":"mod"},{"row":3,"col":1,"x":2.24,"y":3.12,"r":0,"rx":-0.125,"ry":-0.13,"d":false,"h":1,"w":1,"color":"alpha"},{"row":3,"col":10,"x":12.125,"y":3.2350000000000003,"r":0,"rx":-0.125,"ry":-0.13,"d":false,"h":1,"w":1,"color":"alpha"},{"row":3,"col":11,"x":13.125,"y":3.2350000000000003,"r":0,"rx":-0.125,"ry":-0.13,"d":false,"h":1,"w":1,"color":"alpha"},{"row":3,"col":12,"x":14.125,"y":3.2350000000000003,"r":0,"rx":-0.125,"ry":-0.13,"d":false,"h":1,"w":1.75,"color":"mod"},{"row":3,"col":13,"x":16.125,"y":3.495,"r":0,"rx":-0.125,"ry":-0.13,"d":false,"h":1,"w":1,"color":"accent"},{"row":4,"col":0,"x":0,"y":4.12,"r":0,"rx":-0.125,"ry":-0.13,"d":false,"h":1,"w":1.5,"color":"mod"},{"row":4,"col":12,"x":15.125,"y":4.495,"r":0,"rx":-0.125,"ry":-0.13,"d":false,"h":1,"w":1,"color":"accent"},{"row":4,"col":13,"x":16.125,"y":4.495,"r":0,"rx":-0.125,"ry":-0.13,"d":false,"h":1,"w":1,"color":"accent"},{"row":4,"col":14,"x":17.125,"y":4.495,"r":0,"rx":-0.125,"ry":-0.13,"d":false,"h":1,"w":1,"color":"accent"},{"row":0,"col":3,"x":3.625,"y":0.37,"r":12,"rx":4.625,"ry":1.37,"d":false,"h":1,"w":1,"color":"alpha"},{"row":0,"col":4,"x":4.625,"y":0.37,"r":12,"rx":4.625,"ry":1.37,"d":false,"h":1,"w":1,"color":"alpha"},{"row":0,"col":5,"x":5.625,"y":0.37,"r":12,"rx":4.625,"ry":1.37,"d":false,"h":1,"w":1,"color":"alpha"},{"row":0,"col":6,"x":6.625,"y":0.37,"r":12,"rx":4.625,"ry":1.37,"d":false,"h":1,"w":1,"color":"alpha"},{"row":1,"col":2,"x":3.125,"y":1.37,"r":12,"rx":4.625,"ry":1.37,"d":false,"h":1,"w":1,"color":"alpha"},{"row":1,"col":3,"x":4.125,"y":1.37,"r":12,"rx":4.625,"ry":1.37,"d":false,"h":1,"w":1,"color":"alpha"},{"row":1,"col":4,"x":5.125,"y":1.37,"r":12,"rx":4.625,"ry":1.37,"d":false,"h":1,"w":1,"color":"alpha"},{"row":1,"col":5,"x":6.125,"y":1.37,"r":12,"rx":4.625,"ry":1.37,"d":false,"h":1,"w":1,"color":"alpha"},{"row":2,"col":2,"x":3.375,"y":2.37,"r":12,"rx":4.625,"ry":1.37,"d":false,"h":1,"w":1,"color":"alpha"},{"row":2,"col":3,"x":4.375,"y":2.37,"r":12,"rx":4.625,"ry":1.37,"d":false,"h":1,"w":1,"color":"alpha"},{"row":2,"col":4,"x":5.375,"y":2.37,"r":12,"rx":4.625,"ry":1.37,"d":false,"h":1,"w":1,"color":"alpha"},{"row":2,"col":5,"x":6.375,"y":2.37,"r":12,"rx":4.625,"ry":1.37,"d":false,"h":1,"w":1,"color":"alpha"},{"row":3,"col":2,"x":3.875,"y":3.37,"r":12,"rx":4.625,"ry":1.37,"d":false,"h":1,"w":1,"color":"alpha"},{"row":3,"col":3,"x":4.875,"y":3.37,"r":12,"rx":4.625,"ry":1.37,"d":false,"h":1,"w":1,"color":"alpha"},{"row":3,"col":4,"x":5.875,"y":3.37,"r":12,"rx":4.625,"ry":1.37,"d":false,"h":1,"w":1,"color":"alpha"},{"row":3,"col":5,"x":6.875,"y":3.37,"r":12,"rx":4.625,"ry":1.37,"d":false,"h":1,"w":1,"color":"alpha"},{"row":4,"col":2,"x":3.625,"y":4.5,"r":12,"rx":4.625,"ry":1.37,"d":false,"h":1,"w":1.5,"color":"mod"},{"row":0,"col":7,"x":8.375,"y":-0.13,"r":-12,"rx":13.375,"ry":1.37,"d":false,"h":1,"w":1,"color":"alpha"},{"row":0,"col":8,"x":9.375,"y":-0.13,"r":-12,"rx":13.375,"ry":1.37,"d":false,"h":1,"w":1,"color":"alpha"},{"row":0,"col":9,"x":10.375,"y":-0.13,"r":-12,"rx":13.375,"ry":1.37,"d":false,"h":1,"w":1,"color":"alpha"},{"row":0,"col":10,"x":11.375,"y":-0.13,"r":-12,"rx":13.375,"ry":1.37,"d":false,"h":1,"w":1,"color":"alpha"},{"row":1,"col":6,"x":7.875,"y":0.87,"r":-12,"rx":13.375,"ry":1.37,"d":false,"h":1,"w":1,"color":"alpha"},{"row":1,"col":7,"x":8.875,"y":0.87,"r":-12,"rx":13.375,"ry":1.37,"d":false,"h":1,"w":1,"color":"alpha"},{"row":1,"col":8,"x":9.875,"y":0.87,"r":-12,"rx":13.375,"ry":1.37,"d":false,"h":1,"w":1,"color":"alpha"},{"row":1,"col":9,"x":10.875,"y":0.87,"r":-12,"rx":13.375,"ry":1.37,"d":false,"h":1,"w":1,"color":"alpha"},{"row":2,"col":6,"x":8.125,"y":1.87,"r":-12,"rx":13.375,"ry":1.37,"d":false,"h":1,"w":1,"color":"alpha"},{"row":2,"col":7,"x":9.125,"y":1.87,"r":-12,"rx":13.375,"ry":1.37,"d":false,"h":1,"w":1,"color":"alpha"},{"row":2,"col":8,"x":10.125,"y":1.87,"r":-12,"rx":13.375,"ry":1.37,"d":false,"h":1,"w":1,"color":"alpha"},{"row":2,"col":9,"x":11.125,"y":1.87,"r":-12,"rx":13.375,"ry":1.37,"d":false,"h":1,"w":1,"color":"alpha"},{"row":4,"col":7,"x":7.625,"y":3.87,"r":-12,"rx":13.375,"ry":1.37,"d":false,"h":1,"w":2.75,"color":"alpha"},{"row":4,"col":9,"x":10.375,"y":4,"r":-12,"rx":13.375,"ry":1.37,"d":false,"h":1,"w":1.5,"color":"mod"},{"row":3,"col":6,"x":7.625,"y":2.87,"r":-12,"rx":13.375,"ry":1.62,"d":false,"h":1,"w":1,"color":"alpha"},{"row":3,"col":7,"x":8.625,"y":2.87,"r":-12,"rx":13.375,"ry":1.62,"d":false,"h":1,"w":1,"color":"alpha"},{"row":3,"col":8,"x":9.625,"y":2.87,"r":-12,"rx":13.375,"ry":1.62,"d":false,"h":1,"w":1,"color":"alpha"},{"row":3,"col":9,"x":10.625,"y":2.87,"r":-12,"rx":13.375,"ry":1.62,"d":false,"h":1,"w":1,"color":"alpha"}]},"matrix":{"rows":5,"cols":15},"vendorProductId":1262641257}