{"name":"UM-A","lighting":"qmk_backlight","layouts":{"labels":["ISO Enter","ISO Left Shift","Split Backspace","Spacekey"],"width":19.25,"height":5.6959654641899995,"optionKeys":{"0":{"0":[{"row":6,"col":7,"x":16.22,"y":1.1157065862189453,"r":0,"rx":-0.5,"ry":-1.334293413781055,"d":false,"h":1,"w":1.5,"color":"alpha"},{"row":7,"col":6,"x":15.59,"y":2.1157065862189453,"r":0,"rx":-0.5,"ry":-1.334293413781055,"d":false,"h":1,"w":2.25,"color":"accent"}],"1":[{"row":7,"col":6,"x":16.47,"y":1.1157065862189453,"r":0,"rx":-0.5,"ry":-1.334293413781055,"d":false,"h":2,"w":1.25,"w2":1.5,"x2":-0.25,"h2":1,"color":"accent"},{"row":6,"col":7,"x":15.469999999999999,"y":2.1157065862189453,"r":0,"rx":-0.5,"ry":-1.334293413781055,"d":false,"h":1,"w":1,"color":"alpha"}]},"1":{"0":[{"row":3,"col":0,"x":1.5,"y":3.1157065862189453,"r":0,"rx":-0.5,"ry":-1.334293413781055,"d":false,"h":1,"w":2.25,"color":"mod"}],"1":[{"row":3,"col":0,"x":1.5,"y":3.1157065862189453,"r":0,"rx":-0.5,"ry":-1.334293413781055,"d":false,"h":1,"w":1.25,"color":"mod"},{"row":4,"col":1,"x":2.75,"y":3.1157065862189453,"r":0,"rx":-0.5,"ry":-1.334293413781055,"d":false,"h":1,"w":1,"color":"alpha"}]},"2":{"0":[{"row":5,"col":7,"x":15.57,"y":0.11570658621894525,"r":0,"rx":-0.5,"ry":-1.334293413781055,"d":false,"h":1,"w":2,"color":"mod"}],"1":[{"row":5,"col":6,"x":15.57,"y":0.11570658621894525,"r":0,"rx":-0.5,"ry":-1.334293413781055,"d":false,"h":1,"w":1,"color":"alpha"},{"row":5,"col":7,"x":16.57,"y":0.11570658621894525,"r":0,"rx":-0.5,"ry":-1.334293413781055,"d":false,"h":1,"w":1,"color":"mod"}]},"3":{"0":[{"row":4,"col":3,"x":5.97,"y":3.595706586218945,"r":8,"rx":1.25,"ry":-1.334293413781055,"d":false,"h":1,"w":1.25,"color":"mod"},{"row":4,"col":4,"x":7.22,"y":3.595706586218945,"r":8,"rx":1.25,"ry":-1.334293413781055,"d":false,"h":1,"w":2.25,"color":"alpha"}],"1":[{"row":4,"col":4,"x":5.97,"y":3.595706586218945,"r":8,"rx":1.25,"ry":-1.334293413781055,"d":false,"h":1,"w":2.25,"color":"alpha"},{"row":4,"col":3,"x":8.219999999999999,"y":3.595706586218945,"r":8,"rx":1.25,"ry":-1.334293413781055,"d":false,"h":1,"w":1.25,"color":"mod"}]}},"keys":[{"row":0,"col":0,"x":1.9100000000000001,"y":0.11570658621894525,"r":0,"rx":-0.5,"ry":-1.334293413781055,"d":false,"h":1,"w":1,"color":"accent"},{"row":0,"col":1,"x":2.91,"y":0.11570658621894525,"r":0,"rx":-0.5,"ry":-1.334293413781055,"d":false,"h":1,"w":1,"color":"alpha"},{"row":5,"col":4,"x":13.57,"y":0.11570658621894525,"r":0,"rx":-0.5,"ry":-1.334293413781055,"d":false,"h":1,"w":1,"color":"alpha"},{"row":5,"col":5,"x":14.57,"y":0.11570658621894525,"r":0,"rx":-0.5,"ry":-1.334293413781055,"d":false,"h":1,"w":1,"color":"alpha"},{"row":7,"col":7,"x":18.13,"y":0.11570658621894525,"r":0,"rx":-0.5,"ry":-1.334293413781055,"d":false,"h":1,"w":1,"color":"alpha"},{"row":1,"col":0,"x":1.7799999999999998,"y":1.1157065862189453,"r":0,"rx":-0.5,"ry":-1.334293413781055,"d":false,"h":1,"w":1.5,"color":"mod"},{"row":1,"col":1,"x":3.28,"y":1.1157065862189453,"r":0,"rx":-0.5,"ry":-1.334293413781055,"d":false,"h":1,"w":1,"color":"alpha"},{"row":6,"col":4,"x":13.219999999999999,"y":1.1157065862189453,"r":0,"rx":-0.5,"ry":-1.334293413781055,"d":false,"h":1,"w":1,"color":"alpha"},{"row":6,"col":5,"x":14.219999999999999,"y":1.1157065862189453,"r":0,"rx":-0.5,"ry":-1.334293413781055,"d":false,"h":1,"w":1,"color":"alpha"},{"row":6,"col":6,"x":15.219999999999999,"y":1.1157065862189453,"r":0,"rx":-0.5,"ry":-1.334293413781055,"d":false,"h":1,"w":1,"color":"alpha"},{"row":8,"col":7,"x":18.13,"y":1.1157065862189453,"r":0,"rx":-0.5,"ry":-1.334293413781055,"d":false,"h":1,"w":1,"color":"alpha"},{"row":4,"col":5,"x":0,"y":2.1157065862189453,"r":0,"rx":-0.5,"ry":-1.334293413781055,"d":false,"h":1,"w":1,"color":"alpha"},{"row":2,"col":0,"x":1.6400000000000001,"y":2.1157065862189453,"r":0,"rx":-0.5,"ry":-1.334293413781055,"d":false,"h":1,"w":1.75,"color":"mod"},{"row":2,"col":1,"x":3.39,"y":2.1157065862189453,"r":0,"rx":-0.5,"ry":-1.334293413781055,"d":false,"h":1,"w":1,"color":"alpha"},{"row":7,"col":4,"x":13.59,"y":2.1157065862189453,"r":0,"rx":-0.5,"ry":-1.334293413781055,"d":false,"h":1,"w":1,"color":"alpha"},{"row":7,"col":5,"x":14.59,"y":2.1157065862189453,"r":0,"rx":-0.5,"ry":-1.334293413781055,"d":false,"h":1,"w":1,"color":"alpha"},{"row":9,"col":7,"x":18.25,"y":2.1157065862189453,"r":0,"rx":-0.5,"ry":-1.334293413781055,"d":false,"h":1,"w":1,"color":"alpha"},{"row":4,"col":6,"x":0,"y":3.1157065862189453,"r":0,"rx":-0.5,"ry":-1.334293413781055,"d":false,"h":1,"w":1,"color":"alpha"},{"row":3,"col":1,"x":3.75,"y":3.1157065862189453,"r":0,"rx":-0.5,"ry":-1.334293413781055,"d":false,"h":1,"w":1,"color":"alpha"},{"row":8,"col":3,"x":13.22,"y":3.1157065862189453,"r":0,"rx":-0.5,"ry":-1.334293413781055,"d":false,"h":1,"w":1,"color":"alpha"},{"row":8,"col":4,"x":14.22,"y":3.1157065862189453,"r":0,"rx":-0.5,"ry":-1.334293413781055,"d":false,"h":1,"w":1,"color":"alpha"},{"row":8,"col":5,"x":15.22,"y":3.1157065862189453,"r":0,"rx":-0.5,"ry":-1.334293413781055,"d":false,"h":1,"w":1.75,"color":"mod"},{"row":8,"col":6,"x":17.25,"y":3.3657065862189453,"r":0,"rx":-0.5,"ry":-1.334293413781055,"d":false,"h":1,"w":1,"color":"accent"},{"row":4,"col":7,"x":0,"y":4.115706586218945,"r":0,"rx":-0.5,"ry":-1.334293413781055,"d":false,"h":1,"w":1,"color":"alpha"},{"row":4,"col":0,"x":1.5,"y":4.115706586218945,"r":0,"rx":-0.5,"ry":-1.334293413781055,"d":false,"h":1,"w":1.25,"color":"mod"},{"row":4,"col":2,"x":2.75,"y":4.115706586218945,"r":0,"rx":-0.5,"ry":-1.334293413781055,"d":false,"h":1,"w":1.25,"color":"mod"},{"row":9,"col":1,"x":13.48,"y":4.115706586218945,"r":0,"rx":-0.5,"ry":-1.334293413781055,"d":false,"h":1,"w":1.25,"color":"mod"},{"row":9,"col":2,"x":14.73,"y":4.115706586218945,"r":0,"rx":-0.5,"ry":-1.334293413781055,"d":false,"h":1,"w":1.25,"color":"mod"},{"row":9,"col":3,"x":16.25,"y":4.365706586218945,"r":0,"rx":-0.5,"ry":-1.334293413781055,"d":false,"h":1,"w":1,"color":"accent"},{"row":9,"col":4,"x":17.25,"y":4.365706586218945,"r":0,"rx":-0.5,"ry":-1.334293413781055,"d":false,"h":1,"w":1,"color":"accent"},{"row":9,"col":5,"x":18.25,"y":4.365706586218945,"r":0,"rx":-0.5,"ry":-1.334293413781055,"d":false,"h":1,"w":1,"color":"accent"},{"row":0,"col":2,"x":4.220000000000001,"y":-0.4042934137810549,"r":8,"rx":1.25,"ry":-1.334293413781055,"d":false,"h":1,"w":1,"color":"alpha"},{"row":0,"col":3,"x":5.220000000000001,"y":-0.4042934137810549,"r":8,"rx":1.25,"ry":-1.334293413781055,"d":false,"h":1,"w":1,"color":"alpha"},{"row":0,"col":4,"x":6.220000000000001,"y":-0.4042934137810549,"r":8,"rx":1.25,"ry":-1.334293413781055,"d":false,"h":1,"w":1,"color":"alpha"},{"row":0,"col":5,"x":7.220000000000001,"y":-0.4042934137810549,"r":8,"rx":1.25,"ry":-1.334293413781055,"d":false,"h":1,"w":1,"color":"alpha"},{"row":0,"col":6,"x":8.22,"y":-0.4042934137810549,"r":8,"rx":1.25,"ry":-1.334293413781055,"d":false,"h":1,"w":1,"color":"alpha"},{"row":1,"col":2,"x":4.720000000000001,"y":0.5957065862189452,"r":8,"rx":1.25,"ry":-1.334293413781055,"d":false,"h":1,"w":1,"color":"alpha"},{"row":1,"col":3,"x":5.720000000000001,"y":0.5957065862189452,"r":8,"rx":1.25,"ry":-1.334293413781055,"d":false,"h":1,"w":1,"color":"alpha"},{"row":1,"col":4,"x":6.720000000000001,"y":0.5957065862189452,"r":8,"rx":1.25,"ry":-1.334293413781055,"d":false,"h":1,"w":1,"color":"alpha"},{"row":1,"col":5,"x":7.720000000000001,"y":0.5957065862189452,"r":8,"rx":1.25,"ry":-1.334293413781055,"d":false,"h":1,"w":1,"color":"alpha"},{"row":2,"col":2,"x":4.970000000000001,"y":1.5957065862189452,"r":8,"rx":1.25,"ry":-1.334293413781055,"d":false,"h":1,"w":1,"color":"alpha"},{"row":2,"col":3,"x":5.970000000000001,"y":1.5957065862189452,"r":8,"rx":1.25,"ry":-1.334293413781055,"d":false,"h":1,"w":1,"color":"alpha"},{"row":2,"col":4,"x":6.970000000000001,"y":1.5957065862189452,"r":8,"rx":1.25,"ry":-1.334293413781055,"d":false,"h":1,"w":1,"color":"alpha"},{"row":2,"col":5,"x":7.970000000000001,"y":1.5957065862189452,"r":8,"rx":1.25,"ry":-1.334293413781055,"d":false,"h":1,"w":1,"color":"alpha"},{"row":3,"col":2,"x":5.47,"y":2.5957065862189452,"r":8,"rx":1.25,"ry":-1.334293413781055,"d":false,"h":1,"w":1,"color":"alpha"},{"row":3,"col":3,"x":6.47,"y":2.5957065862189452,"r":8,"rx":1.25,"ry":-1.334293413781055,"d":false,"h":1,"w":1,"color":"alpha"},{"row":3,"col":4,"x":7.47,"y":2.5957065862189452,"r":8,"rx":1.25,"ry":-1.334293413781055,"d":false,"h":1,"w":1,"color":"alpha"},{"row":3,"col":5,"x":8.469999999999999,"y":2.5957065862189452,"r":8,"rx":1.25,"ry":-1.334293413781055,"d":false,"h":1,"w":1,"color":"alpha"},{"row":5,"col":0,"x":9.120000000000001,"y":1.7657065862189447,"r":-8,"rx":1.25,"ry":-1.334293413781055,"d":false,"h":1,"w":1,"color":"alpha"},{"row":5,"col":1,"x":10.12,"y":1.7657065862189447,"r":-8,"rx":1.25,"ry":-1.334293413781055,"d":false,"h":1,"w":1,"color":"alpha"},{"row":5,"col":2,"x":11.12,"y":1.7657065862189447,"r":-8,"rx":1.25,"ry":-1.334293413781055,"d":false,"h":1,"w":1,"color":"alpha"},{"row":5,"col":3,"x":12.12,"y":1.7657065862189447,"r":-8,"rx":1.25,"ry":-1.334293413781055,"d":false,"h":1,"w":1,"color":"alpha"},{"row":6,"col":0,"x":8.620000000000001,"y":2.7657065862189447,"r":-8,"rx":1.25,"ry":-1.334293413781055,"d":false,"h":1,"w":1,"color":"alpha"},{"row":6,"col":1,"x":9.620000000000001,"y":2.7657065862189447,"r":-8,"rx":1.25,"ry":-1.334293413781055,"d":false,"h":1,"w":1,"color":"alpha"},{"row":6,"col":2,"x":10.620000000000001,"y":2.7657065862189447,"r":-8,"rx":1.25,"ry":-1.334293413781055,"d":false,"h":1,"w":1,"color":"alpha"},{"row":6,"col":3,"x":11.620000000000001,"y":2.7657065862189447,"r":-8,"rx":1.25,"ry":-1.334293413781055,"d":false,"h":1,"w":1,"color":"alpha"},{"row":7,"col":0,"x":8.870000000000001,"y":3.7657065862189447,"r":-8,"rx":1.25,"ry":-1.334293413781055,"d":false,"h":1,"w":1,"color":"alpha"},{"row":7,"col":1,"x":9.870000000000001,"y":3.7657065862189447,"r":-8,"rx":1.25,"ry":-1.334293413781055,"d":false,"h":1,"w":1,"color":"alpha"},{"row":7,"col":2,"x":10.870000000000001,"y":3.7657065862189447,"r":-8,"rx":1.25,"ry":-1.334293413781055,"d":false,"h":1,"w":1,"color":"alpha"},{"row":7,"col":3,"x":11.870000000000001,"y":3.7657065862189447,"r":-8,"rx":1.25,"ry":-1.334293413781055,"d":false,"h":1,"w":1,"color":"alpha"},{"row":9,"col":6,"x":8.370000000000001,"y":4.765706586218945,"r":-8,"rx":1.25,"ry":-1.334293413781055,"d":false,"h":1,"w":1,"color":"mod"},{"row":8,"col":0,"x":9.370000000000001,"y":4.765706586218945,"r":-8,"rx":1.25,"ry":-1.334293413781055,"d":false,"h":1,"w":1,"color":"alpha"},{"row":8,"col":1,"x":10.370000000000001,"y":4.765706586218945,"r":-8,"rx":1.25,"ry":-1.334293413781055,"d":false,"h":1,"w":1,"color":"alpha"},{"row":8,"col":2,"x":11.370000000000001,"y":4.765706586218945,"r":-8,"rx":1.25,"ry":-1.334293413781055,"d":false,"h":1,"w":1,"color":"alpha"},{"row":9,"col":0,"x":8.370000000000001,"y":5.765706586218945,"r":-8,"rx":1.25,"ry":-1.334293413781055,"d":false,"h":1,"w":2.75,"color":"alpha"}]},"matrix":{"rows":10,"cols":8},"vendorProductId":1298477618}