{"name":"Prime_EXL Plus","lighting":"qmk_rgblight","layouts":{"width":21.33,"height":5.639172278464494,"optionKeys":{},"keys":[{"row":4,"col":0,"x":0,"y":0.06754204110139056,"r":0,"rx":0,"ry":-0.39245795889860946,"d":false,"h":1,"w":1,"color":"alpha"},{"row":5,"col":0,"x":1,"y":0.06754204110139056,"r":0,"rx":0,"ry":-0.39245795889860946,"d":false,"h":1,"w":1,"color":"alpha"},{"row":4,"col":1,"x":2,"y":0.06754204110139056,"r":0,"rx":0,"ry":-0.39245795889860946,"d":false,"h":1,"w":1,"color":"alpha"},{"row":5,"col":1,"x":3,"y":0.06754204110139056,"r":0,"rx":0,"ry":-0.39245795889860946,"d":false,"h":1,"w":1,"color":"alpha"},{"row":4,"col":2,"x":4,"y":0.06754204110139056,"r":0,"rx":0,"ry":-0.39245795889860946,"d":false,"h":1,"w":1,"color":"alpha"},{"row":5,"col":2,"x":5,"y":0.06754204110139056,"r":0,"rx":0,"ry":-0.39245795889860946,"d":false,"h":1,"w":1,"color":"alpha"},{"row":3,"col":0,"x":0,"y":1.0675420411013905,"r":0,"rx":0,"ry":-0.39245795889860946,"d":false,"h":1,"w":1,"color":"alpha"},{"row":6,"col":0,"x":1,"y":1.0675420411013905,"r":0,"rx":0,"ry":-0.39245795889860946,"d":false,"h":1,"w":1,"color":"alpha"},{"row":3,"col":1,"x":2,"y":1.0675420411013905,"r":0,"rx":0,"ry":-0.39245795889860946,"d":false,"h":1,"w":1,"color":"alpha"},{"row":6,"col":1,"x":3,"y":1.0675420411013905,"r":0,"rx":0,"ry":-0.39245795889860946,"d":false,"h":1,"w":1,"color":"alpha"},{"row":3,"col":2,"x":4,"y":1.0675420411013905,"r":0,"rx":0,"ry":-0.39245795889860946,"d":false,"h":1,"w":1,"color":"alpha"},{"row":6,"col":2,"x":5,"y":1.0675420411013905,"r":0,"rx":0,"ry":-0.39245795889860946,"d":false,"h":1,"w":1,"color":"alpha"},{"row":2,"col":0,"x":0,"y":2.07754204110139,"r":0,"rx":0,"ry":-0.39245795889860946,"d":false,"h":1,"w":1,"color":"alpha"},{"row":7,"col":0,"x":1,"y":2.07754204110139,"r":0,"rx":0,"ry":-0.39245795889860946,"d":false,"h":1,"w":1,"color":"alpha"},{"row":2,"col":1,"x":2,"y":2.07754204110139,"r":0,"rx":0,"ry":-0.39245795889860946,"d":false,"h":1,"w":1,"color":"alpha"},{"row":7,"col":1,"x":3,"y":2.07754204110139,"r":0,"rx":0,"ry":-0.39245795889860946,"d":false,"h":1,"w":1,"color":"alpha"},{"row":2,"col":2,"x":4,"y":2.07754204110139,"r":0,"rx":0,"ry":-0.39245795889860946,"d":false,"h":1,"w":1,"color":"alpha"},{"row":7,"col":2,"x":5,"y":2.07754204110139,"r":0,"rx":0,"ry":-0.39245795889860946,"d":false,"h":1,"w":1,"color":"alpha"},{"row":1,"col":0,"x":0,"y":3.08754204110139,"r":0,"rx":0,"ry":-0.39245795889860946,"d":false,"h":1,"w":1,"color":"alpha"},{"row":8,"col":0,"x":1,"y":3.08754204110139,"r":0,"rx":0,"ry":-0.39245795889860946,"d":false,"h":1,"w":1,"color":"alpha"},{"row":1,"col":1,"x":2,"y":3.08754204110139,"r":0,"rx":0,"ry":-0.39245795889860946,"d":false,"h":1,"w":1,"color":"alpha"},{"row":8,"col":1,"x":3,"y":3.08754204110139,"r":0,"rx":0,"ry":-0.39245795889860946,"d":false,"h":1,"w":1,"color":"alpha"},{"row":1,"col":2,"x":4,"y":3.08754204110139,"r":0,"rx":0,"ry":-0.39245795889860946,"d":false,"h":1,"w":1,"color":"alpha"},{"row":8,"col":2,"x":5,"y":3.08754204110139,"r":0,"rx":0,"ry":-0.39245795889860946,"d":false,"h":1,"w":1,"color":"alpha"},{"row":0,"col":0,"x":0,"y":4.09754204110139,"r":0,"rx":0,"ry":-0.39245795889860946,"d":false,"h":1,"w":1,"color":"alpha"},{"row":9,"col":0,"x":1,"y":4.09754204110139,"r":0,"rx":0,"ry":-0.39245795889860946,"d":false,"h":1,"w":1,"color":"alpha"},{"row":0,"col":1,"x":2,"y":4.09754204110139,"r":0,"rx":0,"ry":-0.39245795889860946,"d":false,"h":1,"w":1,"color":"alpha"},{"row":9,"col":1,"x":3,"y":4.09754204110139,"r":0,"rx":0,"ry":-0.39245795889860946,"d":false,"h":1,"w":1,"color":"alpha"},{"row":0,"col":2,"x":4,"y":4.09754204110139,"r":0,"rx":0,"ry":-0.39245795889860946,"d":false,"h":1,"w":1,"color":"alpha"},{"row":9,"col":2,"x":5,"y":4.09754204110139,"r":0,"rx":0,"ry":-0.39245795889860946,"d":false,"h":1,"w":1,"color":"alpha"},{"row":4,"col":3,"x":7,"y":0.06754204110139056,"r":0,"rx":6.25,"ry":-0.39245795889860946,"d":false,"h":1,"w":1,"color":"accent"},{"row":5,"col":3,"x":8,"y":0.06754204110139056,"r":0,"rx":6.25,"ry":-0.39245795889860946,"d":false,"h":1,"w":1,"color":"alpha"},{"row":4,"col":8,"x":17.91,"y":0.06754204110139056,"r":0,"rx":6.25,"ry":-0.39245795889860946,"d":false,"h":1,"w":1,"color":"alpha"},{"row":5,"col":8,"x":18.91,"y":0.06754204110139056,"r":0,"rx":6.25,"ry":-0.39245795889860946,"d":false,"h":1,"w":2,"color":"mod"},{"row":3,"col":3,"x":6.85,"y":1.0675420411013905,"r":0,"rx":6.25,"ry":-0.39245795889860946,"d":false,"h":1,"w":1,"color":"mod"},{"row":6,"col":3,"x":7.85,"y":1.0675420411013905,"r":0,"rx":6.25,"ry":-0.39245795889860946,"d":false,"h":1,"w":1,"color":"alpha"},{"row":3,"col":8,"x":18.049999999999997,"y":1.0675420411013905,"r":0,"rx":6.25,"ry":-0.39245795889860946,"d":false,"h":1,"w":1,"color":"alpha"},{"row":6,"col":8,"x":19.049999999999997,"y":1.0675420411013905,"r":0,"rx":6.25,"ry":-0.39245795889860946,"d":false,"h":1,"w":1,"color":"alpha"},{"row":3,"col":9,"x":20.049999999999997,"y":1.0675420411013905,"r":0,"rx":6.25,"ry":-0.39245795889860946,"d":false,"h":1,"w":1,"color":"alpha"},{"row":2,"col":3,"x":6.71,"y":2.07754204110139,"r":0,"rx":6.25,"ry":-0.39245795889860946,"d":false,"h":1,"w":1.26,"color":"mod"},{"row":7,"col":3,"x":7.96,"y":2.07754204110139,"r":0,"rx":6.25,"ry":-0.39245795889860946,"d":false,"h":1,"w":1,"color":"alpha"},{"row":2,"col":8,"x":18.439999999999998,"y":2.07754204110139,"r":0,"rx":6.25,"ry":-0.39245795889860946,"d":false,"h":1,"w":1,"color":"alpha"},{"row":2,"col":9,"x":19.439999999999998,"y":2.07754204110139,"r":0,"rx":6.25,"ry":-0.39245795889860946,"d":false,"h":1,"w":1.75,"color":"accent"},{"row":1,"col":8,"x":6.56,"y":3.08754204110139,"r":0,"rx":6.25,"ry":-0.39245795889860946,"d":false,"h":1,"w":1.75,"color":"mod"},{"row":8,"col":3,"x":8.31,"y":3.08754204110139,"r":0,"rx":6.25,"ry":-0.39245795889860946,"d":false,"h":1,"w":1,"color":"alpha"},{"row":1,"col":8,"x":18.08,"y":3.08754204110139,"r":0,"rx":6.25,"ry":-0.39245795889860946,"d":false,"h":1,"w":1,"color":"alpha"},{"row":8,"col":8,"x":19.08,"y":3.08754204110139,"r":0,"rx":6.25,"ry":-0.39245795889860946,"d":false,"h":1,"w":1,"color":"alpha"},{"row":1,"col":9,"x":20.08,"y":3.08754204110139,"r":0,"rx":6.25,"ry":-0.39245795889860946,"d":false,"h":1,"w":1.25,"color":"mod"},{"row":0,"col":3,"x":6.67,"y":4.09754204110139,"r":0,"rx":6.25,"ry":-0.39245795889860946,"d":false,"h":1,"w":1.25,"color":"mod"},{"row":9,"col":3,"x":7.92,"y":4.09754204110139,"r":0,"rx":6.25,"ry":-0.39245795889860946,"d":false,"h":1,"w":1.25,"color":"mod"},{"row":9,"col":8,"x":18.72,"y":4.09754204110139,"r":0,"rx":6.25,"ry":-0.39245795889860946,"d":false,"h":1,"w":1.25,"color":"mod"},{"row":0,"col":9,"x":19.97,"y":4.09754204110139,"r":0,"rx":6.25,"ry":-0.39245795889860946,"d":false,"h":1,"w":1.25,"color":"mod"},{"row":4,"col":4,"x":9,"y":-0.39245795889860946,"r":8,"rx":6.25,"ry":0.6075420411013905,"d":false,"h":1,"w":1,"color":"alpha"},{"row":5,"col":4,"x":10,"y":-0.39245795889860946,"r":8,"rx":6.25,"ry":0.6075420411013905,"d":false,"h":1,"w":1,"color":"alpha"},{"row":4,"col":5,"x":11,"y":-0.39245795889860946,"r":8,"rx":6.25,"ry":0.6075420411013905,"d":false,"h":1,"w":1,"color":"alpha"},{"row":5,"col":5,"x":12,"y":-0.39245795889860946,"r":8,"rx":6.25,"ry":0.6075420411013905,"d":false,"h":1,"w":1,"color":"alpha"},{"row":3,"col":4,"x":9,"y":0.6075420411013905,"r":8,"rx":6.25,"ry":0.6075420411013905,"d":false,"h":1,"w":1,"color":"alpha"},{"row":6,"col":4,"x":10,"y":0.6075420411013905,"r":8,"rx":6.25,"ry":0.6075420411013905,"d":false,"h":1,"w":1,"color":"alpha"},{"row":3,"col":5,"x":11,"y":0.6075420411013905,"r":8,"rx":6.25,"ry":0.6075420411013905,"d":false,"h":1,"w":1,"color":"alpha"},{"row":6,"col":5,"x":12,"y":0.6075420411013905,"r":8,"rx":6.25,"ry":0.6075420411013905,"d":false,"h":1,"w":1,"color":"alpha"},{"row":2,"col":4,"x":9.25,"y":1.6075420411013905,"r":8,"rx":6.25,"ry":0.6075420411013905,"d":false,"h":1,"w":1,"color":"alpha"},{"row":7,"col":4,"x":10.25,"y":1.6075420411013905,"r":8,"rx":6.25,"ry":0.6075420411013905,"d":false,"h":1,"w":1,"color":"alpha"},{"row":2,"col":5,"x":11.25,"y":1.6075420411013905,"r":8,"rx":6.25,"ry":0.6075420411013905,"d":false,"h":1,"w":1,"color":"alpha"},{"row":7,"col":5,"x":12.25,"y":1.6075420411013905,"r":8,"rx":6.25,"ry":0.6075420411013905,"d":false,"h":1,"w":1,"color":"alpha"},{"row":1,"col":4,"x":9.75,"y":2.6075420411013903,"r":8,"rx":6.25,"ry":0.6075420411013905,"d":false,"h":1,"w":1,"color":"alpha"},{"row":8,"col":4,"x":10.75,"y":2.6075420411013903,"r":8,"rx":6.25,"ry":0.6075420411013905,"d":false,"h":1,"w":1,"color":"alpha"},{"row":1,"col":5,"x":11.75,"y":2.6075420411013903,"r":8,"rx":6.25,"ry":0.6075420411013905,"d":false,"h":1,"w":1,"color":"alpha"},{"row":8,"col":5,"x":12.75,"y":2.6075420411013903,"r":8,"rx":6.25,"ry":0.6075420411013905,"d":false,"h":1,"w":1,"color":"alpha"},{"row":0,"col":4,"x":10.75,"y":3.6075420411013903,"r":8,"rx":6.25,"ry":0.6075420411013905,"d":false,"h":1,"w":1.25,"color":"mod"},{"row":9,"col":5,"x":12,"y":3.6075420411013903,"r":8,"rx":6.25,"ry":0.6075420411013905,"d":false,"h":1,"w":1.75,"color":"alpha"},{"row":4,"col":6,"x":13.75,"y":1.7075420411013906,"r":-8,"rx":6.25,"ry":0.6075420411013905,"d":false,"h":1,"w":1,"color":"alpha"},{"row":5,"col":6,"x":14.75,"y":1.7075420411013906,"r":-8,"rx":6.25,"ry":0.6075420411013905,"d":false,"h":1,"w":1,"color":"alpha"},{"row":4,"col":7,"x":15.75,"y":1.7075420411013906,"r":-8,"rx":6.25,"ry":0.6075420411013905,"d":false,"h":1,"w":1,"color":"alpha"},{"row":5,"col":7,"x":16.75,"y":1.7075420411013906,"r":-8,"rx":6.25,"ry":0.6075420411013905,"d":false,"h":1,"w":1,"color":"alpha"},{"row":3,"col":6,"x":13.75,"y":2.707542041101391,"r":-8,"rx":6.25,"ry":0.6075420411013905,"d":false,"h":1,"w":1,"color":"alpha"},{"row":6,"col":6,"x":14.75,"y":2.707542041101391,"r":-8,"rx":6.25,"ry":0.6075420411013905,"d":false,"h":1,"w":1,"color":"alpha"},{"row":3,"col":7,"x":15.75,"y":2.707542041101391,"r":-8,"rx":6.25,"ry":0.6075420411013905,"d":false,"h":1,"w":1,"color":"alpha"},{"row":6,"col":7,"x":16.75,"y":2.707542041101391,"r":-8,"rx":6.25,"ry":0.6075420411013905,"d":false,"h":1,"w":1,"color":"alpha"},{"row":2,"col":6,"x":14,"y":3.70754204110139,"r":-8,"rx":6.25,"ry":0.6075420411013905,"d":false,"h":1,"w":1,"color":"alpha"},{"row":7,"col":6,"x":15,"y":3.70754204110139,"r":-8,"rx":6.25,"ry":0.6075420411013905,"d":false,"h":1,"w":1,"color":"alpha"},{"row":2,"col":7,"x":16,"y":3.70754204110139,"r":-8,"rx":6.25,"ry":0.6075420411013905,"d":false,"h":1,"w":1,"color":"alpha"},{"row":7,"col":7,"x":17,"y":3.70754204110139,"r":-8,"rx":6.25,"ry":0.6075420411013905,"d":false,"h":1,"w":1,"color":"alpha"},{"row":1,"col":6,"x":13.5,"y":4.70754204110139,"r":-8,"rx":6.25,"ry":0.6075420411013905,"d":false,"h":1,"w":1,"color":"alpha"},{"row":8,"col":6,"x":14.5,"y":4.70754204110139,"r":-8,"rx":6.25,"ry":0.6075420411013905,"d":false,"h":1,"w":1,"color":"alpha"},{"row":1,"col":7,"x":15.5,"y":4.70754204110139,"r":-8,"rx":6.25,"ry":0.6075420411013905,"d":false,"h":1,"w":1,"color":"alpha"},{"row":8,"col":7,"x":16.5,"y":4.70754204110139,"r":-8,"rx":6.25,"ry":0.6075420411013905,"d":false,"h":1,"w":1,"color":"alpha"},{"row":0,"col":6,"x":13.5,"y":5.70754204110139,"r":-8,"rx":6.25,"ry":0.6075420411013905,"d":false,"h":1,"w":1.75,"color":"alpha"},{"row":9,"col":7,"x":15.25,"y":5.70754204110139,"r":-8,"rx":6.25,"ry":0.6075420411013905,"d":false,"h":1,"w":1.25,"color":"mod"}]},"matrix":{"rows":10,"cols":10},"vendorProductId":1347577209}