{"name":"RARTLICE","lighting":"qmk_rgblight","layouts":{"width":19,"height":5.968193011615139,"optionKeys":{},"keys":[{"row":0,"col":0,"x":0.5,"y":0,"r":0,"rx":0,"ry":-0.38,"d":false,"h":1,"w":1,"color":"accent"},{"row":0,"col":3,"x":3.75,"y":0,"r":0,"rx":0,"ry":-0.38,"d":false,"h":1,"w":1,"color":"mod"},{"row":0,"col":11,"x":13.25,"y":0,"r":0,"rx":0,"ry":-0.38,"d":false,"h":1,"w":1,"color":"mod"},{"row":0,"col":1,"x":1.75,"y":0.12,"r":0,"rx":0,"ry":-0.38,"d":false,"h":1,"w":1,"color":"mod"},{"row":0,"col":2,"x":2.75,"y":0.12,"r":0,"rx":0,"ry":-0.38,"d":false,"h":1,"w":1,"color":"alpha"},{"row":0,"col":12,"x":14.25,"y":0.12,"r":0,"rx":0,"ry":-0.38,"d":false,"h":1,"w":1,"color":"alpha"},{"row":0,"col":13,"x":15.25,"y":0.12,"r":0,"rx":0,"ry":-0.38,"d":false,"h":1,"w":1,"color":"mod"},{"row":0,"col":14,"x":16.25,"y":0.12,"r":0,"rx":0,"ry":-0.38,"d":false,"h":1,"w":1,"color":"mod"},{"row":1,"col":0,"x":0.25,"y":0.9999999999999999,"r":0,"rx":0,"ry":-0.38,"d":false,"h":1,"w":1,"color":"accent"},{"row":1,"col":1,"x":1.5,"y":1.12,"r":0,"rx":0,"ry":-0.38,"d":false,"h":1,"w":1.5,"color":"mod"},{"row":1,"col":2,"x":3,"y":1.12,"r":0,"rx":0,"ry":-0.38,"d":false,"h":1,"w":1,"color":"alpha"},{"row":1,"col":12,"x":14,"y":1.12,"r":0,"rx":0,"ry":-0.38,"d":false,"h":1,"w":1,"color":"alpha"},{"row":1,"col":13,"x":15,"y":1.12,"r":0,"rx":0,"ry":-0.38,"d":false,"h":1,"w":1,"color":"alpha"},{"row":1,"col":14,"x":16,"y":1.12,"r":0,"rx":0,"ry":-0.38,"d":false,"h":1,"w":1.5,"color":"alpha"},{"row":2,"col":0,"x":0,"y":2,"r":0,"rx":0,"ry":-0.38,"d":false,"h":1,"w":1,"color":"accent"},{"row":2,"col":1,"x":1.25,"y":2.12,"r":0,"rx":0,"ry":-0.38,"d":false,"h":1,"w":1.75,"color":"mod"},{"row":2,"col":2,"x":3,"y":2.12,"r":0,"rx":0,"ry":-0.38,"d":false,"h":1,"w":1,"color":"alpha"},{"row":2,"col":11,"x":13.5,"y":2.12,"r":0,"rx":0,"ry":-0.38,"d":false,"h":1,"w":1,"color":"alpha"},{"row":2,"col":12,"x":14.5,"y":2.12,"r":0,"rx":0,"ry":-0.38,"d":false,"h":1,"w":1,"color":"alpha"},{"row":2,"col":13,"x":15.5,"y":2.12,"r":0,"rx":0,"ry":-0.38,"d":false,"h":1,"w":2.25,"color":"accent"},{"row":3,"col":1,"x":1,"y":3.12,"r":0,"rx":0,"ry":-0.38,"d":false,"h":1,"w":2.25,"color":"mod"},{"row":3,"col":2,"x":3.25,"y":3.12,"r":0,"rx":0,"ry":-0.38,"d":false,"h":1,"w":1,"color":"alpha"},{"row":3,"col":11,"x":14,"y":3.12,"r":0,"rx":0,"ry":-0.38,"d":false,"h":1,"w":1,"color":"alpha"},{"row":3,"col":12,"x":15,"y":3.12,"r":0,"rx":0,"ry":-0.38,"d":false,"h":1,"w":1.75,"color":"mod"},{"row":3,"col":14,"x":17,"y":3.37,"r":0,"rx":0,"ry":-0.38,"d":false,"h":1,"w":1,"color":"mod"},{"row":4,"col":1,"x":1,"y":4.12,"r":0,"rx":0,"ry":-0.38,"d":false,"h":1,"w":1.5,"color":"mod"},{"row":4,"col":12,"x":16,"y":4.37,"r":0,"rx":0,"ry":-0.38,"d":false,"h":1,"w":1,"color":"mod"},{"row":4,"col":13,"x":17,"y":4.37,"r":0,"rx":0,"ry":-0.38,"d":false,"h":1,"w":1,"color":"mod"},{"row":4,"col":14,"x":18,"y":4.37,"r":0,"rx":0,"ry":-0.38,"d":false,"h":1,"w":1,"color":"mod"},{"row":0,"col":4,"x":4.75,"y":0.12,"r":12,"rx":4.75,"ry":1.12,"d":false,"h":1,"w":1,"color":"alpha"},{"row":1,"col":4,"x":5.75,"y":0.12,"r":12,"rx":4.75,"ry":1.12,"d":false,"h":1,"w":1,"color":"alpha"},{"row":0,"col":5,"x":6.75,"y":0.12,"r":12,"rx":4.75,"ry":1.12,"d":false,"h":1,"w":1,"color":"alpha"},{"row":0,"col":6,"x":7.75,"y":0.12,"r":12,"rx":4.75,"ry":1.12,"d":false,"h":1,"w":1,"color":"alpha"},{"row":1,"col":3,"x":4.25,"y":1.12,"r":12,"rx":4.75,"ry":1.12,"d":false,"h":1,"w":1,"color":"alpha"},{"row":2,"col":4,"x":5.25,"y":1.12,"r":12,"rx":4.75,"ry":1.12,"d":false,"h":1,"w":1,"color":"alpha"},{"row":1,"col":5,"x":6.25,"y":1.12,"r":12,"rx":4.75,"ry":1.12,"d":false,"h":1,"w":1,"color":"alpha"},{"row":1,"col":6,"x":7.25,"y":1.12,"r":12,"rx":4.75,"ry":1.12,"d":false,"h":1,"w":1,"color":"alpha"},{"row":2,"col":3,"x":4.5,"y":2.12,"r":12,"rx":4.75,"ry":1.12,"d":false,"h":1,"w":1,"color":"alpha"},{"row":3,"col":4,"x":5.5,"y":2.12,"r":12,"rx":4.75,"ry":1.12,"d":false,"h":1,"w":1,"color":"alpha"},{"row":2,"col":5,"x":6.5,"y":2.12,"r":12,"rx":4.75,"ry":1.12,"d":false,"h":1,"w":1,"color":"alpha"},{"row":2,"col":6,"x":7.5,"y":2.12,"r":12,"rx":4.75,"ry":1.12,"d":false,"h":1,"w":1,"color":"alpha"},{"row":3,"col":3,"x":5,"y":3.12,"r":12,"rx":4.75,"ry":1.12,"d":false,"h":1,"w":1,"color":"alpha"},{"row":4,"col":4,"x":6,"y":3.12,"r":12,"rx":4.75,"ry":1.12,"d":false,"h":1,"w":1,"color":"alpha"},{"row":3,"col":5,"x":7,"y":3.12,"r":12,"rx":4.75,"ry":1.12,"d":false,"h":1,"w":1,"color":"alpha"},{"row":3,"col":6,"x":8,"y":3.12,"r":12,"rx":4.75,"ry":1.12,"d":false,"h":1,"w":1,"color":"alpha"},{"row":4,"col":3,"x":5,"y":4.12,"r":12,"rx":4.75,"ry":1.12,"d":false,"h":1,"w":1.25,"color":"mod"},{"row":4,"col":5,"x":6.25,"y":4.12,"r":12,"rx":4.75,"ry":1.12,"d":false,"h":1,"w":2,"color":"alpha"},{"row":4,"col":6,"x":8.25,"y":4.12,"r":12,"rx":4.75,"ry":1.12,"d":false,"h":1,"w":1,"color":"mod"},{"row":0,"col":7,"x":9.25,"y":0.12,"r":-12,"rx":13.5,"ry":1.12,"d":false,"h":1,"w":1,"color":"alpha"},{"row":0,"col":8,"x":10.25,"y":0.12,"r":-12,"rx":13.5,"ry":1.12,"d":false,"h":1,"w":1,"color":"alpha"},{"row":0,"col":9,"x":11.25,"y":0.12,"r":-12,"rx":13.5,"ry":1.12,"d":false,"h":1,"w":1,"color":"alpha"},{"row":0,"col":10,"x":12.25,"y":0.12,"r":-12,"rx":13.5,"ry":1.12,"d":false,"h":1,"w":1,"color":"alpha"},{"row":1,"col":7,"x":8.75,"y":1.12,"r":-12,"rx":13.5,"ry":1.12,"d":false,"h":1,"w":1,"color":"alpha"},{"row":1,"col":8,"x":9.75,"y":1.12,"r":-12,"rx":13.5,"ry":1.12,"d":false,"h":1,"w":1,"color":"alpha"},{"row":1,"col":9,"x":10.75,"y":1.12,"r":-12,"rx":13.5,"ry":1.12,"d":false,"h":1,"w":1,"color":"alpha"},{"row":1,"col":10,"x":11.75,"y":1.12,"r":-12,"rx":13.5,"ry":1.12,"d":false,"h":1,"w":1,"color":"alpha"},{"row":1,"col":11,"x":12.75,"y":1.12,"r":-12,"rx":13.5,"ry":1.12,"d":false,"h":1,"w":1,"color":"alpha"},{"row":2,"col":7,"x":9,"y":2.12,"r":-12,"rx":13.5,"ry":1.12,"d":false,"h":1,"w":1,"color":"alpha"},{"row":2,"col":8,"x":10,"y":2.12,"r":-12,"rx":13.5,"ry":1.12,"d":false,"h":1,"w":1,"color":"alpha"},{"row":2,"col":9,"x":11,"y":2.12,"r":-12,"rx":13.5,"ry":1.12,"d":false,"h":1,"w":1,"color":"alpha"},{"row":2,"col":10,"x":12,"y":2.12,"r":-12,"rx":13.5,"ry":1.12,"d":false,"h":1,"w":1,"color":"alpha"},{"row":4,"col":8,"x":9,"y":4.12,"r":-12,"rx":13.5,"ry":1.12,"d":false,"h":1,"w":2.75,"color":"alpha"},{"row":4,"col":10,"x":11.75,"y":4.12,"r":-12,"rx":13.5,"ry":1.12,"d":false,"h":1,"w":1.5,"color":"mod"},{"row":3,"col":7,"x":9.25,"y":3.12,"r":-12,"rx":13.5,"ry":1.37,"d":false,"h":1,"w":1,"color":"alpha"},{"row":3,"col":8,"x":10.25,"y":3.12,"r":-12,"rx":13.5,"ry":1.37,"d":false,"h":1,"w":1,"color":"alpha"},{"row":3,"col":9,"x":11.25,"y":3.12,"r":-12,"rx":13.5,"ry":1.37,"d":false,"h":1,"w":1,"color":"alpha"},{"row":3,"col":10,"x":12.25,"y":3.12,"r":-12,"rx":13.5,"ry":1.37,"d":false,"h":1,"w":1,"color":"alpha"}]},"matrix":{"rows":5,"cols":15},"vendorProductId":1095499877}