{"name":"Cordillera","lighting":"qmk_backlight","layouts":{"labels":["Split Backspace","Full RShift"],"width":17.700000000000003,"height":6.033205058407409,"optionKeys":{"0":{"0":[{"row":0,"col":15,"x":15,"y":0.10000000000000031,"r":0,"rx":-0.15,"ry":-1.15,"d":false,"h":1,"w":2,"color":"mod"}],"1":[{"row":0,"col":14,"x":15,"y":0.10000000000000031,"r":0,"rx":-0.15,"ry":-1.15,"d":false,"h":1,"w":1,"color":"alpha"},{"row":0,"col":15,"x":15.999999999999998,"y":0.10000000000000031,"r":0,"rx":-0.15,"ry":-1.15,"d":false,"h":1,"w":1,"color":"mod"}]},"1":{"0":[{"row":3,"col":14,"x":14.950000000000001,"y":3.1,"r":0,"rx":-0.15,"ry":-1.15,"d":false,"h":1,"w":1.75,"color":"mod"},{"row":3,"col":15,"x":16.700000000000003,"y":3.1,"r":0,"rx":-0.15,"ry":-1.15,"d":false,"h":1,"w":1,"color":"mod"}],"1":[{"row":3,"col":14,"x":14.950000000000001,"y":3.1,"r":0,"rx":-0.15,"ry":-1.15,"d":false,"h":1,"w":2.75,"color":"mod"}]}},"keys":[{"row":0,"col":0,"x":0.4,"y":0,"r":0,"rx":-0.15,"ry":-1.15,"d":false,"h":1,"w":1,"color":"accent"},{"row":0,"col":3,"x":3.5500000000000003,"y":0.050000000000000044,"r":0,"rx":-0.15,"ry":-1.15,"d":false,"h":1,"w":1,"color":"alpha"},{"row":0,"col":12,"x":12.999999999999998,"y":0.050000000000000044,"r":0,"rx":-0.15,"ry":-1.15,"d":false,"h":1,"w":1,"color":"alpha"},{"row":0,"col":1,"x":1.55,"y":0.10000000000000009,"r":0,"rx":-0.15,"ry":-1.15,"d":false,"h":1,"w":1,"color":"alpha"},{"row":0,"col":2,"x":2.5500000000000003,"y":0.10000000000000009,"r":0,"rx":-0.15,"ry":-1.15,"d":false,"h":1,"w":1,"color":"alpha"},{"row":0,"col":13,"x":13.999999999999998,"y":0.10000000000000009,"r":0,"rx":-0.15,"ry":-1.15,"d":false,"h":1,"w":1,"color":"alpha"},{"row":1,"col":0,"x":0.19999999999999998,"y":1,"r":0,"rx":-0.15,"ry":-1.15,"d":false,"h":1,"w":1,"color":"mod"},{"row":1,"col":12,"x":12.85,"y":1.0500000000000003,"r":0,"rx":-0.15,"ry":-1.15,"d":false,"h":1,"w":1,"color":"alpha"},{"row":1,"col":1,"x":1.35,"y":1.1,"r":0,"rx":-0.15,"ry":-1.15,"d":false,"h":1,"w":1.5,"color":"mod"},{"row":1,"col":2,"x":2.85,"y":1.1,"r":0,"rx":-0.15,"ry":-1.15,"d":false,"h":1,"w":1,"color":"alpha"},{"row":1,"col":13,"x":13.85,"y":1.1,"r":0,"rx":-0.15,"ry":-1.15,"d":false,"h":1,"w":1,"color":"alpha"},{"row":1,"col":14,"x":14.85,"y":1.1,"r":0,"rx":-0.15,"ry":-1.15,"d":false,"h":1,"w":1,"color":"alpha"},{"row":1,"col":15,"x":15.85,"y":1.1,"r":0,"rx":-0.15,"ry":-1.15,"d":false,"h":1,"w":1.5,"color":"mod"},{"row":2,"col":0,"x":0,"y":2,"r":0,"rx":-0.15,"ry":-1.15,"d":false,"h":1,"w":1,"color":"mod"},{"row":2,"col":1,"x":1.1500000000000001,"y":2.1000000000000005,"r":0,"rx":-0.15,"ry":-1.15,"d":false,"h":1,"w":1.75,"color":"mod"},{"row":2,"col":2,"x":2.9,"y":2.1000000000000005,"r":0,"rx":-0.15,"ry":-1.15,"d":false,"h":1,"w":1,"color":"alpha"},{"row":2,"col":12,"x":13.25,"y":2.1,"r":0,"rx":-0.15,"ry":-1.15,"d":false,"h":1,"w":1,"color":"alpha"},{"row":2,"col":13,"x":14.25,"y":2.1,"r":0,"rx":-0.15,"ry":-1.15,"d":false,"h":1,"w":1,"color":"alpha"},{"row":2,"col":15,"x":15.25,"y":2.1,"r":0,"rx":-0.15,"ry":-1.15,"d":false,"h":1,"w":2.25,"color":"accent"},{"row":3,"col":1,"x":0.9,"y":3.1,"r":0,"rx":-0.15,"ry":-1.15,"d":false,"h":1,"w":2.25,"color":"mod"},{"row":3,"col":2,"x":3.15,"y":3.1,"r":0,"rx":-0.15,"ry":-1.15,"d":false,"h":1,"w":1,"color":"alpha"},{"row":3,"col":12,"x":12.950000000000001,"y":3.1,"r":0,"rx":-0.15,"ry":-1.15,"d":false,"h":1,"w":1,"color":"alpha"},{"row":3,"col":13,"x":13.950000000000001,"y":3.1,"r":0,"rx":-0.15,"ry":-1.15,"d":false,"h":1,"w":1,"color":"alpha"},{"row":4,"col":1,"x":0.9,"y":4.1,"r":0,"rx":-0.15,"ry":-1.15,"d":false,"h":1,"w":1.5,"color":"mod"},{"row":4,"col":15,"x":15.85,"y":4.1,"r":0,"rx":-0.15,"ry":-1.15,"d":false,"h":1,"w":1.5,"color":"mod"},{"row":0,"col":4,"x":4.8999999999999995,"y":-0.8999999999999999,"r":12,"rx":-0.15,"ry":-1.15,"d":false,"h":1,"w":1,"color":"alpha"},{"row":0,"col":5,"x":5.8999999999999995,"y":-0.8999999999999999,"r":12,"rx":-0.15,"ry":-1.15,"d":false,"h":1,"w":1,"color":"alpha"},{"row":0,"col":6,"x":6.8999999999999995,"y":-0.8999999999999999,"r":12,"rx":-0.15,"ry":-1.15,"d":false,"h":1,"w":1,"color":"alpha"},{"row":0,"col":7,"x":7.9,"y":-0.8999999999999999,"r":12,"rx":-0.15,"ry":-1.15,"d":false,"h":1,"w":1,"color":"alpha"},{"row":1,"col":3,"x":4.449999999999999,"y":0.10000000000000009,"r":12,"rx":-0.15,"ry":-1.15,"d":false,"h":1,"w":1,"color":"alpha"},{"row":1,"col":4,"x":5.449999999999999,"y":0.10000000000000009,"r":12,"rx":-0.15,"ry":-1.15,"d":false,"h":1,"w":1,"color":"alpha"},{"row":1,"col":5,"x":6.449999999999999,"y":0.10000000000000009,"r":12,"rx":-0.15,"ry":-1.15,"d":false,"h":1,"w":1,"color":"alpha"},{"row":1,"col":6,"x":7.449999999999999,"y":0.10000000000000009,"r":12,"rx":-0.15,"ry":-1.15,"d":false,"h":1,"w":1,"color":"alpha"},{"row":2,"col":3,"x":4.699999999999999,"y":1.1,"r":12,"rx":-0.15,"ry":-1.15,"d":false,"h":1,"w":1,"color":"alpha"},{"row":2,"col":4,"x":5.699999999999999,"y":1.1,"r":12,"rx":-0.15,"ry":-1.15,"d":false,"h":1,"w":1,"color":"alpha"},{"row":2,"col":5,"x":6.699999999999999,"y":1.1,"r":12,"rx":-0.15,"ry":-1.15,"d":false,"h":1,"w":1,"color":"alpha"},{"row":2,"col":6,"x":7.699999999999999,"y":1.1,"r":12,"rx":-0.15,"ry":-1.15,"d":false,"h":1,"w":1,"color":"alpha"},{"row":3,"col":3,"x":5.1499999999999995,"y":2.1,"r":12,"rx":-0.15,"ry":-1.15,"d":false,"h":1,"w":1,"color":"alpha"},{"row":3,"col":4,"x":6.1499999999999995,"y":2.1,"r":12,"rx":-0.15,"ry":-1.15,"d":false,"h":1,"w":1,"color":"alpha"},{"row":3,"col":5,"x":7.1499999999999995,"y":2.1,"r":12,"rx":-0.15,"ry":-1.15,"d":false,"h":1,"w":1,"color":"alpha"},{"row":3,"col":6,"x":8.15,"y":2.1,"r":12,"rx":-0.15,"ry":-1.15,"d":false,"h":1,"w":1,"color":"alpha"},{"row":4,"col":5,"x":6.449999999999999,"y":3.1,"r":12,"rx":-0.15,"ry":-1.15,"d":false,"h":1,"w":2,"color":"accent"},{"row":4,"col":6,"x":8.45,"y":3.1,"r":12,"rx":-0.15,"ry":-1.15,"d":false,"h":1,"w":1.25,"color":"mod"},{"row":4,"col":3,"x":4.8999999999999995,"y":3.15,"r":12,"rx":-0.15,"ry":-1.15,"d":false,"h":1,"w":1.5,"color":"mod"},{"row":0,"col":8,"x":8.299999999999999,"y":2.6999999999999997,"r":-12,"rx":-0.15,"ry":-1.15,"d":false,"h":1,"w":1,"color":"alpha"},{"row":0,"col":9,"x":9.299999999999999,"y":2.6999999999999997,"r":-12,"rx":-0.15,"ry":-1.15,"d":false,"h":1,"w":1,"color":"alpha"},{"row":0,"col":10,"x":10.299999999999999,"y":2.6999999999999997,"r":-12,"rx":-0.15,"ry":-1.15,"d":false,"h":1,"w":1,"color":"alpha"},{"row":0,"col":11,"x":11.299999999999999,"y":2.6999999999999997,"r":-12,"rx":-0.15,"ry":-1.15,"d":false,"h":1,"w":1,"color":"alpha"},{"row":1,"col":8,"x":7.9,"y":3.6999999999999997,"r":-12,"rx":-0.15,"ry":-1.15,"d":false,"h":1,"w":1,"color":"alpha"},{"row":1,"col":9,"x":8.9,"y":3.6999999999999997,"r":-12,"rx":-0.15,"ry":-1.15,"d":false,"h":1,"w":1,"color":"alpha"},{"row":1,"col":10,"x":9.9,"y":3.6999999999999997,"r":-12,"rx":-0.15,"ry":-1.15,"d":false,"h":1,"w":1,"color":"alpha"},{"row":1,"col":11,"x":10.9,"y":3.6999999999999997,"r":-12,"rx":-0.15,"ry":-1.15,"d":false,"h":1,"w":1,"color":"alpha"},{"row":2,"col":8,"x":8.049999999999999,"y":4.699999999999999,"r":-12,"rx":-0.15,"ry":-1.15,"d":false,"h":1,"w":1,"color":"alpha"},{"row":2,"col":9,"x":9.049999999999999,"y":4.699999999999999,"r":-12,"rx":-0.15,"ry":-1.15,"d":false,"h":1,"w":1,"color":"alpha"},{"row":2,"col":10,"x":10.049999999999999,"y":4.699999999999999,"r":-12,"rx":-0.15,"ry":-1.15,"d":false,"h":1,"w":1,"color":"alpha"},{"row":2,"col":11,"x":11.049999999999999,"y":4.699999999999999,"r":-12,"rx":-0.15,"ry":-1.15,"d":false,"h":1,"w":1,"color":"alpha"},{"row":3,"col":8,"x":7.6,"y":5.699999999999999,"r":-12,"rx":-0.15,"ry":-1.15,"d":false,"h":1,"w":1,"color":"alpha"},{"row":3,"col":9,"x":8.6,"y":5.699999999999999,"r":-12,"rx":-0.15,"ry":-1.15,"d":false,"h":1,"w":1,"color":"alpha"},{"row":3,"col":10,"x":9.6,"y":5.699999999999999,"r":-12,"rx":-0.15,"ry":-1.15,"d":false,"h":1,"w":1,"color":"alpha"},{"row":3,"col":11,"x":10.6,"y":5.699999999999999,"r":-12,"rx":-0.15,"ry":-1.15,"d":false,"h":1,"w":1,"color":"alpha"},{"row":4,"col":9,"x":7.6,"y":6.699999999999999,"r":-12,"rx":-0.15,"ry":-1.15,"d":false,"h":1,"w":2.75,"color":"accent"},{"row":4,"col":11,"x":10.4,"y":6.75,"r":-12,"rx":-0.15,"ry":-1.15,"d":false,"h":1,"w":1.5,"color":"mod"}]},"matrix":{"rows":5,"cols":16},"vendorProductId":1128993793}