{"name":"SKErgo","lighting":"none","layouts":{"labels":["2U Backspace","Remove Right B"],"width":18.25,"height":6.087856394359068,"optionKeys":{"0":{"0":[{"row":0,"col":13,"x":14.5,"y":0.25,"r":0,"rx":0,"ry":-1,"d":false,"h":1,"w":1,"color":"alpha"},{"row":0,"col":14,"x":15.5,"y":0.25,"r":0,"rx":0,"ry":-1,"d":false,"h":1,"w":1,"color":"alpha"}],"1":[{"row":0,"col":14,"x":14.5,"y":0.25,"r":0,"rx":0,"ry":-1,"d":false,"h":1,"w":2,"color":"alpha"}]},"1":{"0":[{"row":4,"col":6,"x":8,"y":3.25,"r":-10,"rx":12.5,"ry":3.25,"d":false,"h":1,"w":1,"color":"alpha"}],"1":[{"row":-1,"col":-1,"x":8,"y":3.25,"r":-10,"rx":12.5,"ry":3.25,"d":true,"h":1,"w":1,"color":"alpha"}]}},"keys":[{"row":0,"col":11,"x":12.5,"y":0,"r":0,"rx":0,"ry":-1,"d":false,"h":1,"w":1,"color":"alpha"},{"row":0,"col":0,"x":0.5,"y":0.25,"r":0,"rx":0,"ry":-1,"d":false,"h":1,"w":1,"color":"accent"},{"row":0,"col":1,"x":1.5,"y":0.25,"r":0,"rx":0,"ry":-1,"d":false,"h":1,"w":1,"color":"alpha"},{"row":0,"col":12,"x":13.5,"y":0.25,"r":0,"rx":0,"ry":-1,"d":false,"h":1,"w":1,"color":"alpha"},{"row":1,"col":14,"x":16.75,"y":0.25,"r":0,"rx":0,"ry":-1,"d":false,"h":1,"w":1,"color":"alpha"},{"row":2,"col":14,"x":17,"y":1.25,"r":0,"rx":0,"ry":-1,"d":false,"h":1,"w":1,"color":"alpha"},{"row":1,"col":0,"x":0.25,"y":1.2999999999999998,"r":0,"rx":0,"ry":-1,"d":false,"h":1,"w":1.5,"color":"mod"},{"row":1,"col":1,"x":1.75,"y":1.2999999999999998,"r":0,"rx":0,"ry":-1,"d":false,"h":1,"w":1,"color":"alpha"},{"row":1,"col":11,"x":13.25,"y":1.2999999999999998,"r":0,"rx":0,"ry":-1,"d":false,"h":1,"w":1,"color":"alpha"},{"row":1,"col":12,"x":14.25,"y":1.2999999999999998,"r":0,"rx":0,"ry":-1,"d":false,"h":1,"w":1,"color":"alpha"},{"row":1,"col":13,"x":15.25,"y":1.2999999999999998,"r":0,"rx":0,"ry":-1,"d":false,"h":1,"w":1.5,"color":"alpha"},{"row":3,"col":14,"x":17.1,"y":2.25,"r":0,"rx":0,"ry":-1,"d":false,"h":1,"w":1,"color":"alpha"},{"row":2,"col":0,"x":0.15,"y":2.3,"r":0,"rx":0,"ry":-1,"d":false,"h":1,"w":1.75,"color":"mod"},{"row":2,"col":1,"x":1.9,"y":2.3,"r":0,"rx":0,"ry":-1,"d":false,"h":1,"w":1,"color":"alpha"},{"row":2,"col":10,"x":12.6,"y":2.3,"r":0,"rx":0,"ry":-1,"d":false,"h":1,"w":1,"color":"alpha"},{"row":2,"col":11,"x":13.6,"y":2.3,"r":0,"rx":0,"ry":-1,"d":false,"h":1,"w":1,"color":"alpha"},{"row":2,"col":12,"x":14.6,"y":2.3,"r":0,"rx":0,"ry":-1,"d":false,"h":1,"w":2.25,"color":"accent"},{"row":3,"col":0,"x":0,"y":3.3,"r":0,"rx":0,"ry":-1,"d":false,"h":1,"w":2.25,"color":"mod"},{"row":3,"col":1,"x":2.25,"y":3.3,"r":0,"rx":0,"ry":-1,"d":false,"h":1,"w":1,"color":"alpha"},{"row":3,"col":10,"x":13.25,"y":3.3,"r":0,"rx":0,"ry":-1,"d":false,"h":1,"w":1,"color":"alpha"},{"row":3,"col":11,"x":14.25,"y":3.3,"r":0,"rx":0,"ry":-1,"d":false,"h":1,"w":1.75,"color":"mod"},{"row":3,"col":13,"x":16.25,"y":3.75,"r":0,"rx":0,"ry":-1,"d":false,"h":1,"w":1,"color":"accent"},{"row":4,"col":0,"x":0,"y":4.3,"r":0,"rx":0,"ry":-1,"d":false,"h":1,"w":1.25,"color":"mod"},{"row":4,"col":12,"x":15.25,"y":4.75,"r":0,"rx":0,"ry":-1,"d":false,"h":1,"w":1,"color":"accent"},{"row":4,"col":13,"x":16.25,"y":4.75,"r":0,"rx":0,"ry":-1,"d":false,"h":1,"w":1,"color":"accent"},{"row":4,"col":14,"x":17.25,"y":4.75,"r":0,"rx":0,"ry":-1,"d":false,"h":1,"w":1,"color":"accent"},{"row":0,"col":2,"x":2.5,"y":0.25,"r":0,"rx":3,"ry":3.25,"d":false,"h":1,"w":1,"color":"alpha"},{"row":0,"col":3,"x":3.25,"y":0.25,"r":10,"rx":3,"ry":3.25,"d":false,"h":1,"w":1,"color":"alpha"},{"row":0,"col":4,"x":4.25,"y":0.25,"r":10,"rx":3,"ry":3.25,"d":false,"h":1,"w":1,"color":"alpha"},{"row":0,"col":5,"x":5.25,"y":0.25,"r":10,"rx":3,"ry":3.25,"d":false,"h":1,"w":1,"color":"alpha"},{"row":0,"col":6,"x":6.25,"y":0.25,"r":10,"rx":3,"ry":3.25,"d":false,"h":1,"w":1,"color":"alpha"},{"row":1,"col":2,"x":2.75,"y":1.25,"r":10,"rx":3,"ry":3.25,"d":false,"h":1,"w":1,"color":"alpha"},{"row":1,"col":3,"x":3.75,"y":1.25,"r":10,"rx":3,"ry":3.25,"d":false,"h":1,"w":1,"color":"alpha"},{"row":1,"col":4,"x":4.75,"y":1.25,"r":10,"rx":3,"ry":3.25,"d":false,"h":1,"w":1,"color":"alpha"},{"row":1,"col":5,"x":5.75,"y":1.25,"r":10,"rx":3,"ry":3.25,"d":false,"h":1,"w":1,"color":"alpha"},{"row":2,"col":2,"x":3,"y":2.25,"r":10,"rx":3,"ry":3.25,"d":false,"h":1,"w":1,"color":"alpha"},{"row":2,"col":3,"x":4,"y":2.25,"r":10,"rx":3,"ry":3.25,"d":false,"h":1,"w":1,"color":"alpha"},{"row":2,"col":4,"x":5,"y":2.25,"r":10,"rx":3,"ry":3.25,"d":false,"h":1,"w":1,"color":"alpha"},{"row":2,"col":5,"x":6,"y":2.25,"r":10,"rx":3,"ry":3.25,"d":false,"h":1,"w":1,"color":"alpha"},{"row":3,"col":2,"x":3.5,"y":3.25,"r":10,"rx":3,"ry":3.25,"d":false,"h":1,"w":1,"color":"alpha"},{"row":3,"col":3,"x":4.5,"y":3.25,"r":10,"rx":3,"ry":3.25,"d":false,"h":1,"w":1,"color":"alpha"},{"row":3,"col":4,"x":5.5,"y":3.25,"r":10,"rx":3,"ry":3.25,"d":false,"h":1,"w":1,"color":"alpha"},{"row":3,"col":5,"x":6.5,"y":3.25,"r":10,"rx":3,"ry":3.25,"d":false,"h":1,"w":1,"color":"alpha"},{"row":4,"col":2,"x":3.5,"y":4.25,"r":10,"rx":3,"ry":3.25,"d":false,"h":1,"w":1.5,"color":"mod"},{"row":4,"col":4,"x":5,"y":4.25,"r":10,"rx":3,"ry":3.25,"d":false,"h":1,"w":2,"color":"alpha"},{"row":4,"col":5,"x":7,"y":4.25,"r":10,"rx":3,"ry":3.25,"d":false,"h":1,"w":1,"color":"mod"},{"row":0,"col":7,"x":8.75,"y":0.25,"r":-10,"rx":12.5,"ry":3.25,"d":false,"h":1,"w":1,"color":"alpha"},{"row":0,"col":8,"x":9.75,"y":0.25,"r":-10,"rx":12.5,"ry":3.25,"d":false,"h":1,"w":1,"color":"alpha"},{"row":0,"col":9,"x":10.75,"y":0.25,"r":-10,"rx":12.5,"ry":3.25,"d":false,"h":1,"w":1,"color":"alpha"},{"row":0,"col":10,"x":11.75,"y":0.25,"r":-10,"rx":12.5,"ry":3.25,"d":false,"h":1,"w":1,"color":"alpha"},{"row":1,"col":6,"x":8.25,"y":1.25,"r":-10,"rx":12.5,"ry":3.25,"d":false,"h":1,"w":1,"color":"alpha"},{"row":1,"col":7,"x":9.25,"y":1.25,"r":-10,"rx":12.5,"ry":3.25,"d":false,"h":1,"w":1,"color":"alpha"},{"row":1,"col":8,"x":10.25,"y":1.25,"r":-10,"rx":12.5,"ry":3.25,"d":false,"h":1,"w":1,"color":"alpha"},{"row":1,"col":9,"x":11.25,"y":1.25,"r":-10,"rx":12.5,"ry":3.25,"d":false,"h":1,"w":1,"color":"alpha"},{"row":1,"col":10,"x":12.25,"y":1.25,"r":-10,"rx":12.5,"ry":3.25,"d":false,"h":1,"w":1,"color":"alpha"},{"row":2,"col":6,"x":8.5,"y":2.25,"r":-10,"rx":12.5,"ry":3.25,"d":false,"h":1,"w":1,"color":"alpha"},{"row":2,"col":7,"x":9.5,"y":2.25,"r":-10,"rx":12.5,"ry":3.25,"d":false,"h":1,"w":1,"color":"alpha"},{"row":2,"col":8,"x":10.5,"y":2.25,"r":-10,"rx":12.5,"ry":3.25,"d":false,"h":1,"w":1,"color":"alpha"},{"row":2,"col":9,"x":11.5,"y":2.25,"r":-10,"rx":12.5,"ry":3.25,"d":false,"h":1,"w":1,"color":"alpha"},{"row":3,"col":6,"x":9,"y":3.25,"r":-10,"rx":12.5,"ry":3.25,"d":false,"h":1,"w":1,"color":"alpha"},{"row":3,"col":7,"x":10,"y":3.25,"r":-10,"rx":12.5,"ry":3.25,"d":false,"h":1,"w":1,"color":"alpha"},{"row":3,"col":8,"x":11,"y":3.25,"r":-10,"rx":12.5,"ry":3.25,"d":false,"h":1,"w":1,"color":"alpha"},{"row":3,"col":9,"x":12,"y":3.25,"r":-10,"rx":12.5,"ry":3.25,"d":false,"h":1,"w":1,"color":"alpha"},{"row":4,"col":7,"x":8.5,"y":4.25,"r":-10,"rx":12.5,"ry":3.25,"d":false,"h":1,"w":2.75,"color":"alpha"},{"row":4,"col":9,"x":11.25,"y":4.25,"r":-10,"rx":12.5,"ry":3.25,"d":false,"h":1,"w":1.5,"color":"mod"}]},"matrix":{"rows":5,"cols":15},"vendorProductId":1263096651}