{"name":"Liminal","lighting":"qmk_rgblight","layouts":{"labels":[["Enter","AMERICA","ISO","Fun Sized"],["Left Shift","AMERICA","ISO"],["Bottom Row","WUMBO","Split Space"]],"width":15,"height":4,"optionKeys":{"0":{"0":[{"row":0,"col":13,"x":13.5,"y":0,"r":0,"rx":-2.5,"ry":0,"d":false,"h":1,"w":1.5,"color":"mod"},{"row":1,"col":13,"x":12.75,"y":1,"r":0,"rx":-2.5,"ry":0,"d":false,"h":1,"w":2.25,"color":"accent"}],"1":[{"row":0,"col":13,"x":13.75,"y":0,"r":0,"rx":-2.5,"ry":0,"d":false,"h":2,"w":1.25,"w2":1.5,"x2":-0.25,"h2":1,"color":"accent"},{"row":1,"col":12,"x":12.75,"y":1,"r":0,"rx":-2.5,"ry":0,"d":false,"h":1,"w":1,"color":"alpha"}],"2":[{"row":0,"col":13,"x":13.5,"y":0,"r":0,"rx":-2.5,"ry":0,"d":false,"h":1,"w":1.5,"color":"mod"},{"row":1,"col":12,"x":12.75,"y":1,"r":0,"rx":-2.5,"ry":0,"d":false,"h":1,"w":1,"color":"alpha"},{"row":1,"col":13,"x":13.75,"y":1,"r":0,"rx":-2.5,"ry":0,"d":false,"h":1,"w":1.25,"color":"accent"}]},"1":{"0":[{"row":2,"col":1,"x":1,"y":2,"r":0,"rx":-2.5,"ry":0,"d":false,"h":1,"w":2.25,"color":"mod"}],"1":[{"row":2,"col":1,"x":1,"y":2,"r":0,"rx":-2.5,"ry":0,"d":false,"h":1,"w":1.25,"color":"mod"},{"row":2,"col":2,"x":2.25,"y":2,"r":0,"rx":-2.5,"ry":0,"d":false,"h":1,"w":1,"color":"alpha"}]},"2":{"0":[{"row":3,"col":0,"x":0,"y":3,"r":0,"rx":-2.5,"ry":0,"d":false,"h":1,"w":1,"color":"mod"},{"row":3,"col":1,"x":1,"y":3,"r":0,"rx":-2.5,"ry":0,"d":false,"h":1,"w":1.25,"color":"mod"},{"row":3,"col":2,"x":2.25,"y":3,"r":0,"rx":-2.5,"ry":0,"d":false,"h":1,"w":1,"color":"mod"},{"row":3,"col":3,"x":3.25,"y":3,"r":0,"rx":-2.5,"ry":0,"d":false,"h":1,"w":1.25,"color":"mod"},{"row":3,"col":7,"x":4.5,"y":3,"r":0,"rx":-2.5,"ry":0,"d":false,"h":1,"w":7,"color":"alpha"},{"row":3,"col":10,"x":11.5,"y":3,"r":0,"rx":-2.5,"ry":0,"d":false,"h":1,"w":1.25,"color":"mod"},{"row":3,"col":12,"x":12.75,"y":3,"r":0,"rx":-2.5,"ry":0,"d":false,"h":1,"w":1,"color":"mod"},{"row":3,"col":13,"x":13.75,"y":3,"r":0,"rx":-2.5,"ry":0,"d":false,"h":1,"w":1.25,"color":"mod"}],"1":[{"row":3,"col":0,"x":0,"y":3,"r":0,"rx":-2.5,"ry":0,"d":false,"h":1,"w":1,"color":"mod"},{"row":3,"col":1,"x":1,"y":3,"r":0,"rx":-2.5,"ry":0,"d":false,"h":1,"w":1.5,"color":"mod"},{"row":3,"col":2,"x":2.5,"y":3,"r":0,"rx":-2.5,"ry":0,"d":false,"h":1,"w":1.25,"color":"mod"},{"row":3,"col":3,"x":3.75,"y":3,"r":0,"rx":-2.5,"ry":0,"d":false,"h":1,"w":1.5,"color":"mod"},{"row":3,"col":5,"x":5.25,"y":3,"r":0,"rx":-2.5,"ry":0,"d":false,"h":1,"w":2,"color":"alpha"},{"row":3,"col":7,"x":7.25,"y":3,"r":0,"rx":-2.5,"ry":0,"d":false,"h":1,"w":2.25,"color":"alpha"},{"row":3,"col":9,"x":9.5,"y":3,"r":0,"rx":-2.5,"ry":0,"d":false,"h":1,"w":1.5,"color":"mod"},{"row":3,"col":10,"x":11,"y":3,"r":0,"rx":-2.5,"ry":0,"d":false,"h":1,"w":1.25,"color":"mod"},{"row":3,"col":12,"x":12.25,"y":3,"r":0,"rx":-2.5,"ry":0,"d":false,"h":1,"w":1.25,"color":"mod"},{"row":3,"col":13,"x":13.5,"y":3,"r":0,"rx":-2.5,"ry":0,"d":false,"h":1,"w":1.5,"color":"mod"}]}},"keys":[{"row":0,"col":0,"x":0,"y":0,"r":0,"rx":-2.5,"ry":0,"d":false,"h":1,"w":1,"color":"accent"},{"row":0,"col":1,"x":1,"y":0,"r":0,"rx":-2.5,"ry":0,"d":false,"h":1,"w":1.5,"color":"mod"},{"row":0,"col":2,"x":2.5,"y":0,"r":0,"rx":-2.5,"ry":0,"d":false,"h":1,"w":1,"color":"alpha"},{"row":0,"col":3,"x":3.5,"y":0,"r":0,"rx":-2.5,"ry":0,"d":false,"h":1,"w":1,"color":"alpha"},{"row":0,"col":4,"x":4.5,"y":0,"r":0,"rx":-2.5,"ry":0,"d":false,"h":1,"w":1,"color":"alpha"},{"row":0,"col":5,"x":5.5,"y":0,"r":0,"rx":-2.5,"ry":0,"d":false,"h":1,"w":1,"color":"alpha"},{"row":0,"col":6,"x":6.5,"y":0,"r":0,"rx":-2.5,"ry":0,"d":false,"h":1,"w":1,"color":"alpha"},{"row":0,"col":7,"x":7.5,"y":0,"r":0,"rx":-2.5,"ry":0,"d":false,"h":1,"w":1,"color":"alpha"},{"row":0,"col":8,"x":8.5,"y":0,"r":0,"rx":-2.5,"ry":0,"d":false,"h":1,"w":1,"color":"alpha"},{"row":0,"col":9,"x":9.5,"y":0,"r":0,"rx":-2.5,"ry":0,"d":false,"h":1,"w":1,"color":"alpha"},{"row":0,"col":10,"x":10.5,"y":0,"r":0,"rx":-2.5,"ry":0,"d":false,"h":1,"w":1,"color":"alpha"},{"row":0,"col":11,"x":11.5,"y":0,"r":0,"rx":-2.5,"ry":0,"d":false,"h":1,"w":1,"color":"alpha"},{"row":0,"col":12,"x":12.5,"y":0,"r":0,"rx":-2.5,"ry":0,"d":false,"h":1,"w":1,"color":"alpha"},{"row":1,"col":0,"x":0,"y":1,"r":0,"rx":-2.5,"ry":0,"d":false,"h":1,"w":1,"color":"mod"},{"row":1,"col":1,"x":1,"y":1,"r":0,"rx":-2.5,"ry":0,"d":false,"h":1,"w":1.75,"color":"mod"},{"row":1,"col":2,"x":2.75,"y":1,"r":0,"rx":-2.5,"ry":0,"d":false,"h":1,"w":1,"color":"alpha"},{"row":1,"col":3,"x":3.75,"y":1,"r":0,"rx":-2.5,"ry":0,"d":false,"h":1,"w":1,"color":"alpha"},{"row":1,"col":4,"x":4.75,"y":1,"r":0,"rx":-2.5,"ry":0,"d":false,"h":1,"w":1,"color":"alpha"},{"row":1,"col":5,"x":5.75,"y":1,"r":0,"rx":-2.5,"ry":0,"d":false,"h":1,"w":1,"color":"alpha"},{"row":1,"col":6,"x":6.75,"y":1,"r":0,"rx":-2.5,"ry":0,"d":false,"h":1,"w":1,"color":"alpha"},{"row":1,"col":7,"x":7.75,"y":1,"r":0,"rx":-2.5,"ry":0,"d":false,"h":1,"w":1,"color":"alpha"},{"row":1,"col":8,"x":8.75,"y":1,"r":0,"rx":-2.5,"ry":0,"d":false,"h":1,"w":1,"color":"alpha"},{"row":1,"col":9,"x":9.75,"y":1,"r":0,"rx":-2.5,"ry":0,"d":false,"h":1,"w":1,"color":"alpha"},{"row":1,"col":10,"x":10.75,"y":1,"r":0,"rx":-2.5,"ry":0,"d":false,"h":1,"w":1,"color":"alpha"},{"row":1,"col":11,"x":11.75,"y":1,"r":0,"rx":-2.5,"ry":0,"d":false,"h":1,"w":1,"color":"alpha"},{"row":2,"col":0,"x":0,"y":2,"r":0,"rx":-2.5,"ry":0,"d":false,"h":1,"w":1,"color":"mod"},{"row":2,"col":3,"x":3.25,"y":2,"r":0,"rx":-2.5,"ry":0,"d":false,"h":1,"w":1,"color":"alpha"},{"row":2,"col":4,"x":4.25,"y":2,"r":0,"rx":-2.5,"ry":0,"d":false,"h":1,"w":1,"color":"alpha"},{"row":2,"col":5,"x":5.25,"y":2,"r":0,"rx":-2.5,"ry":0,"d":false,"h":1,"w":1,"color":"alpha"},{"row":2,"col":6,"x":6.25,"y":2,"r":0,"rx":-2.5,"ry":0,"d":false,"h":1,"w":1,"color":"alpha"},{"row":2,"col":7,"x":7.25,"y":2,"r":0,"rx":-2.5,"ry":0,"d":false,"h":1,"w":1,"color":"alpha"},{"row":2,"col":8,"x":8.25,"y":2,"r":0,"rx":-2.5,"ry":0,"d":false,"h":1,"w":1,"color":"alpha"},{"row":2,"col":9,"x":9.25,"y":2,"r":0,"rx":-2.5,"ry":0,"d":false,"h":1,"w":1,"color":"alpha"},{"row":2,"col":10,"x":10.25,"y":2,"r":0,"rx":-2.5,"ry":0,"d":false,"h":1,"w":1,"color":"alpha"},{"row":2,"col":11,"x":11.25,"y":2,"r":0,"rx":-2.5,"ry":0,"d":false,"h":1,"w":1,"color":"alpha"},{"row":2,"col":12,"x":12.25,"y":2,"r":0,"rx":-2.5,"ry":0,"d":false,"h":1,"w":1,"color":"alpha"},{"row":2,"col":13,"x":13.25,"y":2,"r":0,"rx":-2.5,"ry":0,"d":false,"h":1,"w":1.75,"color":"mod"}]},"matrix":{"rows":4,"cols":14},"vendorProductId":1263206403}