{"name":"smAllice","lighting":"qmk_rgblight","layouts":{"width":17.1,"height":4.970168229386474,"optionKeys":{},"keys":[{"row":0,"col":0,"x":0.4,"y":0.02289964402549005,"r":0,"rx":0,"ry":-2.12710035597451,"d":false,"h":1,"w":1,"color":"mod"},{"row":0,"col":11,"x":12.75,"y":0.07289964402549032,"r":0,"rx":0,"ry":-2.12710035597451,"d":false,"h":1,"w":1,"color":"alpha"},{"row":0,"col":1,"x":1.75,"y":0.12289964402549014,"r":0,"rx":0,"ry":-2.12710035597451,"d":false,"h":1,"w":1,"color":"mod"},{"row":0,"col":2,"x":2.75,"y":0.12289964402549014,"r":0,"rx":0,"ry":-2.12710035597451,"d":false,"h":1,"w":1,"color":"alpha"},{"row":0,"col":12,"x":13.75,"y":0.12289964402549014,"r":0,"rx":0,"ry":-2.12710035597451,"d":false,"h":1,"w":1,"color":"alpha"},{"row":0,"col":13,"x":14.75,"y":0.12289964402549014,"r":0,"rx":0,"ry":-2.12710035597451,"d":false,"h":1,"w":1,"color":"alpha"},{"row":0,"col":14,"x":15.75,"y":0.12289964402549014,"r":0,"rx":0,"ry":-2.12710035597451,"d":false,"h":1,"w":1,"color":"mod"},{"row":1,"col":0,"x":0.2,"y":1.02289964402549,"r":0,"rx":0,"ry":-2.12710035597451,"d":false,"h":1,"w":1,"color":"mod"},{"row":1,"col":1,"x":1.55,"y":1.1228996440254901,"r":0,"rx":0,"ry":-2.12710035597451,"d":false,"h":1,"w":1.25,"color":"mod"},{"row":1,"col":2,"x":2.8,"y":1.1228996440254901,"r":0,"rx":0,"ry":-2.12710035597451,"d":false,"h":1,"w":1,"color":"alpha"},{"row":1,"col":11,"x":13.150000000000002,"y":1.1228996440254901,"r":0,"rx":0,"ry":-2.12710035597451,"d":false,"h":1,"w":1,"color":"alpha"},{"row":1,"col":12,"x":14.15,"y":1.1228996440254901,"r":0,"rx":0,"ry":-2.12710035597451,"d":false,"h":1,"w":1,"color":"alpha"},{"row":1,"col":14,"x":15.15,"y":1.1228996440254901,"r":0,"rx":0,"ry":-2.12710035597451,"d":false,"h":1,"w":1.75,"color":"accent"},{"row":2,"col":0,"x":0,"y":2.0228996440254905,"r":0,"rx":0,"ry":-2.12710035597451,"d":false,"h":1,"w":1,"color":"mod"},{"row":2,"col":1,"x":1.3,"y":2.12289964402549,"r":0,"rx":0,"ry":-2.12710035597451,"d":false,"h":1,"w":1.75,"color":"mod"},{"row":2,"col":2,"x":3.05,"y":2.12289964402549,"r":0,"rx":0,"ry":-2.12710035597451,"d":false,"h":1,"w":1,"color":"alpha"},{"row":2,"col":11,"x":12.86,"y":2.12289964402549,"r":0,"rx":0,"ry":-2.12710035597451,"d":false,"h":1,"w":1,"color":"alpha"},{"row":2,"col":12,"x":13.85,"y":2.12289964402549,"r":0,"rx":0,"ry":-2.12710035597451,"d":false,"h":1,"w":1.25,"color":"mod"},{"row":2,"col":13,"x":15.1,"y":2.12289964402549,"r":0,"rx":0,"ry":-2.12710035597451,"d":false,"h":1,"w":1,"color":"mod"},{"row":2,"col":14,"x":16.1,"y":2.12289964402549,"r":0,"rx":0,"ry":-2.12710035597451,"d":false,"h":1,"w":1,"color":"alpha"},{"row":3,"col":1,"x":1.3,"y":3.12289964402549,"r":0,"rx":0,"ry":-2.12710035597451,"d":false,"h":1,"w":1,"color":"mod"},{"row":3,"col":12,"x":14.100000000000001,"y":3.12289964402549,"r":0,"rx":0,"ry":-2.12710035597451,"d":false,"h":1,"w":1,"color":"mod"},{"row":3,"col":13,"x":15.1,"y":3.12289964402549,"r":0,"rx":0,"ry":-2.12710035597451,"d":false,"h":1,"w":1,"color":"mod"},{"row":3,"col":14,"x":16.1,"y":3.12289964402549,"r":0,"rx":0,"ry":-2.12710035597451,"d":false,"h":1,"w":1,"color":"mod"},{"row":0,"col":3,"x":4.35,"y":-0.8771003559745099,"r":12,"rx":0,"ry":-2.12710035597451,"d":false,"h":1,"w":1,"color":"alpha"},{"row":0,"col":4,"x":5.35,"y":-0.8771003559745099,"r":12,"rx":0,"ry":-2.12710035597451,"d":false,"h":1,"w":1,"color":"alpha"},{"row":0,"col":5,"x":6.35,"y":-0.8771003559745099,"r":12,"rx":0,"ry":-2.12710035597451,"d":false,"h":1,"w":1,"color":"alpha"},{"row":0,"col":6,"x":7.35,"y":-0.8771003559745099,"r":12,"rx":0,"ry":-2.12710035597451,"d":false,"h":1,"w":1,"color":"alpha"},{"row":1,"col":3,"x":4.6,"y":0.12289964402549014,"r":12,"rx":0,"ry":-2.12710035597451,"d":false,"h":1,"w":1,"color":"alpha"},{"row":1,"col":4,"x":5.6,"y":0.12289964402549014,"r":12,"rx":0,"ry":-2.12710035597451,"d":false,"h":1,"w":1,"color":"alpha"},{"row":1,"col":5,"x":6.6,"y":0.12289964402549014,"r":12,"rx":0,"ry":-2.12710035597451,"d":false,"h":1,"w":1,"color":"alpha"},{"row":1,"col":6,"x":7.6,"y":0.12289964402549014,"r":12,"rx":0,"ry":-2.12710035597451,"d":false,"h":1,"w":1,"color":"alpha"},{"row":2,"col":3,"x":5.05,"y":1.1228996440254901,"r":12,"rx":0,"ry":-2.12710035597451,"d":false,"h":1,"w":1,"color":"alpha"},{"row":2,"col":4,"x":6.05,"y":1.1228996440254901,"r":12,"rx":0,"ry":-2.12710035597451,"d":false,"h":1,"w":1,"color":"alpha"},{"row":2,"col":5,"x":7.05,"y":1.1228996440254901,"r":12,"rx":0,"ry":-2.12710035597451,"d":false,"h":1,"w":1,"color":"alpha"},{"row":2,"col":6,"x":8.05,"y":1.1228996440254901,"r":12,"rx":0,"ry":-2.12710035597451,"d":false,"h":1,"w":1,"color":"alpha"},{"row":3,"col":5,"x":6.35,"y":2.12289964402549,"r":12,"rx":0,"ry":-2.12710035597451,"d":false,"h":1,"w":2,"color":"accent"},{"row":3,"col":6,"x":8.35,"y":2.12289964402549,"r":12,"rx":0,"ry":-2.12710035597451,"d":false,"h":1,"w":1,"color":"mod"},{"row":3,"col":3,"x":5.05,"y":2.17289964402549,"r":12,"rx":0,"ry":-2.12710035597451,"d":false,"h":1,"w":1.25,"color":"mod"},{"row":0,"col":7,"x":7.8,"y":2.72289964402549,"r":-12,"rx":0,"ry":-2.12710035597451,"d":false,"h":1,"w":1,"color":"alpha"},{"row":0,"col":8,"x":8.8,"y":2.72289964402549,"r":-12,"rx":0,"ry":-2.12710035597451,"d":false,"h":1,"w":1,"color":"alpha"},{"row":0,"col":9,"x":9.8,"y":2.72289964402549,"r":-12,"rx":0,"ry":-2.12710035597451,"d":false,"h":1,"w":1,"color":"alpha"},{"row":0,"col":10,"x":10.8,"y":2.72289964402549,"r":-12,"rx":0,"ry":-2.12710035597451,"d":false,"h":1,"w":1,"color":"alpha"},{"row":1,"col":7,"x":7.95,"y":3.72289964402549,"r":-12,"rx":0,"ry":-2.12710035597451,"d":false,"h":1,"w":1,"color":"alpha"},{"row":1,"col":8,"x":8.95,"y":3.72289964402549,"r":-12,"rx":0,"ry":-2.12710035597451,"d":false,"h":1,"w":1,"color":"alpha"},{"row":1,"col":9,"x":9.95,"y":3.72289964402549,"r":-12,"rx":0,"ry":-2.12710035597451,"d":false,"h":1,"w":1,"color":"alpha"},{"row":1,"col":10,"x":10.95,"y":3.72289964402549,"r":-12,"rx":0,"ry":-2.12710035597451,"d":false,"h":1,"w":1,"color":"alpha"},{"row":2,"col":7,"x":7.5,"y":4.72289964402549,"r":-12,"rx":0,"ry":-2.12710035597451,"d":false,"h":1,"w":1,"color":"alpha"},{"row":2,"col":8,"x":8.5,"y":4.72289964402549,"r":-12,"rx":0,"ry":-2.12710035597451,"d":false,"h":1,"w":1,"color":"alpha"},{"row":2,"col":9,"x":9.5,"y":4.72289964402549,"r":-12,"rx":0,"ry":-2.12710035597451,"d":false,"h":1,"w":1,"color":"alpha"},{"row":2,"col":10,"x":10.5,"y":4.72289964402549,"r":-12,"rx":0,"ry":-2.12710035597451,"d":false,"h":1,"w":1,"color":"alpha"},{"row":3,"col":8,"x":7.5,"y":5.72289964402549,"r":-12,"rx":0,"ry":-2.12710035597451,"d":false,"h":1,"w":2.75,"color":"accent"},{"row":3,"col":10,"x":10.3,"y":5.7728996440254905,"r":-12,"rx":0,"ry":-2.12710035597451,"d":false,"h":1,"w":1,"color":"mod"}]},"matrix":{"rows":4,"cols":15},"vendorProductId":1363891009}