{"name":"RAMA WORKS M4-A","lighting":"qmk_backlight","layouts":{"width":3,"height":2,"optionKeys":{},"keys":[{"row":0,"col":0,"x":0,"y":0,"r":0,"rx":0,"ry":0,"d":false,"h":1,"w":1,"color":"alpha"},{"row":0,"col":1,"x":1,"y":0,"r":0,"rx":0,"ry":0,"d":false,"h":1,"w":1,"color":"alpha"},{"row":1,"col":1,"x":2,"y":0,"r":0,"rx":0,"ry":0,"d":false,"h":2,"w":1,"color":"alpha"},{"row":1,"col":0,"x":0,"y":1,"r":0,"rx":0,"ry":0,"d":false,"h":1,"w":2,"color":"alpha"}]},"matrix":{"rows":2,"cols":2},"vendorProductId":1379991626}