{"name":"RAMA WORKS M50-AX","lighting":"none","layouts":{"labels":[["Spacebar","1U/2U/1U","1U/1U/1U/1U","2U/1U/1U","1U/1U/2U","2U/2U"]],"width":13.25,"height":4,"optionKeys":{"0":{"0":[{"row":3,"col":5,"x":5.25,"y":3,"r":0,"rx":0,"ry":0,"d":false,"h":1,"w":1,"color":"alpha"},{"row":3,"col":6,"x":6.25,"y":3,"r":0,"rx":0,"ry":0,"d":false,"h":1,"w":2,"color":"alpha"},{"row":3,"col":8,"x":8.25,"y":3,"r":0,"rx":0,"ry":0,"d":false,"h":1,"w":1,"color":"alpha"}],"1":[{"row":3,"col":5,"x":5.25,"y":3,"r":0,"rx":0,"ry":0,"d":false,"h":1,"w":1,"color":"alpha"},{"row":3,"col":6,"x":6.25,"y":3,"r":0,"rx":0,"ry":0,"d":false,"h":1,"w":1,"color":"alpha"},{"row":3,"col":7,"x":7.25,"y":3,"r":0,"rx":0,"ry":0,"d":false,"h":1,"w":1,"color":"alpha"},{"row":3,"col":8,"x":8.25,"y":3,"r":0,"rx":0,"ry":0,"d":false,"h":1,"w":1,"color":"alpha"}],"2":[{"row":3,"col":5,"x":5.25,"y":3,"r":0,"rx":0,"ry":0,"d":false,"h":1,"w":2,"color":"alpha"},{"row":3,"col":7,"x":7.25,"y":3,"r":0,"rx":0,"ry":0,"d":false,"h":1,"w":1,"color":"alpha"},{"row":3,"col":8,"x":8.25,"y":3,"r":0,"rx":0,"ry":0,"d":false,"h":1,"w":1,"color":"alpha"}],"3":[{"row":3,"col":5,"x":5.25,"y":3,"r":0,"rx":0,"ry":0,"d":false,"h":1,"w":1,"color":"alpha"},{"row":3,"col":6,"x":6.25,"y":3,"r":0,"rx":0,"ry":0,"d":false,"h":1,"w":1,"color":"alpha"},{"row":3,"col":7,"x":7.25,"y":3,"r":0,"rx":0,"ry":0,"d":false,"h":1,"w":2,"color":"alpha"}],"4":[{"row":3,"col":5,"x":5.25,"y":3,"r":0,"rx":0,"ry":0,"d":false,"h":1,"w":2,"color":"alpha"},{"row":3,"col":7,"x":7.25,"y":3,"r":0,"rx":0,"ry":0,"d":false,"h":1,"w":2,"color":"alpha"}]}},"keys":[{"row":0,"col":0,"x":0,"y":0,"r":0,"rx":0,"ry":0,"d":false,"h":1,"w":1,"color":"alpha"},{"row":0,"col":1,"x":1.25,"y":0,"r":0,"rx":0,"ry":0,"d":false,"h":1,"w":1,"color":"alpha"},{"row":0,"col":2,"x":2.25,"y":0,"r":0,"rx":0,"ry":0,"d":false,"h":1,"w":1,"color":"alpha"},{"row":0,"col":3,"x":3.25,"y":0,"r":0,"rx":0,"ry":0,"d":false,"h":1,"w":1,"color":"alpha"},{"row":0,"col":4,"x":4.25,"y":0,"r":0,"rx":0,"ry":0,"d":false,"h":1,"w":1,"color":"alpha"},{"row":0,"col":5,"x":5.25,"y":0,"r":0,"rx":0,"ry":0,"d":false,"h":1,"w":1,"color":"alpha"},{"row":0,"col":6,"x":6.25,"y":0,"r":0,"rx":0,"ry":0,"d":false,"h":1,"w":1,"color":"alpha"},{"row":0,"col":7,"x":7.25,"y":0,"r":0,"rx":0,"ry":0,"d":false,"h":1,"w":1,"color":"alpha"},{"row":0,"col":8,"x":8.25,"y":0,"r":0,"rx":0,"ry":0,"d":false,"h":1,"w":1,"color":"alpha"},{"row":0,"col":9,"x":9.25,"y":0,"r":0,"rx":0,"ry":0,"d":false,"h":1,"w":1,"color":"alpha"},{"row":0,"col":10,"x":10.25,"y":0,"r":0,"rx":0,"ry":0,"d":false,"h":1,"w":1,"color":"alpha"},{"row":0,"col":11,"x":11.25,"y":0,"r":0,"rx":0,"ry":0,"d":false,"h":1,"w":1,"color":"alpha"},{"row":0,"col":12,"x":12.25,"y":0,"r":0,"rx":0,"ry":0,"d":false,"h":1,"w":1,"color":"alpha"},{"row":1,"col":0,"x":0,"y":1,"r":0,"rx":0,"ry":0,"d":false,"h":1,"w":1,"color":"alpha"},{"row":1,"col":1,"x":1.25,"y":1,"r":0,"rx":0,"ry":0,"d":false,"h":1,"w":1,"color":"alpha"},{"row":1,"col":2,"x":2.25,"y":1,"r":0,"rx":0,"ry":0,"d":false,"h":1,"w":1,"color":"alpha"},{"row":1,"col":3,"x":3.25,"y":1,"r":0,"rx":0,"ry":0,"d":false,"h":1,"w":1,"color":"alpha"},{"row":1,"col":4,"x":4.25,"y":1,"r":0,"rx":0,"ry":0,"d":false,"h":1,"w":1,"color":"alpha"},{"row":1,"col":5,"x":5.25,"y":1,"r":0,"rx":0,"ry":0,"d":false,"h":1,"w":1,"color":"alpha"},{"row":1,"col":6,"x":6.25,"y":1,"r":0,"rx":0,"ry":0,"d":false,"h":1,"w":1,"color":"alpha"},{"row":1,"col":7,"x":7.25,"y":1,"r":0,"rx":0,"ry":0,"d":false,"h":1,"w":1,"color":"alpha"},{"row":1,"col":8,"x":8.25,"y":1,"r":0,"rx":0,"ry":0,"d":false,"h":1,"w":1,"color":"alpha"},{"row":1,"col":9,"x":9.25,"y":1,"r":0,"rx":0,"ry":0,"d":false,"h":1,"w":1,"color":"alpha"},{"row":1,"col":10,"x":10.25,"y":1,"r":0,"rx":0,"ry":0,"d":false,"h":1,"w":1,"color":"alpha"},{"row":1,"col":11,"x":11.25,"y":1,"r":0,"rx":0,"ry":0,"d":false,"h":1,"w":1,"color":"alpha"},{"row":1,"col":12,"x":12.25,"y":1,"r":0,"rx":0,"ry":0,"d":false,"h":1,"w":1,"color":"alpha"},{"row":2,"col":0,"x":0,"y":2,"r":0,"rx":0,"ry":0,"d":false,"h":1,"w":1,"color":"alpha"},{"row":2,"col":1,"x":1.25,"y":2,"r":0,"rx":0,"ry":0,"d":false,"h":1,"w":1,"color":"alpha"},{"row":2,"col":2,"x":2.25,"y":2,"r":0,"rx":0,"ry":0,"d":false,"h":1,"w":1,"color":"alpha"},{"row":2,"col":3,"x":3.25,"y":2,"r":0,"rx":0,"ry":0,"d":false,"h":1,"w":1,"color":"alpha"},{"row":2,"col":4,"x":4.25,"y":2,"r":0,"rx":0,"ry":0,"d":false,"h":1,"w":1,"color":"alpha"},{"row":2,"col":5,"x":5.25,"y":2,"r":0,"rx":0,"ry":0,"d":false,"h":1,"w":1,"color":"alpha"},{"row":2,"col":6,"x":6.25,"y":2,"r":0,"rx":0,"ry":0,"d":false,"h":1,"w":1,"color":"alpha"},{"row":2,"col":7,"x":7.25,"y":2,"r":0,"rx":0,"ry":0,"d":false,"h":1,"w":1,"color":"alpha"},{"row":2,"col":8,"x":8.25,"y":2,"r":0,"rx":0,"ry":0,"d":false,"h":1,"w":1,"color":"alpha"},{"row":2,"col":9,"x":9.25,"y":2,"r":0,"rx":0,"ry":0,"d":false,"h":1,"w":1,"color":"alpha"},{"row":2,"col":10,"x":10.25,"y":2,"r":0,"rx":0,"ry":0,"d":false,"h":1,"w":1,"color":"alpha"},{"row":2,"col":11,"x":11.25,"y":2,"r":0,"rx":0,"ry":0,"d":false,"h":1,"w":1,"color":"alpha"},{"row":2,"col":12,"x":12.25,"y":2,"r":0,"rx":0,"ry":0,"d":false,"h":1,"w":1,"color":"alpha"},{"row":3,"col":0,"x":0,"y":3,"r":0,"rx":0,"ry":0,"d":false,"h":1,"w":1,"color":"alpha"},{"row":3,"col":1,"x":1.25,"y":3,"r":0,"rx":0,"ry":0,"d":false,"h":1,"w":1,"color":"alpha"},{"row":3,"col":2,"x":2.25,"y":3,"r":0,"rx":0,"ry":0,"d":false,"h":1,"w":1,"color":"alpha"},{"row":3,"col":3,"x":3.25,"y":3,"r":0,"rx":0,"ry":0,"d":false,"h":1,"w":1,"color":"alpha"},{"row":3,"col":4,"x":4.25,"y":3,"r":0,"rx":0,"ry":0,"d":false,"h":1,"w":1,"color":"alpha"},{"row":3,"col":9,"x":9.25,"y":3,"r":0,"rx":0,"ry":0,"d":false,"h":1,"w":1,"color":"alpha"},{"row":3,"col":10,"x":10.25,"y":3,"r":0,"rx":0,"ry":0,"d":false,"h":1,"w":1,"color":"alpha"},{"row":3,"col":11,"x":11.25,"y":3,"r":0,"rx":0,"ry":0,"d":false,"h":1,"w":1,"color":"alpha"},{"row":3,"col":12,"x":12.25,"y":3,"r":0,"rx":0,"ry":0,"d":false,"h":1,"w":1,"color":"alpha"}]},"matrix":{"rows":4,"cols":13},"vendorProductId":1379996938}