{"name":"RAMA WORKS M6-B","lighting":{"extends":"wt_rgb_backlight","effects":[["All Off",0],["Solid Color 1",1],["Custom Colors",6],["Gradient Vertical Color 1/2",2],["Raindrops Color 1/2",2],["Cycle All",0],["Cycle Horizontal",0],["Cycle Vertical",0],["Jellybean Raindrops",0],["Radial All Hues",0],["Radial Color 1",1]],"supportedLightingValues":[7,8,9,10,11,12,13,14,15,16,17,18,19,20,21,23]},"layouts":{"width":3,"height":2,"optionKeys":{},"keys":[{"row":0,"col":0,"x":0,"y":0,"r":0,"rx":0,"ry":0,"d":false,"h":1,"w":1,"color":"alpha"},{"row":0,"col":1,"x":1,"y":0,"r":0,"rx":0,"ry":0,"d":false,"h":1,"w":1,"color":"alpha"},{"row":0,"col":2,"x":2,"y":0,"r":0,"rx":0,"ry":0,"d":false,"h":1,"w":1,"color":"alpha"},{"row":0,"col":3,"x":0,"y":1,"r":0,"rx":0,"ry":0,"d":false,"h":1,"w":1,"color":"alpha"},{"row":0,"col":4,"x":1,"y":1,"r":0,"rx":0,"ry":0,"d":false,"h":1,"w":1,"color":"alpha"},{"row":0,"col":5,"x":2,"y":1,"r":0,"rx":0,"ry":0,"d":false,"h":1,"w":1,"color":"alpha"}]},"matrix":{"rows":1,"cols":6},"vendorProductId":1379991659}