{"name":"Yeti RGB","lighting":{"extends":"none","keycodes":"qmk"},"layouts":{"width":17.7417,"height":5.984559291551565,"optionKeys":{},"keys":[{"row":0,"col":0,"x":0.4445,"y":0,"r":0,"rx":0,"ry":-0.0185,"d":false,"h":1,"w":1,"color":"mod"},{"row":0,"col":3,"x":3.6251,"y":0,"r":0,"rx":0,"ry":-0.0185,"d":false,"h":1,"w":1,"color":"alpha"},{"row":0,"col":12,"x":13.08,"y":0,"r":0,"rx":0,"ry":-0.0185,"d":false,"h":1,"w":1,"color":"alpha"},{"row":0,"col":14,"x":15.08,"y":0.1115,"r":0,"rx":0,"ry":-0.0185,"d":false,"h":1,"w":2,"color":"mod"},{"row":0,"col":13,"x":14.0823,"y":0.11189999999999985,"r":0,"rx":0,"ry":-0.0185,"d":false,"h":1,"w":1,"color":"alpha"},{"row":0,"col":2,"x":2.6484,"y":0.11209999999999982,"r":0,"rx":0,"ry":-0.0185,"d":false,"h":1,"w":1,"color":"alpha"},{"row":0,"col":1,"x":1.6506,"y":0.11219999999999981,"r":0,"rx":0,"ry":-0.0185,"d":false,"h":1,"w":1,"color":"accent"},{"row":1,"col":0,"x":0.2262,"y":0.9978999999999998,"r":0,"rx":0,"ry":-0.0185,"d":false,"h":1,"w":1,"color":"mod"},{"row":1,"col":11,"x":12.8,"y":1.0515,"r":0,"rx":0,"ry":-0.0185,"d":false,"h":1,"w":1,"color":"alpha"},{"row":1,"col":12,"x":13.8015,"y":1.1101,"r":0,"rx":0,"ry":-0.0185,"d":false,"h":1,"w":1,"color":"alpha"},{"row":1,"col":14,"x":15.7977,"y":1.1101,"r":0,"rx":0,"ry":-0.0185,"d":false,"h":1,"w":1.5,"color":"alpha"},{"row":1,"col":13,"x":14.7998,"y":1.1102,"r":0,"rx":0,"ry":-0.0185,"d":false,"h":1,"w":1,"color":"alpha"},{"row":1,"col":2,"x":2.9292,"y":1.1103000000000003,"r":0,"rx":0,"ry":-0.0185,"d":false,"h":1,"w":1,"color":"alpha"},{"row":1,"col":1,"x":1.4317,"y":1.1106,"r":0,"rx":0,"ry":-0.0185,"d":false,"h":1,"w":1.5,"color":"mod"},{"row":2,"col":0,"x":0,"y":1.9962000000000004,"r":0,"rx":0,"ry":-0.0185,"d":false,"h":1,"w":1,"color":"mod"},{"row":2,"col":14,"x":15.2718,"y":2.1081000000000003,"r":0,"rx":0,"ry":-0.0185,"d":false,"h":1,"w":2.25,"color":"accent"},{"row":2,"col":1,"x":1.2183,"y":2.1083000000000003,"r":0,"rx":0,"ry":-0.0185,"d":false,"h":1,"w":1.75,"color":"mod"},{"row":2,"col":11,"x":13.277000000000001,"y":2.1083000000000003,"r":0,"rx":0,"ry":-0.0185,"d":false,"h":1,"w":1,"color":"alpha"},{"row":2,"col":2,"x":2.9659,"y":2.1084,"r":0,"rx":0,"ry":-0.0185,"d":false,"h":1,"w":1,"color":"alpha"},{"row":2,"col":12,"x":14.2752,"y":2.1084,"r":0,"rx":0,"ry":-0.0185,"d":false,"h":1,"w":1,"color":"alpha"},{"row":3,"col":2,"x":3.2462,"y":3.1064000000000003,"r":0,"rx":0,"ry":-0.0185,"d":false,"h":1,"w":1,"color":"alpha"},{"row":3,"col":11,"x":12.9967,"y":3.1065,"r":0,"rx":0,"ry":-0.0185,"d":false,"h":1,"w":1,"color":"alpha"},{"row":3,"col":12,"x":13.994200000000001,"y":3.1065,"r":0,"rx":0,"ry":-0.0185,"d":false,"h":1,"w":1,"color":"alpha"},{"row":3,"col":14,"x":14.991700000000002,"y":3.1065,"r":0,"rx":0,"ry":-0.0185,"d":false,"h":1,"w":2.75,"color":"mod"},{"row":3,"col":1,"x":0.9996,"y":3.1069,"r":0,"rx":0,"ry":-0.0185,"d":false,"h":1,"w":2.25,"color":"mod"},{"row":4,"col":1,"x":1.0005,"y":4.104399999999999,"r":0,"rx":0,"ry":-0.0185,"d":false,"h":1,"w":1.5,"color":"mod"},{"row":4,"col":14,"x":16.0468,"y":4.107099999999999,"r":0,"rx":0,"ry":-0.0185,"d":false,"h":1,"w":1.5,"color":"mod"},{"row":4,"col":3,"x":3.9386,"y":4.0905,"r":12,"rx":3.9386,"ry":4.0905,"d":false,"h":1,"w":1.5,"color":"mod"},{"row":0,"col":4,"x":4.814,"y":0.1143,"r":12,"rx":4.6991,"ry":0.2073,"d":false,"h":1,"w":1,"color":"alpha"},{"row":0,"col":5,"x":5.814,"y":0.1143,"r":12,"rx":4.6991,"ry":0.2073,"d":false,"h":1,"w":1,"color":"alpha"},{"row":0,"col":6,"x":6.814,"y":0.1143,"r":12,"rx":4.6991,"ry":0.2073,"d":false,"h":1,"w":1,"color":"alpha"},{"row":0,"col":7,"x":7.814,"y":0.1143,"r":12,"rx":4.6991,"ry":0.2073,"d":false,"h":1,"w":1,"color":"alpha"},{"row":1,"col":3,"x":4.25,"y":1.1115000000000002,"r":12,"rx":4.6991,"ry":0.2073,"d":false,"h":1,"w":1,"color":"alpha"},{"row":1,"col":4,"x":5.25,"y":1.1115000000000002,"r":12,"rx":4.6991,"ry":0.2073,"d":false,"h":1,"w":1,"color":"alpha"},{"row":1,"col":5,"x":6.25,"y":1.1115000000000002,"r":12,"rx":4.6991,"ry":0.2073,"d":false,"h":1,"w":1,"color":"alpha"},{"row":1,"col":6,"x":7.25,"y":1.1115000000000002,"r":12,"rx":4.6991,"ry":0.2073,"d":false,"h":1,"w":1,"color":"alpha"},{"row":2,"col":3,"x":4.5,"y":2.1115,"r":12,"rx":4.6991,"ry":0.2073,"d":false,"h":1,"w":1,"color":"alpha"},{"row":2,"col":4,"x":5.5,"y":2.1115,"r":12,"rx":4.6991,"ry":0.2073,"d":false,"h":1,"w":1,"color":"alpha"},{"row":2,"col":5,"x":6.5,"y":2.1115,"r":12,"rx":4.6991,"ry":0.2073,"d":false,"h":1,"w":1,"color":"alpha"},{"row":2,"col":6,"x":7.5,"y":2.1115,"r":12,"rx":4.6991,"ry":0.2073,"d":false,"h":1,"w":1,"color":"alpha"},{"row":3,"col":3,"x":5,"y":3.1115,"r":12,"rx":4.6991,"ry":0.2073,"d":false,"h":1,"w":1,"color":"alpha"},{"row":3,"col":4,"x":6,"y":3.1115,"r":12,"rx":4.6991,"ry":0.2073,"d":false,"h":1,"w":1,"color":"alpha"},{"row":3,"col":5,"x":7,"y":3.1115,"r":12,"rx":4.6991,"ry":0.2073,"d":false,"h":1,"w":1,"color":"alpha"},{"row":3,"col":6,"x":8,"y":3.1115,"r":12,"rx":4.6991,"ry":0.2073,"d":false,"h":1,"w":1,"color":"alpha"},{"row":4,"col":5,"x":5.4334,"y":4.330699999999999,"r":12,"rx":5.4334,"ry":4.330699999999999,"d":false,"h":1,"w":2.25,"color":"alpha"},{"row":4,"col":6,"x":7.6342,"y":4.7985,"r":12,"rx":7.6342,"ry":4.7985,"d":false,"h":1,"w":1,"color":"mod"},{"row":0,"col":8,"x":9.0102,"y":0.8412000000000001,"r":-12,"rx":9.0102,"ry":0.8412000000000001,"d":false,"h":1,"w":1,"color":"alpha"},{"row":0,"col":9,"x":10.0102,"y":0.8412000000000001,"r":-12,"rx":9.0102,"ry":0.8412000000000001,"d":false,"h":1,"w":1,"color":"alpha"},{"row":0,"col":10,"x":11.0102,"y":0.8412000000000001,"r":-12,"rx":9.0102,"ry":0.8412000000000001,"d":false,"h":1,"w":1,"color":"alpha"},{"row":0,"col":11,"x":12.0102,"y":0.8412000000000001,"r":-12,"rx":9.0102,"ry":0.8412000000000001,"d":false,"h":1,"w":1,"color":"alpha"},{"row":1,"col":7,"x":8.51,"y":1.8415000000000001,"r":-12,"rx":9.0102,"ry":0.8412000000000001,"d":false,"h":1,"w":1,"color":"alpha"},{"row":1,"col":8,"x":9.51,"y":1.8415000000000001,"r":-12,"rx":9.0102,"ry":0.8412000000000001,"d":false,"h":1,"w":1,"color":"alpha"},{"row":1,"col":9,"x":10.51,"y":1.8415000000000001,"r":-12,"rx":9.0102,"ry":0.8412000000000001,"d":false,"h":1,"w":1,"color":"alpha"},{"row":1,"col":10,"x":11.51,"y":1.8415000000000001,"r":-12,"rx":9.0102,"ry":0.8412000000000001,"d":false,"h":1,"w":1,"color":"alpha"},{"row":2,"col":7,"x":8.76,"y":2.8415000000000004,"r":-12,"rx":9.0102,"ry":0.8412000000000001,"d":false,"h":1,"w":1,"color":"alpha"},{"row":2,"col":8,"x":9.76,"y":2.8415000000000004,"r":-12,"rx":9.0102,"ry":0.8412000000000001,"d":false,"h":1,"w":1,"color":"alpha"},{"row":2,"col":9,"x":10.76,"y":2.8415000000000004,"r":-12,"rx":9.0102,"ry":0.8412000000000001,"d":false,"h":1,"w":1,"color":"alpha"},{"row":2,"col":10,"x":11.76,"y":2.8415000000000004,"r":-12,"rx":9.0102,"ry":0.8412000000000001,"d":false,"h":1,"w":1,"color":"alpha"},{"row":3,"col":7,"x":8.26,"y":3.8415000000000004,"r":-12,"rx":9.0102,"ry":0.8412000000000001,"d":false,"h":1,"w":1,"color":"alpha"},{"row":3,"col":8,"x":9.26,"y":3.8415000000000004,"r":-12,"rx":9.0102,"ry":0.8412000000000001,"d":false,"h":1,"w":1,"color":"alpha"},{"row":3,"col":9,"x":10.26,"y":3.8415000000000004,"r":-12,"rx":9.0102,"ry":0.8412000000000001,"d":false,"h":1,"w":1,"color":"alpha"},{"row":3,"col":10,"x":11.26,"y":3.8415000000000004,"r":-12,"rx":9.0102,"ry":0.8412000000000001,"d":false,"h":1,"w":1,"color":"alpha"},{"row":4,"col":8,"x":9.1085,"y":4.9037999999999995,"r":-12,"rx":9.1085,"ry":4.9037999999999995,"d":false,"h":1,"w":2.75,"color":"alpha"},{"row":4,"col":10,"x":11.8366,"y":4.402399999999999,"r":-12,"rx":11.8366,"ry":4.402399999999999,"d":false,"h":1,"w":1.5,"color":"mod"}]},"matrix":{"rows":5,"cols":15},"vendorProductId":1381801886}