{"name":"ISO Macro","lighting":"qmk_backlight","layouts":{"labels":["Single Encoder"],"width":5.75,"height":2,"optionKeys":{"0":{"0":[{"row":2,"col":1,"x":0,"y":0,"r":0,"rx":-1.5,"ry":0,"d":false,"h":1,"w":1,"color":"mod"},{"row":2,"col":2,"x":0,"y":1,"r":0,"rx":-1.5,"ry":0,"d":false,"h":1,"w":1,"color":"mod"}],"1":[{"row":-1,"col":-1,"x":0,"y":0,"r":0,"rx":-1.5,"ry":0,"d":true,"h":1,"w":1,"color":"alpha"},{"row":2,"col":2,"x":0,"y":1,"r":0,"rx":-1.5,"ry":0,"d":false,"h":1,"w":1,"color":"mod"}]}},"keys":[{"row":0,"col":0,"x":1.25,"y":0,"r":0,"rx":-1.5,"ry":0,"d":false,"h":1,"w":1,"color":"alpha"},{"row":0,"col":1,"x":2.25,"y":0,"r":0,"rx":-1.5,"ry":0,"d":false,"h":1,"w":1,"color":"alpha"},{"row":0,"col":2,"x":3.25,"y":0,"r":0,"rx":-1.5,"ry":0,"d":false,"h":1,"w":1,"color":"alpha"},{"row":2,"col":0,"x":4.5,"y":0,"r":0,"rx":-1.5,"ry":0,"d":false,"h":2,"w":1.25,"w2":1.5,"x2":-0.25,"h2":1,"color":"alpha"},{"row":1,"col":0,"x":1.5,"y":1,"r":0,"rx":-1.5,"ry":0,"d":false,"h":1,"w":1,"color":"alpha"},{"row":1,"col":1,"x":2.5,"y":1,"r":0,"rx":-1.5,"ry":0,"d":false,"h":1,"w":1,"color":"alpha"},{"row":1,"col":2,"x":3.5,"y":1,"r":0,"rx":-1.5,"ry":0,"d":false,"h":1,"w":1,"color":"alpha"}]},"matrix":{"rows":3,"cols":3},"vendorProductId":1298469376}