{"name":"TW40","lighting":"qmk_rgblight","layouts":{"labels":["Split Right Shift","1.25u Right-hand keys",["Bottom Row","3 1.25u Split Space","4 1.25u Split Space","6.25u","7u"]],"width":15,"height":4,"optionKeys":{"0":{"0":[{"row":2,"col":11,"x":11.25,"y":2,"r":0,"rx":0,"ry":0,"d":false,"h":1,"w":1.75,"color":"mod"},{"row":2,"col":12,"x":13,"y":2,"r":0,"rx":0,"ry":0,"d":false,"h":1,"w":1,"color":"accent"},{"row":2,"col":13,"x":14,"y":2,"r":0,"rx":0,"ry":0,"d":false,"h":1,"w":1,"color":"mod"}],"1":[{"row":2,"col":11,"x":11.25,"y":2,"r":0,"rx":0,"ry":0,"d":false,"h":1,"w":1,"color":"alpha"},{"row":2,"col":12,"x":12.25,"y":2,"r":0,"rx":0,"ry":0,"d":false,"h":1,"w":2.75,"color":"mod"}]},"1":{"0":[{"row":3,"col":9,"x":10,"y":3,"r":0,"rx":0,"ry":0,"d":false,"h":1,"w":1,"color":"mod"},{"row":3,"col":10,"x":11,"y":3,"r":0,"rx":0,"ry":0,"d":false,"h":1,"w":1,"color":"mod"},{"row":3,"col":11,"x":12,"y":3,"r":0,"rx":0,"ry":0,"d":false,"h":1,"w":1,"color":"accent"},{"row":3,"col":12,"x":13,"y":3,"r":0,"rx":0,"ry":0,"d":false,"h":1,"w":1,"color":"accent"},{"row":3,"col":13,"x":14,"y":3,"r":0,"rx":0,"ry":0,"d":false,"h":1,"w":1,"color":"accent"}],"1":[{"row":3,"col":9,"x":10,"y":3,"r":0,"rx":0,"ry":0,"d":false,"h":1,"w":1.25,"color":"mod"},{"row":3,"col":11,"x":11.25,"y":3,"r":0,"rx":0,"ry":0,"d":false,"h":1,"w":1.25,"color":"mod"},{"row":3,"col":12,"x":12.5,"y":3,"r":0,"rx":0,"ry":0,"d":false,"h":1,"w":1.25,"color":"mod"},{"row":3,"col":13,"x":13.75,"y":3,"r":0,"rx":0,"ry":0,"d":false,"h":1,"w":1.25,"color":"mod"}]},"2":{"0":[{"row":3,"col":0,"x":0,"y":3,"r":0,"rx":0,"ry":0,"d":false,"h":1,"w":1.25,"color":"mod"},{"row":3,"col":1,"x":1.25,"y":3,"r":0,"rx":0,"ry":0,"d":false,"h":1,"w":1.25,"color":"mod"},{"row":3,"col":2,"x":2.5,"y":3,"r":0,"rx":0,"ry":0,"d":false,"h":1,"w":1.25,"color":"mod"},{"row":3,"col":3,"x":3.75,"y":3,"r":0,"rx":0,"ry":0,"d":false,"h":1,"w":2.25,"color":"alpha"},{"row":3,"col":4,"x":6,"y":3,"r":0,"rx":0,"ry":0,"d":false,"h":1,"w":1.25,"color":"mod"},{"row":3,"col":6,"x":7.25,"y":3,"r":0,"rx":0,"ry":0,"d":false,"h":1,"w":2.75,"color":"alpha"}],"1":[{"row":3,"col":0,"x":0,"y":3,"r":0,"rx":0,"ry":0,"d":false,"h":1,"w":1.25,"color":"mod"},{"row":3,"col":1,"x":1.25,"y":3,"r":0,"rx":0,"ry":0,"d":false,"h":1,"w":1.25,"color":"mod"},{"row":3,"col":2,"x":2.5,"y":3,"r":0,"rx":0,"ry":0,"d":false,"h":1,"w":1.25,"color":"mod"},{"row":3,"col":3,"x":3.75,"y":3,"r":0,"rx":0,"ry":0,"d":false,"h":1,"w":1.25,"color":"mod"},{"row":3,"col":4,"x":5,"y":3,"r":0,"rx":0,"ry":0,"d":false,"h":1,"w":2.25,"color":"alpha"},{"row":3,"col":5,"x":7.25,"y":3,"r":0,"rx":0,"ry":0,"d":false,"h":1,"w":1.25,"color":"mod"},{"row":3,"col":6,"x":8.5,"y":3,"r":0,"rx":0,"ry":0,"d":false,"h":1,"w":1.5,"color":"alpha"}],"2":[{"row":3,"col":0,"x":0,"y":3,"r":0,"rx":0,"ry":0,"d":false,"h":1,"w":1.25,"color":"mod"},{"row":3,"col":1,"x":1.25,"y":3,"r":0,"rx":0,"ry":0,"d":false,"h":1,"w":1.25,"color":"mod"},{"row":3,"col":2,"x":2.5,"y":3,"r":0,"rx":0,"ry":0,"d":false,"h":1,"w":1.25,"color":"mod"},{"row":3,"col":4,"x":3.75,"y":3,"r":0,"rx":0,"ry":0,"d":false,"h":1,"w":6.25,"color":"alpha"}],"3":[{"row":3,"col":0,"x":0,"y":3,"r":0,"rx":0,"ry":0,"d":false,"h":1,"w":1.5,"color":"mod"},{"row":3,"col":1,"x":1.5,"y":3,"r":0,"rx":0,"ry":0,"d":false,"h":1,"w":1.5,"color":"mod"},{"row":3,"col":4,"x":3,"y":3,"r":0,"rx":0,"ry":0,"d":false,"h":1,"w":7,"color":"alpha"}]}},"keys":[{"row":0,"col":0,"x":0,"y":0,"r":0,"rx":0,"ry":0,"d":false,"h":1,"w":1.5,"color":"mod"},{"row":0,"col":1,"x":1.5,"y":0,"r":0,"rx":0,"ry":0,"d":false,"h":1,"w":1,"color":"alpha"},{"row":0,"col":2,"x":2.5,"y":0,"r":0,"rx":0,"ry":0,"d":false,"h":1,"w":1,"color":"alpha"},{"row":0,"col":3,"x":3.5,"y":0,"r":0,"rx":0,"ry":0,"d":false,"h":1,"w":1,"color":"alpha"},{"row":0,"col":4,"x":4.5,"y":0,"r":0,"rx":0,"ry":0,"d":false,"h":1,"w":1,"color":"alpha"},{"row":0,"col":5,"x":5.5,"y":0,"r":0,"rx":0,"ry":0,"d":false,"h":1,"w":1,"color":"alpha"},{"row":0,"col":6,"x":6.5,"y":0,"r":0,"rx":0,"ry":0,"d":false,"h":1,"w":1,"color":"alpha"},{"row":0,"col":7,"x":7.5,"y":0,"r":0,"rx":0,"ry":0,"d":false,"h":1,"w":1,"color":"alpha"},{"row":0,"col":8,"x":8.5,"y":0,"r":0,"rx":0,"ry":0,"d":false,"h":1,"w":1,"color":"alpha"},{"row":0,"col":9,"x":9.5,"y":0,"r":0,"rx":0,"ry":0,"d":false,"h":1,"w":1,"color":"alpha"},{"row":0,"col":10,"x":10.5,"y":0,"r":0,"rx":0,"ry":0,"d":false,"h":1,"w":1,"color":"alpha"},{"row":0,"col":11,"x":11.5,"y":0,"r":0,"rx":0,"ry":0,"d":false,"h":1,"w":1,"color":"alpha"},{"row":0,"col":12,"x":12.5,"y":0,"r":0,"rx":0,"ry":0,"d":false,"h":1,"w":1,"color":"alpha"},{"row":0,"col":13,"x":13.5,"y":0,"r":0,"rx":0,"ry":0,"d":false,"h":1,"w":1.5,"color":"mod"},{"row":1,"col":0,"x":0,"y":1,"r":0,"rx":0,"ry":0,"d":false,"h":1,"w":1.75,"color":"mod"},{"row":1,"col":1,"x":1.75,"y":1,"r":0,"rx":0,"ry":0,"d":false,"h":1,"w":1,"color":"alpha"},{"row":1,"col":2,"x":2.75,"y":1,"r":0,"rx":0,"ry":0,"d":false,"h":1,"w":1,"color":"alpha"},{"row":1,"col":3,"x":3.75,"y":1,"r":0,"rx":0,"ry":0,"d":false,"h":1,"w":1,"color":"alpha"},{"row":1,"col":4,"x":4.75,"y":1,"r":0,"rx":0,"ry":0,"d":false,"h":1,"w":1,"color":"alpha"},{"row":1,"col":5,"x":5.75,"y":1,"r":0,"rx":0,"ry":0,"d":false,"h":1,"w":1,"color":"alpha"},{"row":1,"col":6,"x":6.75,"y":1,"r":0,"rx":0,"ry":0,"d":false,"h":1,"w":1,"color":"alpha"},{"row":1,"col":7,"x":7.75,"y":1,"r":0,"rx":0,"ry":0,"d":false,"h":1,"w":1,"color":"alpha"},{"row":1,"col":8,"x":8.75,"y":1,"r":0,"rx":0,"ry":0,"d":false,"h":1,"w":1,"color":"alpha"},{"row":1,"col":9,"x":9.75,"y":1,"r":0,"rx":0,"ry":0,"d":false,"h":1,"w":1,"color":"alpha"},{"row":1,"col":10,"x":10.75,"y":1,"r":0,"rx":0,"ry":0,"d":false,"h":1,"w":1,"color":"alpha"},{"row":1,"col":11,"x":11.75,"y":1,"r":0,"rx":0,"ry":0,"d":false,"h":1,"w":1,"color":"alpha"},{"row":1,"col":12,"x":12.75,"y":1,"r":0,"rx":0,"ry":0,"d":false,"h":1,"w":2.25,"color":"accent"},{"row":2,"col":0,"x":0,"y":2,"r":0,"rx":0,"ry":0,"d":false,"h":1,"w":2.25,"color":"mod"},{"row":2,"col":1,"x":2.25,"y":2,"r":0,"rx":0,"ry":0,"d":false,"h":1,"w":1,"color":"alpha"},{"row":2,"col":2,"x":3.25,"y":2,"r":0,"rx":0,"ry":0,"d":false,"h":1,"w":1,"color":"alpha"},{"row":2,"col":3,"x":4.25,"y":2,"r":0,"rx":0,"ry":0,"d":false,"h":1,"w":1,"color":"alpha"},{"row":2,"col":4,"x":5.25,"y":2,"r":0,"rx":0,"ry":0,"d":false,"h":1,"w":1,"color":"alpha"},{"row":2,"col":5,"x":6.25,"y":2,"r":0,"rx":0,"ry":0,"d":false,"h":1,"w":1,"color":"alpha"},{"row":2,"col":6,"x":7.25,"y":2,"r":0,"rx":0,"ry":0,"d":false,"h":1,"w":1,"color":"alpha"},{"row":2,"col":7,"x":8.25,"y":2,"r":0,"rx":0,"ry":0,"d":false,"h":1,"w":1,"color":"alpha"},{"row":2,"col":8,"x":9.25,"y":2,"r":0,"rx":0,"ry":0,"d":false,"h":1,"w":1,"color":"alpha"},{"row":2,"col":9,"x":10.25,"y":2,"r":0,"rx":0,"ry":0,"d":false,"h":1,"w":1,"color":"alpha"}]},"matrix":{"rows":4,"cols":14},"vendorProductId":1346196567}