{"name":"RART4X4","lighting":"qmk_rgblight","layouts":{"labels":["Left Encoder","Right Encoder"],"width":4,"height":4,"optionKeys":{"0":{"0":[{"row":0,"col":0,"x":0,"y":0,"r":0,"rx":0,"ry":-1,"d":false,"h":1,"w":1,"color":"alpha"}],"1":[{"row":0,"col":0,"x":0,"y":0,"r":0,"rx":0,"ry":-1,"d":false,"h":1,"w":1,"color":"alpha"}]},"1":{"0":[{"row":0,"col":3,"x":3,"y":0,"r":0,"rx":0,"ry":-1,"d":false,"h":1,"w":1,"color":"alpha"}],"1":[{"row":0,"col":3,"x":3,"y":0,"r":0,"rx":0,"ry":-1,"d":false,"h":1,"w":1,"color":"alpha"}]}},"keys":[{"row":0,"col":1,"x":1,"y":0,"r":0,"rx":0,"ry":-1,"d":false,"h":1,"w":1,"color":"alpha"},{"row":0,"col":2,"x":2,"y":0,"r":0,"rx":0,"ry":-1,"d":false,"h":1,"w":1,"color":"alpha"},{"row":1,"col":0,"x":0,"y":1,"r":0,"rx":0,"ry":-1,"d":false,"h":1,"w":1,"color":"alpha"},{"row":1,"col":1,"x":1,"y":1,"r":0,"rx":0,"ry":-1,"d":false,"h":1,"w":1,"color":"alpha"},{"row":1,"col":2,"x":2,"y":1,"r":0,"rx":0,"ry":-1,"d":false,"h":1,"w":1,"color":"alpha"},{"row":1,"col":3,"x":3,"y":1,"r":0,"rx":0,"ry":-1,"d":false,"h":1,"w":1,"color":"alpha"},{"row":2,"col":0,"x":0,"y":2,"r":0,"rx":0,"ry":-1,"d":false,"h":1,"w":1,"color":"alpha"},{"row":2,"col":1,"x":1,"y":2,"r":0,"rx":0,"ry":-1,"d":false,"h":1,"w":1,"color":"alpha"},{"row":2,"col":2,"x":2,"y":2,"r":0,"rx":0,"ry":-1,"d":false,"h":1,"w":1,"color":"alpha"},{"row":2,"col":3,"x":3,"y":2,"r":0,"rx":0,"ry":-1,"d":false,"h":1,"w":1,"color":"alpha"},{"row":3,"col":0,"x":0,"y":3,"r":0,"rx":0,"ry":-1,"d":false,"h":1,"w":1,"color":"alpha"},{"row":3,"col":1,"x":1,"y":3,"r":0,"rx":0,"ry":-1,"d":false,"h":1,"w":1,"color":"alpha"},{"row":3,"col":2,"x":2,"y":3,"r":0,"rx":0,"ry":-1,"d":false,"h":1,"w":1,"color":"alpha"},{"row":3,"col":3,"x":3,"y":3,"r":0,"rx":0,"ry":-1,"d":false,"h":1,"w":1,"color":"alpha"}]},"matrix":{"rows":4,"cols":4},"vendorProductId":1095499780}