{"name":"The Tiger Lily","lighting":"none","layouts":{"labels":[["Enter Key","ANSI","ISO"],"Left Shift"],"width":22.5,"height":6.5,"optionKeys":{"0":{"0":[{"row":3,"col":1,"x":13.5,"y":2.5,"r":0,"rx":-3,"ry":0,"d":false,"h":1,"w":1.5,"color":"alpha"},{"row":1,"col":1,"x":12.75,"y":3.5,"r":0,"rx":-3,"ry":0,"d":false,"h":1,"w":2.25,"color":"accent"}],"1":[{"row":1,"col":1,"x":13.75,"y":2.5,"r":0,"rx":-3,"ry":0,"d":false,"h":2,"w":1.25,"w2":1.5,"x2":-0.25,"h2":1,"color":"accent"},{"row":3,"col":1,"x":12.75,"y":3.5,"r":0,"rx":-3,"ry":0,"d":false,"h":1,"w":1,"color":"alpha"}]},"1":{"0":[{"row":2,"col":13,"x":0,"y":4.5,"r":0,"rx":-3,"ry":0,"d":false,"h":1,"w":2.25,"color":"mod"}],"1":[{"row":2,"col":13,"x":0,"y":4.5,"r":0,"rx":-3,"ry":0,"d":false,"h":1,"w":1.25,"color":"mod"},{"row":6,"col":8,"x":1.25,"y":4.5,"r":0,"rx":-3,"ry":0,"d":false,"h":1,"w":1,"color":"alpha"}]}},"keys":[{"row":6,"col":9,"x":0,"y":0,"r":0,"rx":-3,"ry":0,"d":false,"h":1,"w":1,"color":"accent"},{"row":4,"col":8,"x":2,"y":0,"r":0,"rx":-3,"ry":0,"d":false,"h":1,"w":1,"color":"alpha"},{"row":4,"col":7,"x":3,"y":0,"r":0,"rx":-3,"ry":0,"d":false,"h":1,"w":1,"color":"alpha"},{"row":2,"col":7,"x":4,"y":0,"r":0,"rx":-3,"ry":0,"d":false,"h":1,"w":1,"color":"alpha"},{"row":6,"col":7,"x":5,"y":0,"r":0,"rx":-3,"ry":0,"d":false,"h":1,"w":1,"color":"alpha"},{"row":7,"col":0,"x":6.5,"y":0,"r":0,"rx":-3,"ry":0,"d":false,"h":1,"w":1,"color":"mod"},{"row":6,"col":4,"x":7.5,"y":0,"r":0,"rx":-3,"ry":0,"d":false,"h":1,"w":1,"color":"mod"},{"row":2,"col":3,"x":8.5,"y":0,"r":0,"rx":-3,"ry":0,"d":false,"h":1,"w":1,"color":"mod"},{"row":4,"col":3,"x":9.5,"y":0,"r":0,"rx":-3,"ry":0,"d":false,"h":1,"w":1,"color":"mod"},{"row":4,"col":1,"x":11,"y":0,"r":0,"rx":-3,"ry":0,"d":false,"h":1,"w":1,"color":"alpha"},{"row":7,"col":1,"x":12,"y":0,"r":0,"rx":-3,"ry":0,"d":false,"h":1,"w":1,"color":"alpha"},{"row":6,"col":1,"x":13,"y":0,"r":0,"rx":-3,"ry":0,"d":false,"h":1,"w":1,"color":"alpha"},{"row":0,"col":1,"x":14,"y":0,"r":0,"rx":-3,"ry":0,"d":false,"h":1,"w":1,"color":"alpha"},{"row":7,"col":2,"x":15.25,"y":0,"r":0,"rx":-3,"ry":0,"d":false,"h":1,"w":1,"color":"mod"},{"row":5,"col":2,"x":16.25,"y":0,"r":0,"rx":-3,"ry":0,"d":false,"h":1,"w":1,"color":"mod"},{"row":5,"col":0,"x":17.25,"y":0,"r":0,"rx":-3,"ry":0,"d":false,"h":1,"w":1,"color":"mod"},{"row":4,"col":9,"x":0,"y":1.5,"r":0,"rx":-3,"ry":0,"d":false,"h":1,"w":1,"color":"alpha"},{"row":7,"col":9,"x":1,"y":1.5,"r":0,"rx":-3,"ry":0,"d":false,"h":1,"w":1,"color":"alpha"},{"row":7,"col":8,"x":2,"y":1.5,"r":0,"rx":-3,"ry":0,"d":false,"h":1,"w":1,"color":"alpha"},{"row":7,"col":7,"x":3,"y":1.5,"r":0,"rx":-3,"ry":0,"d":false,"h":1,"w":1,"color":"alpha"},{"row":7,"col":6,"x":4,"y":1.5,"r":0,"rx":-3,"ry":0,"d":false,"h":1,"w":1,"color":"alpha"},{"row":4,"col":6,"x":5,"y":1.5,"r":0,"rx":-3,"ry":0,"d":false,"h":1,"w":1,"color":"alpha"},{"row":4,"col":5,"x":6,"y":1.5,"r":0,"rx":-3,"ry":0,"d":false,"h":1,"w":1,"color":"alpha"},{"row":7,"col":5,"x":7,"y":1.5,"r":0,"rx":-3,"ry":0,"d":false,"h":1,"w":1,"color":"alpha"},{"row":7,"col":4,"x":8,"y":1.5,"r":0,"rx":-3,"ry":0,"d":false,"h":1,"w":1,"color":"alpha"},{"row":7,"col":3,"x":9,"y":1.5,"r":0,"rx":-3,"ry":0,"d":false,"h":1,"w":1,"color":"alpha"},{"row":7,"col":17,"x":10,"y":1.5,"r":0,"rx":-3,"ry":0,"d":false,"h":1,"w":1,"color":"alpha"},{"row":4,"col":17,"x":11,"y":1.5,"r":0,"rx":-3,"ry":0,"d":false,"h":1,"w":1,"color":"alpha"},{"row":4,"col":4,"x":12,"y":1.5,"r":0,"rx":-3,"ry":0,"d":false,"h":1,"w":1,"color":"alpha"},{"row":2,"col":1,"x":13,"y":1.5,"r":0,"rx":-3,"ry":0,"d":false,"h":1,"w":2,"color":"mod"},{"row":4,"col":11,"x":15.25,"y":1.5,"r":0,"rx":-3,"ry":0,"d":false,"h":1,"w":1,"color":"mod"},{"row":4,"col":14,"x":16.25,"y":1.5,"r":0,"rx":-3,"ry":0,"d":false,"h":1,"w":1,"color":"mod"},{"row":4,"col":16,"x":17.25,"y":1.5,"r":0,"rx":-3,"ry":0,"d":false,"h":1,"w":1,"color":"mod"},{"row":1,"col":10,"x":18.5,"y":1.5,"r":0,"rx":-3,"ry":0,"d":false,"h":1,"w":1,"color":"alpha"},{"row":1,"col":11,"x":19.5,"y":1.5,"r":0,"rx":-3,"ry":0,"d":false,"h":1,"w":1,"color":"alpha"},{"row":1,"col":16,"x":20.5,"y":1.5,"r":0,"rx":-3,"ry":0,"d":false,"h":1,"w":1,"color":"alpha"},{"row":0,"col":16,"x":21.5,"y":1.5,"r":0,"rx":-3,"ry":0,"d":false,"h":1,"w":1,"color":"alpha"},{"row":2,"col":9,"x":0,"y":2.5,"r":0,"rx":-3,"ry":0,"d":false,"h":1,"w":1.5,"color":"mod"},{"row":5,"col":9,"x":1.5,"y":2.5,"r":0,"rx":-3,"ry":0,"d":false,"h":1,"w":1,"color":"alpha"},{"row":5,"col":8,"x":2.5,"y":2.5,"r":0,"rx":-3,"ry":0,"d":false,"h":1,"w":1,"color":"alpha"},{"row":5,"col":7,"x":3.5,"y":2.5,"r":0,"rx":-3,"ry":0,"d":false,"h":1,"w":1,"color":"alpha"},{"row":5,"col":6,"x":4.5,"y":2.5,"r":0,"rx":-3,"ry":0,"d":false,"h":1,"w":1,"color":"alpha"},{"row":2,"col":6,"x":5.5,"y":2.5,"r":0,"rx":-3,"ry":0,"d":false,"h":1,"w":1,"color":"alpha"},{"row":2,"col":5,"x":6.5,"y":2.5,"r":0,"rx":-3,"ry":0,"d":false,"h":1,"w":1,"color":"alpha"},{"row":5,"col":5,"x":7.5,"y":2.5,"r":0,"rx":-3,"ry":0,"d":false,"h":1,"w":1,"color":"alpha"},{"row":5,"col":4,"x":8.5,"y":2.5,"r":0,"rx":-3,"ry":0,"d":false,"h":1,"w":1,"color":"alpha"},{"row":5,"col":3,"x":9.5,"y":2.5,"r":0,"rx":-3,"ry":0,"d":false,"h":1,"w":1,"color":"alpha"},{"row":5,"col":17,"x":10.5,"y":2.5,"r":0,"rx":-3,"ry":0,"d":false,"h":1,"w":1,"color":"alpha"},{"row":2,"col":17,"x":11.5,"y":2.5,"r":0,"rx":-3,"ry":0,"d":false,"h":1,"w":1,"color":"alpha"},{"row":2,"col":4,"x":12.5,"y":2.5,"r":0,"rx":-3,"ry":0,"d":false,"h":1,"w":1,"color":"alpha"},{"row":4,"col":10,"x":15.25,"y":2.5,"r":0,"rx":-3,"ry":0,"d":false,"h":1,"w":1,"color":"mod"},{"row":7,"col":14,"x":16.25,"y":2.5,"r":0,"rx":-3,"ry":0,"d":false,"h":1,"w":1,"color":"mod"},{"row":7,"col":16,"x":17.25,"y":2.5,"r":0,"rx":-3,"ry":0,"d":false,"h":1,"w":1,"color":"mod"},{"row":5,"col":10,"x":18.5,"y":2.5,"r":0,"rx":-3,"ry":0,"d":false,"h":1,"w":1,"color":"alpha"},{"row":5,"col":11,"x":19.5,"y":2.5,"r":0,"rx":-3,"ry":0,"d":false,"h":1,"w":1,"color":"alpha"},{"row":5,"col":16,"x":20.5,"y":2.5,"r":0,"rx":-3,"ry":0,"d":false,"h":1,"w":1,"color":"alpha"},{"row":5,"col":14,"x":21.5,"y":2.5,"r":0,"rx":-3,"ry":0,"d":false,"h":2,"w":1,"color":"alpha"},{"row":2,"col":8,"x":0,"y":3.5,"r":0,"rx":-3,"ry":0,"d":false,"h":1,"w":1.75,"color":"mod"},{"row":3,"col":9,"x":1.75,"y":3.5,"r":0,"rx":-3,"ry":0,"d":false,"h":1,"w":1,"color":"alpha"},{"row":3,"col":8,"x":2.75,"y":3.5,"r":0,"rx":-3,"ry":0,"d":false,"h":1,"w":1,"color":"alpha"},{"row":3,"col":7,"x":3.75,"y":3.5,"r":0,"rx":-3,"ry":0,"d":false,"h":1,"w":1,"color":"alpha"},{"row":3,"col":6,"x":4.75,"y":3.5,"r":0,"rx":-3,"ry":0,"d":false,"h":1,"w":1,"color":"alpha"},{"row":6,"col":6,"x":5.75,"y":3.5,"r":0,"rx":-3,"ry":0,"d":false,"h":1,"w":1,"color":"alpha"},{"row":6,"col":5,"x":6.75,"y":3.5,"r":0,"rx":-3,"ry":0,"d":false,"h":1,"w":1,"color":"alpha"},{"row":3,"col":5,"x":7.75,"y":3.5,"r":0,"rx":-3,"ry":0,"d":false,"h":1,"w":1,"color":"alpha"},{"row":3,"col":4,"x":8.75,"y":3.5,"r":0,"rx":-3,"ry":0,"d":false,"h":1,"w":1,"color":"alpha"},{"row":3,"col":3,"x":9.75,"y":3.5,"r":0,"rx":-3,"ry":0,"d":false,"h":1,"w":1,"color":"alpha"},{"row":3,"col":17,"x":10.75,"y":3.5,"r":0,"rx":-3,"ry":0,"d":false,"h":1,"w":1,"color":"alpha"},{"row":6,"col":17,"x":11.75,"y":3.5,"r":0,"rx":-3,"ry":0,"d":false,"h":1,"w":1,"color":"alpha"},{"row":2,"col":10,"x":18.5,"y":3.5,"r":0,"rx":-3,"ry":0,"d":false,"h":1,"w":1,"color":"alpha"},{"row":2,"col":11,"x":19.5,"y":3.5,"r":0,"rx":-3,"ry":0,"d":false,"h":1,"w":1,"color":"alpha"},{"row":2,"col":16,"x":20.5,"y":3.5,"r":0,"rx":-3,"ry":0,"d":false,"h":1,"w":1,"color":"alpha"},{"row":1,"col":9,"x":2.25,"y":4.5,"r":0,"rx":-3,"ry":0,"d":false,"h":1,"w":1,"color":"alpha"},{"row":1,"col":8,"x":3.25,"y":4.5,"r":0,"rx":-3,"ry":0,"d":false,"h":1,"w":1,"color":"alpha"},{"row":1,"col":7,"x":4.25,"y":4.5,"r":0,"rx":-3,"ry":0,"d":false,"h":1,"w":1,"color":"alpha"},{"row":1,"col":6,"x":5.25,"y":4.5,"r":0,"rx":-3,"ry":0,"d":false,"h":1,"w":1,"color":"alpha"},{"row":0,"col":6,"x":6.25,"y":4.5,"r":0,"rx":-3,"ry":0,"d":false,"h":1,"w":1,"color":"alpha"},{"row":0,"col":5,"x":7.25,"y":4.5,"r":0,"rx":-3,"ry":0,"d":false,"h":1,"w":1,"color":"alpha"},{"row":1,"col":5,"x":8.25,"y":4.5,"r":0,"rx":-3,"ry":0,"d":false,"h":1,"w":1,"color":"alpha"},{"row":1,"col":4,"x":9.25,"y":4.5,"r":0,"rx":-3,"ry":0,"d":false,"h":1,"w":1,"color":"alpha"},{"row":1,"col":3,"x":10.25,"y":4.5,"r":0,"rx":-3,"ry":0,"d":false,"h":1,"w":1,"color":"alpha"},{"row":0,"col":17,"x":11.25,"y":4.5,"r":0,"rx":-3,"ry":0,"d":false,"h":1,"w":1,"color":"alpha"},{"row":3,"col":13,"x":12.25,"y":4.5,"r":0,"rx":-3,"ry":0,"d":false,"h":1,"w":2.75,"color":"mod"},{"row":6,"col":14,"x":16.25,"y":4.5,"r":0,"rx":-3,"ry":0,"d":false,"h":1,"w":1,"color":"mod"},{"row":3,"col":10,"x":18.5,"y":4.5,"r":0,"rx":-3,"ry":0,"d":false,"h":1,"w":1,"color":"alpha"},{"row":3,"col":11,"x":19.5,"y":4.5,"r":0,"rx":-3,"ry":0,"d":false,"h":1,"w":1,"color":"alpha"},{"row":3,"col":16,"x":20.5,"y":4.5,"r":0,"rx":-3,"ry":0,"d":false,"h":1,"w":1,"color":"alpha"},{"row":3,"col":14,"x":21.5,"y":4.5,"r":0,"rx":-3,"ry":0,"d":false,"h":2,"w":1,"color":"alpha"},{"row":4,"col":0,"x":0,"y":5.5,"r":0,"rx":-3,"ry":0,"d":false,"h":1,"w":1.25,"color":"mod"},{"row":2,"col":15,"x":1.25,"y":5.5,"r":0,"rx":-3,"ry":0,"d":false,"h":1,"w":1.25,"color":"mod"},{"row":6,"col":2,"x":2.5,"y":5.5,"r":0,"rx":-3,"ry":0,"d":false,"h":1,"w":1.25,"color":"mod"},{"row":6,"col":10,"x":3.75,"y":5.5,"r":0,"rx":-3,"ry":0,"d":false,"h":1,"w":6.25,"color":"alpha"},{"row":0,"col":2,"x":10,"y":5.5,"r":0,"rx":-3,"ry":0,"d":false,"h":1,"w":1.25,"color":"mod"},{"row":3,"col":12,"x":11.25,"y":5.5,"r":0,"rx":-3,"ry":0,"d":false,"h":1,"w":1.25,"color":"mod"},{"row":0,"col":3,"x":12.5,"y":5.5,"r":0,"rx":-3,"ry":0,"d":false,"h":1,"w":1.25,"color":"mod"},{"row":1,"col":0,"x":13.75,"y":5.5,"r":0,"rx":-3,"ry":0,"d":false,"h":1,"w":1.25,"color":"mod"},{"row":0,"col":14,"x":15.25,"y":5.5,"r":0,"rx":-3,"ry":0,"d":false,"h":1,"w":1,"color":"mod"},{"row":0,"col":10,"x":16.25,"y":5.5,"r":0,"rx":-3,"ry":0,"d":false,"h":1,"w":1,"color":"mod"},{"row":0,"col":11,"x":17.25,"y":5.5,"r":0,"rx":-3,"ry":0,"d":false,"h":1,"w":1,"color":"mod"},{"row":6,"col":11,"x":18.5,"y":5.5,"r":0,"rx":-3,"ry":0,"d":false,"h":1,"w":2,"color":"alpha"},{"row":6,"col":16,"x":20.5,"y":5.5,"r":0,"rx":-3,"ry":0,"d":false,"h":1,"w":1,"color":"alpha"}]},"matrix":{"rows":8,"cols":18},"vendorProductId":1111839820}