{"name":"Jorne","lighting":"qmk_rgblight","layouts":{"width":17.5,"height":5.059103465619133,"optionKeys":{},"keys":[{"row":0,"col":3,"x":4,"y":0,"r":0,"rx":0,"ry":-1,"d":false,"h":1,"w":1,"color":"alpha"},{"row":4,"col":3,"x":12.5,"y":0,"r":0,"rx":0,"ry":-1,"d":false,"h":1,"w":1,"color":"alpha"},{"row":4,"col":4,"x":11.5,"y":0.125,"r":0,"rx":0,"ry":-1,"d":false,"h":1,"w":1,"color":"alpha"},{"row":4,"col":2,"x":13.5,"y":0.125,"r":0,"rx":0,"ry":-1,"d":false,"h":1,"w":1,"color":"alpha"},{"row":0,"col":2,"x":3,"y":0.1299999999999999,"r":0,"rx":0,"ry":-1,"d":false,"h":1,"w":1,"color":"alpha"},{"row":0,"col":4,"x":5,"y":0.1299999999999999,"r":0,"rx":0,"ry":-1,"d":false,"h":1,"w":1,"color":"alpha"},{"row":0,"col":5,"x":6,"y":0.25,"r":0,"rx":0,"ry":-1,"d":false,"h":1,"w":1,"color":"alpha"},{"row":4,"col":5,"x":10.5,"y":0.25,"r":0,"rx":0,"ry":-1,"d":false,"h":1,"w":1,"color":"alpha"},{"row":4,"col":1,"x":14.5,"y":0.375,"r":0,"rx":0,"ry":-1,"d":false,"h":1,"w":1,"color":"alpha"},{"row":4,"col":0,"x":15.5,"y":0.375,"r":0,"rx":0,"ry":-1,"d":false,"h":1,"w":1,"color":"alpha"},{"row":0,"col":0,"x":1,"y":0.3799999999999999,"r":0,"rx":0,"ry":-1,"d":false,"h":1,"w":1,"color":"alpha"},{"row":0,"col":1,"x":2,"y":0.3799999999999999,"r":0,"rx":0,"ry":-1,"d":false,"h":1,"w":1,"color":"alpha"},{"row":1,"col":3,"x":4,"y":1,"r":0,"rx":0,"ry":-1,"d":false,"h":1,"w":1,"color":"alpha"},{"row":5,"col":3,"x":12.5,"y":1,"r":0,"rx":0,"ry":-1,"d":false,"h":1,"w":1,"color":"alpha"},{"row":5,"col":2,"x":13.5,"y":1.125,"r":0,"rx":0,"ry":-1,"d":false,"h":1,"w":1,"color":"alpha"},{"row":3,"col":0,"x":0,"y":1.13,"r":0,"rx":0,"ry":-1,"d":false,"h":1,"w":1,"color":"mod"},{"row":1,"col":2,"x":3,"y":1.13,"r":0,"rx":0,"ry":-1,"d":false,"h":1,"w":1,"color":"alpha"},{"row":1,"col":4,"x":5,"y":1.13,"r":0,"rx":0,"ry":-1,"d":false,"h":1,"w":1,"color":"alpha"},{"row":5,"col":4,"x":11.5,"y":1.13,"r":0,"rx":0,"ry":-1,"d":false,"h":1,"w":1,"color":"alpha"},{"row":7,"col":0,"x":16.5,"y":1.13,"r":0,"rx":0,"ry":-1,"d":false,"h":1,"w":1,"color":"mod"},{"row":1,"col":5,"x":6,"y":1.25,"r":0,"rx":0,"ry":-1,"d":false,"h":1,"w":1,"color":"alpha"},{"row":5,"col":5,"x":10.5,"y":1.25,"r":0,"rx":0,"ry":-1,"d":false,"h":1,"w":1,"color":"alpha"},{"row":5,"col":1,"x":14.5,"y":1.375,"r":0,"rx":0,"ry":-1,"d":false,"h":1,"w":1,"color":"alpha"},{"row":5,"col":0,"x":15.5,"y":1.375,"r":0,"rx":0,"ry":-1,"d":false,"h":1,"w":1,"color":"mod"},{"row":1,"col":0,"x":1,"y":1.38,"r":0,"rx":0,"ry":-1,"d":false,"h":1,"w":1,"color":"mod"},{"row":1,"col":1,"x":2,"y":1.38,"r":0,"rx":0,"ry":-1,"d":false,"h":1,"w":1,"color":"alpha"},{"row":2,"col":3,"x":4,"y":2,"r":0,"rx":0,"ry":-1,"d":false,"h":1,"w":1,"color":"alpha"},{"row":6,"col":3,"x":12.5,"y":2,"r":0,"rx":0,"ry":-1,"d":false,"h":1,"w":1,"color":"alpha"},{"row":2,"col":2,"x":3,"y":2.13,"r":0,"rx":0,"ry":-1,"d":false,"h":1,"w":1,"color":"alpha"},{"row":2,"col":4,"x":5,"y":2.13,"r":0,"rx":0,"ry":-1,"d":false,"h":1,"w":1,"color":"alpha"},{"row":6,"col":4,"x":11.5,"y":2.13,"r":0,"rx":0,"ry":-1,"d":false,"h":1,"w":1,"color":"alpha"},{"row":6,"col":2,"x":13.5,"y":2.13,"r":0,"rx":0,"ry":-1,"d":false,"h":1,"w":1,"color":"alpha"},{"row":2,"col":5,"x":6,"y":2.25,"r":0,"rx":0,"ry":-1,"d":false,"h":1,"w":1,"color":"alpha"},{"row":6,"col":5,"x":10.5,"y":2.25,"r":0,"rx":0,"ry":-1,"d":false,"h":1,"w":1,"color":"alpha"},{"row":2,"col":0,"x":1,"y":2.38,"r":0,"rx":0,"ry":-1,"d":false,"h":1,"w":1,"color":"mod"},{"row":2,"col":1,"x":2,"y":2.38,"r":0,"rx":0,"ry":-1,"d":false,"h":1,"w":1,"color":"alpha"},{"row":6,"col":1,"x":14.5,"y":2.38,"r":0,"rx":0,"ry":-1,"d":false,"h":1,"w":1,"color":"alpha"},{"row":6,"col":0,"x":15.5,"y":2.38,"r":0,"rx":0,"ry":-1,"d":false,"h":1,"w":1,"color":"mod"},{"row":3,"col":3,"x":4.5,"y":3.25,"r":0,"rx":0,"ry":-1,"d":false,"h":1,"w":1,"color":"accent"},{"row":7,"col":3,"x":12,"y":3.25,"r":0,"rx":0,"ry":-1,"d":false,"h":1,"w":1,"color":"accent"},{"row":3,"col":4,"x":4.5,"y":3.0999999999999996,"r":15,"rx":4.5,"ry":8.1,"d":false,"h":1,"w":1,"color":"accent"},{"row":3,"col":5,"x":4.5,"y":3.000000000000001,"r":30,"rx":5.4,"ry":8.3,"d":false,"h":1.5,"w":1,"color":"accent"},{"row":7,"col":5,"x":11.9,"y":3.500000000000001,"r":-30,"rx":11.1,"ry":8.3,"d":false,"h":1.5,"w":1,"color":"accent"},{"row":7,"col":4,"x":11.98,"y":3.3499999999999996,"r":-15,"rx":12,"ry":8.1,"d":false,"h":1,"w":1,"color":"accent"}]},"matrix":{"rows":8,"cols":6},"vendorProductId":1196621825}