{"name":"Kabe Don 78S","lighting":{"extends":"qmk_rgblight","underglowEffects":[["All Off",0],["Solid Color",1],["Solid - Highlighted Mods",1],["Vertical Gradient",1],["Horizontal Gradient",1],["Breathing",1],["Colorband - Saturation",1],["Colorband - Brightness",1],["Pinwheel - Saturation",1],["Pinwheel - Brightness",1],["Spiral - Saturation",1],["Spiral - Brightness",1],["Cycle All",0],["Cycle Horizontal",1],["Cycle Vertical",1],["Rainbow Chevron",1],["Cycle - In/Out",1],["Cycle - In/Out Dual",1],["Cycle - Pinwheel",1],["Cycle - Spiral",1],["Dual Beacon",1],["Rainbow Beacon",1],["Rainbow Pinwheels",1],["Raindrops",1],["Jellybean Raindrops",1]]},"layouts":{"labels":["Function Row","Macro Columns","Extra Numpad Keys","Split Numpad Plus","Split Numpad Enter","Split Numpad Zero"],"width":21.5,"height":6.25,"optionKeys":{"0":{"0":[{"row":0,"col":0,"x":1.25,"y":0,"r":0,"rx":-1,"ry":-1,"d":false,"h":1,"w":1,"color":"accent"},{"row":0,"col":1,"x":3,"y":0,"r":0,"rx":-1,"ry":-1,"d":false,"h":1,"w":1,"color":"alpha"},{"row":0,"col":2,"x":4,"y":0,"r":0,"rx":-1,"ry":-1,"d":false,"h":1,"w":1,"color":"alpha"},{"row":0,"col":3,"x":5,"y":0,"r":0,"rx":-1,"ry":-1,"d":false,"h":1,"w":1,"color":"alpha"},{"row":0,"col":4,"x":6,"y":0,"r":0,"rx":-1,"ry":-1,"d":false,"h":1,"w":1,"color":"alpha"},{"row":0,"col":5,"x":7.5,"y":0,"r":0,"rx":-1,"ry":-1,"d":false,"h":1,"w":1,"color":"mod"},{"row":0,"col":7,"x":9.5,"y":0,"r":0,"rx":-1,"ry":-1,"d":false,"h":1,"w":1,"color":"mod"},{"row":0,"col":8,"x":10.5,"y":0,"r":0,"rx":-1,"ry":-1,"d":false,"h":1,"w":1,"color":"mod"},{"row":0,"col":9,"x":11.5,"y":0,"r":0,"rx":-1,"ry":-1,"d":false,"h":1,"w":1,"color":"mod"},{"row":0,"col":10,"x":13,"y":0,"r":0,"rx":-1,"ry":-1,"d":false,"h":1,"w":1,"color":"alpha"},{"row":0,"col":11,"x":14,"y":0,"r":0,"rx":-1,"ry":-1,"d":false,"h":1,"w":1,"color":"alpha"},{"row":0,"col":12,"x":15,"y":0,"r":0,"rx":-1,"ry":-1,"d":false,"h":1,"w":1,"color":"alpha"},{"row":0,"col":13,"x":16,"y":0,"r":0,"rx":-1,"ry":-1,"d":false,"h":1,"w":1,"color":"alpha"}],"1":[{"row":-1,"col":-1,"x":1.25,"y":0,"r":0,"rx":-1,"ry":-1,"d":true,"h":1,"w":1,"color":"alpha"},{"row":-1,"col":-1,"x":3,"y":0,"r":0,"rx":-1,"ry":-1,"d":true,"h":1,"w":1,"color":"alpha"},{"row":-1,"col":-1,"x":4,"y":0,"r":0,"rx":-1,"ry":-1,"d":true,"h":1,"w":1,"color":"alpha"},{"row":-1,"col":-1,"x":5,"y":0,"r":0,"rx":-1,"ry":-1,"d":true,"h":1,"w":1,"color":"alpha"},{"row":-1,"col":-1,"x":6,"y":0,"r":0,"rx":-1,"ry":-1,"d":true,"h":1,"w":1,"color":"alpha"},{"row":-1,"col":-1,"x":7.5,"y":0,"r":0,"rx":-1,"ry":-1,"d":true,"h":1,"w":1,"color":"alpha"},{"row":-1,"col":-1,"x":9.5,"y":0,"r":0,"rx":-1,"ry":-1,"d":true,"h":1,"w":1,"color":"alpha"},{"row":-1,"col":-1,"x":10.5,"y":0,"r":0,"rx":-1,"ry":-1,"d":true,"h":1,"w":1,"color":"alpha"},{"row":-1,"col":-1,"x":11.5,"y":0,"r":0,"rx":-1,"ry":-1,"d":true,"h":1,"w":1,"color":"alpha"},{"row":-1,"col":-1,"x":13,"y":0,"r":0,"rx":-1,"ry":-1,"d":true,"h":1,"w":1,"color":"alpha"},{"row":-1,"col":-1,"x":14,"y":0,"r":0,"rx":-1,"ry":-1,"d":true,"h":1,"w":1,"color":"alpha"},{"row":-1,"col":-1,"x":15,"y":0,"r":0,"rx":-1,"ry":-1,"d":true,"h":1,"w":1,"color":"alpha"},{"row":-1,"col":-1,"x":16,"y":0,"r":0,"rx":-1,"ry":-1,"d":true,"h":1,"w":1,"color":"alpha"}]},"1":{"0":[{"row":1,"col":6,"x":0,"y":1.25,"r":0,"rx":-1,"ry":-1,"d":false,"h":1,"w":1,"color":"alpha"},{"row":2,"col":6,"x":0,"y":2.25,"r":0,"rx":-1,"ry":-1,"d":false,"h":1,"w":1,"color":"alpha"},{"row":3,"col":6,"x":0,"y":3.25,"r":0,"rx":-1,"ry":-1,"d":false,"h":1,"w":1,"color":"alpha"},{"row":4,"col":6,"x":0,"y":4.25,"r":0,"rx":-1,"ry":-1,"d":false,"h":1,"w":1,"color":"alpha"},{"row":5,"col":6,"x":0,"y":5.25,"r":0,"rx":-1,"ry":-1,"d":false,"h":1,"w":1,"color":"alpha"}],"1":[{"row":-1,"col":-1,"x":0,"y":1.25,"r":0,"rx":-1,"ry":-1,"d":true,"h":1,"w":1,"color":"alpha"},{"row":-1,"col":-1,"x":0,"y":2.25,"r":0,"rx":-1,"ry":-1,"d":true,"h":1,"w":1,"color":"alpha"},{"row":-1,"col":-1,"x":0,"y":3.25,"r":0,"rx":-1,"ry":-1,"d":true,"h":1,"w":1,"color":"alpha"},{"row":-1,"col":-1,"x":0,"y":4.25,"r":0,"rx":-1,"ry":-1,"d":true,"h":1,"w":1,"color":"alpha"},{"row":-1,"col":-1,"x":0,"y":5.25,"r":0,"rx":-1,"ry":-1,"d":true,"h":1,"w":1,"color":"alpha"}]},"2":{"0":[{"row":0,"col":14,"x":17.5,"y":0,"r":0,"rx":-1,"ry":-1,"d":false,"h":1,"w":1,"color":"mod"},{"row":0,"col":15,"x":18.5,"y":0,"r":0,"rx":-1,"ry":-1,"d":false,"h":1,"w":1,"color":"mod"},{"row":0,"col":16,"x":19.5,"y":0,"r":0,"rx":-1,"ry":-1,"d":false,"h":1,"w":1,"color":"mod"},{"row":0,"col":17,"x":20.5,"y":0,"r":0,"rx":-1,"ry":-1,"d":false,"h":1,"w":1,"color":"mod"}],"1":[{"row":-1,"col":-1,"x":17.5,"y":0,"r":0,"rx":-1,"ry":-1,"d":true,"h":1,"w":1,"color":"alpha"},{"row":-1,"col":-1,"x":18.5,"y":0,"r":0,"rx":-1,"ry":-1,"d":true,"h":1,"w":1,"color":"alpha"},{"row":-1,"col":-1,"x":19.5,"y":0,"r":0,"rx":-1,"ry":-1,"d":true,"h":1,"w":1,"color":"alpha"},{"row":-1,"col":-1,"x":20.5,"y":0,"r":0,"rx":-1,"ry":-1,"d":true,"h":1,"w":1,"color":"alpha"}]},"3":{"0":[{"row":2,"col":17,"x":20.5,"y":2.25,"r":0,"rx":-1,"ry":-1,"d":false,"h":2,"w":1,"color":"mod"}],"1":[{"row":2,"col":17,"x":20.5,"y":2.25,"r":0,"rx":-1,"ry":-1,"d":false,"h":1,"w":1,"color":"mod"},{"row":3,"col":17,"x":20.5,"y":3.25,"r":0,"rx":-1,"ry":-1,"d":false,"h":1,"w":1,"color":"mod"}]},"4":{"0":[{"row":4,"col":17,"x":20.5,"y":4.25,"r":0,"rx":-1,"ry":-1,"d":false,"h":2,"w":1,"color":"mod"}],"1":[{"row":4,"col":17,"x":20.5,"y":4.25,"r":0,"rx":-1,"ry":-1,"d":false,"h":1,"w":1,"color":"mod"},{"row":5,"col":17,"x":20.5,"y":5.25,"r":0,"rx":-1,"ry":-1,"d":false,"h":1,"w":1,"color":"mod"}]},"5":{"0":[{"row":5,"col":14,"x":17.5,"y":5.25,"r":0,"rx":-1,"ry":-1,"d":false,"h":1,"w":2,"color":"alpha"}],"1":[{"row":5,"col":14,"x":17.5,"y":5.25,"r":0,"rx":-1,"ry":-1,"d":false,"h":1,"w":1,"color":"alpha"},{"row":5,"col":15,"x":18.5,"y":5.25,"r":0,"rx":-1,"ry":-1,"d":false,"h":1,"w":1,"color":"alpha"}]}},"keys":[{"row":1,"col":0,"x":1.25,"y":1.25,"r":0,"rx":-1,"ry":-1,"d":false,"h":1,"w":1,"color":"alpha"},{"row":1,"col":1,"x":2.25,"y":1.25,"r":0,"rx":-1,"ry":-1,"d":false,"h":1,"w":1,"color":"alpha"},{"row":1,"col":2,"x":3.25,"y":1.25,"r":0,"rx":-1,"ry":-1,"d":false,"h":1,"w":1,"color":"alpha"},{"row":1,"col":3,"x":4.25,"y":1.25,"r":0,"rx":-1,"ry":-1,"d":false,"h":1,"w":1,"color":"alpha"},{"row":1,"col":4,"x":5.25,"y":1.25,"r":0,"rx":-1,"ry":-1,"d":false,"h":1,"w":1,"color":"alpha"},{"row":1,"col":5,"x":6.25,"y":1.25,"r":0,"rx":-1,"ry":-1,"d":false,"h":1,"w":1,"color":"alpha"},{"row":5,"col":5,"x":7.25,"y":1.25,"r":0,"rx":-1,"ry":-1,"d":false,"h":1,"w":1,"color":"alpha"},{"row":1,"col":7,"x":9,"y":1.25,"r":0,"rx":-1,"ry":-1,"d":false,"h":1,"w":1,"color":"alpha"},{"row":1,"col":8,"x":10,"y":1.25,"r":0,"rx":-1,"ry":-1,"d":false,"h":1,"w":1,"color":"alpha"},{"row":1,"col":9,"x":11,"y":1.25,"r":0,"rx":-1,"ry":-1,"d":false,"h":1,"w":1,"color":"alpha"},{"row":1,"col":10,"x":12,"y":1.25,"r":0,"rx":-1,"ry":-1,"d":false,"h":1,"w":1,"color":"alpha"},{"row":1,"col":11,"x":13,"y":1.25,"r":0,"rx":-1,"ry":-1,"d":false,"h":1,"w":1,"color":"alpha"},{"row":1,"col":12,"x":14,"y":1.25,"r":0,"rx":-1,"ry":-1,"d":false,"h":1,"w":1,"color":"alpha"},{"row":1,"col":13,"x":15,"y":1.25,"r":0,"rx":-1,"ry":-1,"d":false,"h":1,"w":2,"color":"accent"},{"row":1,"col":14,"x":17.5,"y":1.25,"r":0,"rx":-1,"ry":-1,"d":false,"h":1,"w":1,"color":"accent"},{"row":1,"col":15,"x":18.5,"y":1.25,"r":0,"rx":-1,"ry":-1,"d":false,"h":1,"w":1,"color":"mod"},{"row":1,"col":16,"x":19.5,"y":1.25,"r":0,"rx":-1,"ry":-1,"d":false,"h":1,"w":1,"color":"mod"},{"row":1,"col":17,"x":20.5,"y":1.25,"r":0,"rx":-1,"ry":-1,"d":false,"h":1,"w":1,"color":"mod"},{"row":2,"col":0,"x":1.25,"y":2.25,"r":0,"rx":-1,"ry":-1,"d":false,"h":1,"w":1.5,"color":"mod"},{"row":2,"col":1,"x":2.75,"y":2.25,"r":0,"rx":-1,"ry":-1,"d":false,"h":1,"w":1,"color":"alpha"},{"row":2,"col":2,"x":3.75,"y":2.25,"r":0,"rx":-1,"ry":-1,"d":false,"h":1,"w":1,"color":"alpha"},{"row":2,"col":3,"x":4.75,"y":2.25,"r":0,"rx":-1,"ry":-1,"d":false,"h":1,"w":1,"color":"alpha"},{"row":2,"col":4,"x":5.75,"y":2.25,"r":0,"rx":-1,"ry":-1,"d":false,"h":1,"w":1,"color":"alpha"},{"row":2,"col":5,"x":6.75,"y":2.25,"r":0,"rx":-1,"ry":-1,"d":false,"h":1,"w":1,"color":"alpha"},{"row":5,"col":7,"x":8.5,"y":2.25,"r":0,"rx":-1,"ry":-1,"d":false,"h":1,"w":1,"color":"alpha"},{"row":2,"col":7,"x":9.5,"y":2.25,"r":0,"rx":-1,"ry":-1,"d":false,"h":1,"w":1,"color":"alpha"},{"row":2,"col":8,"x":10.5,"y":2.25,"r":0,"rx":-1,"ry":-1,"d":false,"h":1,"w":1,"color":"alpha"},{"row":2,"col":9,"x":11.5,"y":2.25,"r":0,"rx":-1,"ry":-1,"d":false,"h":1,"w":1,"color":"alpha"},{"row":2,"col":10,"x":12.5,"y":2.25,"r":0,"rx":-1,"ry":-1,"d":false,"h":1,"w":1,"color":"alpha"},{"row":2,"col":11,"x":13.5,"y":2.25,"r":0,"rx":-1,"ry":-1,"d":false,"h":1,"w":1,"color":"alpha"},{"row":2,"col":12,"x":14.5,"y":2.25,"r":0,"rx":-1,"ry":-1,"d":false,"h":1,"w":1,"color":"alpha"},{"row":2,"col":13,"x":15.5,"y":2.25,"r":0,"rx":-1,"ry":-1,"d":false,"h":1,"w":1.5,"color":"alpha"},{"row":2,"col":14,"x":17.5,"y":2.25,"r":0,"rx":-1,"ry":-1,"d":false,"h":1,"w":1,"color":"alpha"},{"row":2,"col":15,"x":18.5,"y":2.25,"r":0,"rx":-1,"ry":-1,"d":false,"h":1,"w":1,"color":"alpha"},{"row":2,"col":16,"x":19.5,"y":2.25,"r":0,"rx":-1,"ry":-1,"d":false,"h":1,"w":1,"color":"alpha"},{"row":3,"col":0,"x":1.25,"y":3.25,"r":0,"rx":-1,"ry":-1,"d":false,"h":1,"w":1.75,"color":"mod"},{"row":3,"col":1,"x":3,"y":3.25,"r":0,"rx":-1,"ry":-1,"d":false,"h":1,"w":1,"color":"alpha"},{"row":3,"col":2,"x":4,"y":3.25,"r":0,"rx":-1,"ry":-1,"d":false,"h":1,"w":1,"color":"alpha"},{"row":3,"col":3,"x":5,"y":3.25,"r":0,"rx":-1,"ry":-1,"d":false,"h":1,"w":1,"color":"alpha"},{"row":3,"col":4,"x":6,"y":3.25,"r":0,"rx":-1,"ry":-1,"d":false,"h":1,"w":1,"color":"alpha"},{"row":3,"col":5,"x":7,"y":3.25,"r":0,"rx":-1,"ry":-1,"d":false,"h":1,"w":1,"color":"alpha"},{"row":3,"col":7,"x":8.75,"y":3.25,"r":0,"rx":-1,"ry":-1,"d":false,"h":1,"w":1,"color":"alpha"},{"row":3,"col":8,"x":9.75,"y":3.25,"r":0,"rx":-1,"ry":-1,"d":false,"h":1,"w":1,"color":"alpha"},{"row":3,"col":9,"x":10.75,"y":3.25,"r":0,"rx":-1,"ry":-1,"d":false,"h":1,"w":1,"color":"alpha"},{"row":3,"col":10,"x":11.75,"y":3.25,"r":0,"rx":-1,"ry":-1,"d":false,"h":1,"w":1,"color":"alpha"},{"row":3,"col":11,"x":12.75,"y":3.25,"r":0,"rx":-1,"ry":-1,"d":false,"h":1,"w":1,"color":"alpha"},{"row":3,"col":12,"x":13.75,"y":3.25,"r":0,"rx":-1,"ry":-1,"d":false,"h":1,"w":1,"color":"alpha"},{"row":3,"col":13,"x":14.75,"y":3.25,"r":0,"rx":-1,"ry":-1,"d":false,"h":1,"w":2.25,"color":"accent"},{"row":3,"col":14,"x":17.5,"y":3.25,"r":0,"rx":-1,"ry":-1,"d":false,"h":1,"w":1,"color":"alpha"},{"row":3,"col":15,"x":18.5,"y":3.25,"r":0,"rx":-1,"ry":-1,"d":false,"h":1,"w":1,"color":"alpha"},{"row":3,"col":16,"x":19.5,"y":3.25,"r":0,"rx":-1,"ry":-1,"d":false,"h":1,"w":1,"color":"alpha"},{"row":4,"col":0,"x":1.25,"y":4.25,"r":0,"rx":-1,"ry":-1,"d":false,"h":1,"w":2.25,"color":"mod"},{"row":4,"col":1,"x":3.5,"y":4.25,"r":0,"rx":-1,"ry":-1,"d":false,"h":1,"w":1,"color":"alpha"},{"row":4,"col":2,"x":4.5,"y":4.25,"r":0,"rx":-1,"ry":-1,"d":false,"h":1,"w":1,"color":"alpha"},{"row":4,"col":3,"x":5.5,"y":4.25,"r":0,"rx":-1,"ry":-1,"d":false,"h":1,"w":1,"color":"alpha"},{"row":4,"col":4,"x":6.5,"y":4.25,"r":0,"rx":-1,"ry":-1,"d":false,"h":1,"w":1,"color":"alpha"},{"row":4,"col":5,"x":7.5,"y":4.25,"r":0,"rx":-1,"ry":-1,"d":false,"h":1,"w":1,"color":"alpha"},{"row":4,"col":7,"x":9.25,"y":4.25,"r":0,"rx":-1,"ry":-1,"d":false,"h":1,"w":1,"color":"alpha"},{"row":4,"col":8,"x":10.25,"y":4.25,"r":0,"rx":-1,"ry":-1,"d":false,"h":1,"w":1,"color":"alpha"},{"row":4,"col":9,"x":11.25,"y":4.25,"r":0,"rx":-1,"ry":-1,"d":false,"h":1,"w":1,"color":"alpha"},{"row":4,"col":10,"x":12.25,"y":4.25,"r":0,"rx":-1,"ry":-1,"d":false,"h":1,"w":1,"color":"alpha"},{"row":4,"col":11,"x":13.25,"y":4.25,"r":0,"rx":-1,"ry":-1,"d":false,"h":1,"w":1.75,"color":"alpha"},{"row":4,"col":12,"x":15,"y":4.25,"r":0,"rx":-1,"ry":-1,"d":false,"h":1,"w":1,"color":"accent"},{"row":4,"col":13,"x":16,"y":4.25,"r":0,"rx":-1,"ry":-1,"d":false,"h":1,"w":1,"color":"alpha"},{"row":4,"col":14,"x":17.5,"y":4.25,"r":0,"rx":-1,"ry":-1,"d":false,"h":1,"w":1,"color":"alpha"},{"row":4,"col":15,"x":18.5,"y":4.25,"r":0,"rx":-1,"ry":-1,"d":false,"h":1,"w":1,"color":"alpha"},{"row":4,"col":16,"x":19.5,"y":4.25,"r":0,"rx":-1,"ry":-1,"d":false,"h":1,"w":1,"color":"alpha"},{"row":5,"col":0,"x":1.25,"y":5.25,"r":0,"rx":-1,"ry":-1,"d":false,"h":1,"w":1.25,"color":"mod"},{"row":5,"col":1,"x":2.5,"y":5.25,"r":0,"rx":-1,"ry":-1,"d":false,"h":1,"w":1,"color":"mod"},{"row":5,"col":2,"x":3.5,"y":5.25,"r":0,"rx":-1,"ry":-1,"d":false,"h":1,"w":1,"color":"mod"},{"row":5,"col":3,"x":4.5,"y":5.25,"r":0,"rx":-1,"ry":-1,"d":false,"h":1,"w":1.25,"color":"mod"},{"row":5,"col":4,"x":5.75,"y":5.25,"r":0,"rx":-1,"ry":-1,"d":false,"h":1,"w":2.75,"color":"accent"},{"row":5,"col":8,"x":9.25,"y":5.25,"r":0,"rx":-1,"ry":-1,"d":false,"h":1,"w":2.25,"color":"accent"},{"row":5,"col":9,"x":11.5,"y":5.25,"r":0,"rx":-1,"ry":-1,"d":false,"h":1,"w":1.25,"color":"mod"},{"row":5,"col":10,"x":12.75,"y":5.25,"r":0,"rx":-1,"ry":-1,"d":false,"h":1,"w":1.25,"color":"mod"},{"row":5,"col":11,"x":14,"y":5.25,"r":0,"rx":-1,"ry":-1,"d":false,"h":1,"w":1,"color":"accent"},{"row":5,"col":12,"x":15,"y":5.25,"r":0,"rx":-1,"ry":-1,"d":false,"h":1,"w":1,"color":"accent"},{"row":5,"col":13,"x":16,"y":5.25,"r":0,"rx":-1,"ry":-1,"d":false,"h":1,"w":1,"color":"accent"},{"row":5,"col":16,"x":19.5,"y":5.25,"r":0,"rx":-1,"ry":-1,"d":false,"h":1,"w":1,"color":"alpha"}]},"matrix":{"rows":6,"cols":18},"vendorProductId":1262761784}