{"name":"KiwiKey Wanderland","lighting":"qmk_backlight_rgblight","layouts":{"labels":["Split Backspace","2.75u Right Shift"],"width":18.25,"height":5.989659369130841,"optionKeys":{"0":{"0":[{"row":1,"col":11,"x":15.5,"y":0.1500000000000001,"r":0,"rx":0,"ry":-0.1,"d":false,"h":1,"w":2,"color":"mod"}],"1":[{"row":1,"col":11,"x":15.5,"y":0.1500000000000001,"r":0,"rx":0,"ry":-0.1,"d":false,"h":1,"w":1,"color":"mod"},{"row":1,"col":12,"x":16.5,"y":0.1500000000000001,"r":0,"rx":0,"ry":-0.1,"d":false,"h":1,"w":1,"color":"mod"}]},"1":{"0":[{"row":5,"col":11,"x":15.5,"y":3.15,"r":0,"rx":0,"ry":-0.1,"d":false,"h":1,"w":1.75,"color":"mod"},{"row":4,"col":12,"x":17.25,"y":3.15,"r":0,"rx":0,"ry":-0.1,"d":false,"h":1,"w":1,"color":"mod"}],"1":[{"row":5,"col":11,"x":15.5,"y":3.15,"r":0,"rx":0,"ry":-0.1,"d":false,"h":1,"w":2.75,"color":"mod"}]}},"keys":[{"row":0,"col":2,"x":0.75,"y":0,"r":0,"rx":0,"ry":-0.1,"d":false,"h":1,"w":1,"color":"accent"},{"row":1,"col":2,"x":4,"y":0,"r":0,"rx":0,"ry":-0.1,"d":false,"h":1,"w":1,"color":"alpha"},{"row":1,"col":9,"x":13.5,"y":0,"r":0,"rx":0,"ry":-0.1,"d":false,"h":1,"w":1,"color":"alpha"},{"row":1,"col":0,"x":2,"y":0.15,"r":0,"rx":0,"ry":-0.1,"d":false,"h":1,"w":1,"color":"alpha"},{"row":1,"col":1,"x":3,"y":0.15,"r":0,"rx":0,"ry":-0.1,"d":false,"h":1,"w":1,"color":"alpha"},{"row":1,"col":10,"x":14.5,"y":0.15,"r":0,"rx":0,"ry":-0.1,"d":false,"h":1,"w":1,"color":"alpha"},{"row":0,"col":1,"x":0.5,"y":1,"r":0,"rx":0,"ry":-0.1,"d":false,"h":1,"w":1,"color":"mod"},{"row":2,"col":9,"x":13.25,"y":1.05,"r":0,"rx":0,"ry":-0.1,"d":false,"h":1,"w":1,"color":"alpha"},{"row":2,"col":0,"x":1.75,"y":1.1500000000000004,"r":0,"rx":0,"ry":-0.1,"d":false,"h":1,"w":1.5,"color":"mod"},{"row":2,"col":1,"x":3.25,"y":1.1500000000000004,"r":0,"rx":0,"ry":-0.1,"d":false,"h":1,"w":1,"color":"alpha"},{"row":2,"col":10,"x":14.25,"y":1.1500000000000004,"r":0,"rx":0,"ry":-0.1,"d":false,"h":1,"w":1,"color":"alpha"},{"row":2,"col":11,"x":15.25,"y":1.1500000000000004,"r":0,"rx":0,"ry":-0.1,"d":false,"h":1,"w":1,"color":"alpha"},{"row":2,"col":12,"x":16.25,"y":1.1500000000000004,"r":0,"rx":0,"ry":-0.1,"d":false,"h":1,"w":1.5,"color":"mod"},{"row":0,"col":0,"x":0.25,"y":2.0000000000000004,"r":0,"rx":0,"ry":-0.1,"d":false,"h":1,"w":1,"color":"mod"},{"row":3,"col":0,"x":1.5,"y":2.1500000000000004,"r":0,"rx":0,"ry":-0.1,"d":false,"h":1,"w":1.75,"color":"mod"},{"row":3,"col":1,"x":3.25,"y":2.1500000000000004,"r":0,"rx":0,"ry":-0.1,"d":false,"h":1,"w":1,"color":"alpha"},{"row":3,"col":10,"x":13.75,"y":2.1500000000000004,"r":0,"rx":0,"ry":-0.1,"d":false,"h":1,"w":1,"color":"alpha"},{"row":3,"col":11,"x":14.75,"y":2.1500000000000004,"r":0,"rx":0,"ry":-0.1,"d":false,"h":1,"w":1,"color":"alpha"},{"row":3,"col":12,"x":15.75,"y":2.1500000000000004,"r":0,"rx":0,"ry":-0.1,"d":false,"h":1,"w":2.25,"color":"accent"},{"row":0,"col":3,"x":0,"y":3.0000000000000004,"r":0,"rx":0,"ry":-0.1,"d":false,"h":1,"w":1,"color":"mod"},{"row":4,"col":0,"x":1.25,"y":3.15,"r":0,"rx":0,"ry":-0.1,"d":false,"h":1,"w":2.25,"color":"mod"},{"row":4,"col":1,"x":3.5,"y":3.15,"r":0,"rx":0,"ry":-0.1,"d":false,"h":1,"w":1,"color":"alpha"},{"row":4,"col":10,"x":13.5,"y":3.15,"r":0,"rx":0,"ry":-0.1,"d":false,"h":1,"w":1,"color":"alpha"},{"row":4,"col":11,"x":14.5,"y":3.15,"r":0,"rx":0,"ry":-0.1,"d":false,"h":1,"w":1,"color":"alpha"},{"row":5,"col":0,"x":1.25,"y":4.15,"r":0,"rx":0,"ry":-0.1,"d":false,"h":1,"w":1.5,"color":"mod"},{"row":5,"col":12,"x":16.5,"y":4.15,"r":0,"rx":0,"ry":-0.1,"d":false,"h":1,"w":1.5,"color":"mod"},{"row":1,"col":3,"x":5,"y":0.20000000000000004,"r":12,"rx":5.5,"ry":0.9,"d":false,"h":1,"w":1,"color":"alpha"},{"row":1,"col":4,"x":6,"y":0.20000000000000004,"r":12,"rx":5.5,"ry":0.9,"d":false,"h":1,"w":1,"color":"alpha"},{"row":1,"col":5,"x":7,"y":0.20000000000000004,"r":12,"rx":5.5,"ry":0.9,"d":false,"h":1,"w":1,"color":"alpha"},{"row":0,"col":5,"x":8,"y":0.20000000000000004,"r":12,"rx":5.5,"ry":0.9,"d":false,"h":1,"w":1,"color":"alpha"},{"row":2,"col":2,"x":4.5,"y":1.2,"r":12,"rx":5.5,"ry":0.9,"d":false,"h":1,"w":1,"color":"alpha"},{"row":2,"col":3,"x":5.5,"y":1.2,"r":12,"rx":5.5,"ry":0.9,"d":false,"h":1,"w":1,"color":"alpha"},{"row":2,"col":4,"x":6.5,"y":1.2,"r":12,"rx":5.5,"ry":0.9,"d":false,"h":1,"w":1,"color":"alpha"},{"row":2,"col":5,"x":7.5,"y":1.2,"r":12,"rx":5.5,"ry":0.9,"d":false,"h":1,"w":1,"color":"alpha"},{"row":3,"col":2,"x":4.75,"y":2.1999999999999997,"r":12,"rx":5.5,"ry":0.9,"d":false,"h":1,"w":1,"color":"alpha"},{"row":3,"col":3,"x":5.75,"y":2.1999999999999997,"r":12,"rx":5.5,"ry":0.9,"d":false,"h":1,"w":1,"color":"alpha"},{"row":3,"col":4,"x":6.75,"y":2.1999999999999997,"r":12,"rx":5.5,"ry":0.9,"d":false,"h":1,"w":1,"color":"alpha"},{"row":3,"col":5,"x":7.75,"y":2.1999999999999997,"r":12,"rx":5.5,"ry":0.9,"d":false,"h":1,"w":1,"color":"alpha"},{"row":4,"col":2,"x":5.25,"y":3.1999999999999997,"r":12,"rx":5.5,"ry":0.9,"d":false,"h":1,"w":1,"color":"alpha"},{"row":4,"col":3,"x":6.25,"y":3.1999999999999997,"r":12,"rx":5.5,"ry":0.9,"d":false,"h":1,"w":1,"color":"alpha"},{"row":4,"col":4,"x":7.25,"y":3.1999999999999997,"r":12,"rx":5.5,"ry":0.9,"d":false,"h":1,"w":1,"color":"alpha"},{"row":4,"col":5,"x":8.25,"y":3.1999999999999997,"r":12,"rx":5.5,"ry":0.9,"d":false,"h":1,"w":1,"color":"alpha"},{"row":5,"col":3,"x":6.25,"y":4.2,"r":12,"rx":5.5,"ry":0.9,"d":false,"h":1,"w":2.25,"color":"accent"},{"row":5,"col":5,"x":8.5,"y":4.2,"r":12,"rx":5.5,"ry":0.9,"d":false,"h":1,"w":1.25,"color":"mod"},{"row":5,"col":2,"x":5,"y":4.3,"r":12,"rx":5.5,"ry":0.9,"d":false,"h":1,"w":1.25,"color":"mod"},{"row":0,"col":6,"x":10,"y":0.15,"r":-12,"rx":13,"ry":3.4,"d":false,"h":1,"w":1,"color":"alpha"},{"row":1,"col":6,"x":11,"y":0.15,"r":-12,"rx":13,"ry":3.4,"d":false,"h":1,"w":1,"color":"alpha"},{"row":1,"col":7,"x":12,"y":0.15,"r":-12,"rx":13,"ry":3.4,"d":false,"h":1,"w":1,"color":"alpha"},{"row":1,"col":8,"x":13,"y":0.15,"r":-12,"rx":13,"ry":3.4,"d":false,"h":1,"w":1,"color":"alpha"},{"row":0,"col":7,"x":9.5,"y":1.15,"r":-12,"rx":13,"ry":3.4,"d":false,"h":1,"w":1,"color":"alpha"},{"row":2,"col":6,"x":10.5,"y":1.15,"r":-12,"rx":13,"ry":3.4,"d":false,"h":1,"w":1,"color":"alpha"},{"row":2,"col":7,"x":11.5,"y":1.15,"r":-12,"rx":13,"ry":3.4,"d":false,"h":1,"w":1,"color":"alpha"},{"row":2,"col":8,"x":12.5,"y":1.15,"r":-12,"rx":13,"ry":3.4,"d":false,"h":1,"w":1,"color":"alpha"},{"row":3,"col":6,"x":9.75,"y":2.15,"r":-12,"rx":13,"ry":3.4,"d":false,"h":1,"w":1,"color":"alpha"},{"row":3,"col":7,"x":10.75,"y":2.15,"r":-12,"rx":13,"ry":3.4,"d":false,"h":1,"w":1,"color":"alpha"},{"row":3,"col":8,"x":11.75,"y":2.15,"r":-12,"rx":13,"ry":3.4,"d":false,"h":1,"w":1,"color":"alpha"},{"row":3,"col":9,"x":12.75,"y":2.15,"r":-12,"rx":13,"ry":3.4,"d":false,"h":1,"w":1,"color":"alpha"},{"row":4,"col":6,"x":9.25,"y":3.15,"r":-12,"rx":13,"ry":3.4,"d":false,"h":1,"w":1,"color":"alpha"},{"row":4,"col":7,"x":10.25,"y":3.15,"r":-12,"rx":13,"ry":3.4,"d":false,"h":1,"w":1,"color":"alpha"},{"row":4,"col":8,"x":11.25,"y":3.15,"r":-12,"rx":13,"ry":3.4,"d":false,"h":1,"w":1,"color":"alpha"},{"row":4,"col":9,"x":12.25,"y":3.15,"r":-12,"rx":13,"ry":3.4,"d":false,"h":1,"w":1,"color":"alpha"},{"row":5,"col":7,"x":9.25,"y":4.15,"r":-12,"rx":13,"ry":3.4,"d":false,"h":1,"w":2.75,"color":"accent"},{"row":5,"col":9,"x":12,"y":4.25,"r":-12,"rx":13,"ry":3.4,"d":false,"h":1,"w":1.5,"color":"mod"}]},"matrix":{"rows":6,"cols":13},"vendorProductId":1264015180}