{"name":"DimplePlus","lighting":"qmk_backlight_rgblight","layouts":{"labels":[["Backspace","Split","2U"],["Enter","1.25U","2.25U","ISO"],["Bottom Row","Split","7U"]],"width":12.5,"height":5.25,"optionKeys":{"0":{"0":[{"row":0,"col":10,"x":10.5,"y":0,"r":0,"rx":0,"ry":0,"d":false,"h":1,"w":1,"color":"alpha"},{"row":0,"col":11,"x":11.5,"y":0,"r":0,"rx":0,"ry":0,"d":false,"h":1,"w":1,"color":"alpha"}],"1":[{"row":0,"col":10,"x":10.5,"y":0,"r":0,"rx":0,"ry":0,"d":false,"h":1,"w":2,"color":"accent"}]},"1":{"0":[{"row":1,"col":11,"x":11,"y":1.25,"r":0,"rx":0,"ry":0,"d":false,"h":1,"w":1.5,"color":"accent"},{"row":2,"col":10,"x":10.25,"y":2.25,"r":0,"rx":0,"ry":0,"d":false,"h":1,"w":1,"color":"mod"},{"row":2,"col":11,"x":11.25,"y":2.25,"r":0,"rx":0,"ry":0,"d":false,"h":1,"w":1.25,"color":"accent"}],"1":[{"row":1,"col":11,"x":11,"y":1.25,"r":0,"rx":0,"ry":0,"d":false,"h":1,"w":1.5,"color":"accent"},{"row":2,"col":11,"x":10.25,"y":2.25,"r":0,"rx":0,"ry":0,"d":false,"h":1,"w":2.25,"color":"accent"}],"2":[{"row":1,"col":11,"x":11.25,"y":1.25,"r":0,"rx":0,"ry":0,"d":false,"h":2,"w":1.25,"w2":1.5,"x2":-0.25,"h2":1,"color":"accent"},{"row":2,"col":10,"x":10.25,"y":2.25,"r":0,"rx":0,"ry":0,"d":false,"h":1,"w":1,"color":"alpha"}]},"2":{"0":[{"row":4,"col":3,"x":2.75,"y":4.25,"r":0,"rx":0,"ry":0,"d":false,"h":1,"w":1,"color":"accent"},{"row":4,"col":4,"x":3.75,"y":4.25,"r":0,"rx":0,"ry":0,"d":false,"h":1,"w":2.25,"color":"accent"},{"row":4,"col":6,"x":6,"y":4.25,"r":0,"rx":0,"ry":0,"d":false,"h":1,"w":2.75,"color":"accent"},{"row":4,"col":7,"x":8.75,"y":4.25,"r":0,"rx":0,"ry":0,"d":false,"h":1,"w":1,"color":"accent"}],"1":[{"row":4,"col":4,"x":2.75,"y":4.25,"r":0,"rx":0,"ry":0,"d":false,"h":1,"w":7,"color":"accent"}]}},"keys":[{"row":0,"col":0,"x":0,"y":0,"r":0,"rx":0,"ry":0,"d":false,"h":1,"w":1,"color":"accent"},{"row":0,"col":1,"x":1.5,"y":0,"r":0,"rx":0,"ry":0,"d":false,"h":1,"w":1,"color":"alpha"},{"row":0,"col":2,"x":2.5,"y":0,"r":0,"rx":0,"ry":0,"d":false,"h":1,"w":1,"color":"alpha"},{"row":0,"col":3,"x":3.5,"y":0,"r":0,"rx":0,"ry":0,"d":false,"h":1,"w":1,"color":"alpha"},{"row":0,"col":4,"x":4.5,"y":0,"r":0,"rx":0,"ry":0,"d":false,"h":1,"w":1,"color":"alpha"},{"row":0,"col":5,"x":5.5,"y":0,"r":0,"rx":0,"ry":0,"d":false,"h":1,"w":1,"color":"alpha"},{"row":0,"col":6,"x":6.5,"y":0,"r":0,"rx":0,"ry":0,"d":false,"h":1,"w":1,"color":"alpha"},{"row":0,"col":7,"x":7.5,"y":0,"r":0,"rx":0,"ry":0,"d":false,"h":1,"w":1,"color":"alpha"},{"row":0,"col":8,"x":8.5,"y":0,"r":0,"rx":0,"ry":0,"d":false,"h":1,"w":1,"color":"alpha"},{"row":0,"col":9,"x":9.5,"y":0,"r":0,"rx":0,"ry":0,"d":false,"h":1,"w":1,"color":"alpha"},{"row":1,"col":0,"x":0,"y":1.25,"r":0,"rx":0,"ry":0,"d":false,"h":1,"w":1,"color":"mod"},{"row":1,"col":1,"x":1,"y":1.25,"r":0,"rx":0,"ry":0,"d":false,"h":1,"w":1,"color":"mod"},{"row":1,"col":2,"x":2,"y":1.25,"r":0,"rx":0,"ry":0,"d":false,"h":1,"w":1,"color":"mod"},{"row":1,"col":3,"x":3,"y":1.25,"r":0,"rx":0,"ry":0,"d":false,"h":1,"w":1,"color":"mod"},{"row":1,"col":4,"x":4,"y":1.25,"r":0,"rx":0,"ry":0,"d":false,"h":1,"w":1,"color":"mod"},{"row":1,"col":5,"x":5,"y":1.25,"r":0,"rx":0,"ry":0,"d":false,"h":1,"w":1,"color":"mod"},{"row":1,"col":6,"x":6,"y":1.25,"r":0,"rx":0,"ry":0,"d":false,"h":1,"w":1,"color":"mod"},{"row":1,"col":7,"x":7,"y":1.25,"r":0,"rx":0,"ry":0,"d":false,"h":1,"w":1,"color":"mod"},{"row":1,"col":8,"x":8,"y":1.25,"r":0,"rx":0,"ry":0,"d":false,"h":1,"w":1,"color":"mod"},{"row":1,"col":9,"x":9,"y":1.25,"r":0,"rx":0,"ry":0,"d":false,"h":1,"w":1,"color":"mod"},{"row":1,"col":10,"x":10,"y":1.25,"r":0,"rx":0,"ry":0,"d":false,"h":1,"w":1,"color":"mod"},{"row":2,"col":0,"x":0,"y":2.25,"r":0,"rx":0,"ry":0,"d":false,"h":1,"w":1.25,"color":"accent"},{"row":2,"col":1,"x":1.25,"y":2.25,"r":0,"rx":0,"ry":0,"d":false,"h":1,"w":1,"color":"mod"},{"row":2,"col":2,"x":2.25,"y":2.25,"r":0,"rx":0,"ry":0,"d":false,"h":1,"w":1,"color":"mod"},{"row":2,"col":3,"x":3.25,"y":2.25,"r":0,"rx":0,"ry":0,"d":false,"h":1,"w":1,"color":"mod"},{"row":2,"col":4,"x":4.25,"y":2.25,"r":0,"rx":0,"ry":0,"d":false,"h":1,"w":1,"color":"mod"},{"row":2,"col":5,"x":5.25,"y":2.25,"r":0,"rx":0,"ry":0,"d":false,"h":1,"w":1,"color":"mod"},{"row":2,"col":6,"x":6.25,"y":2.25,"r":0,"rx":0,"ry":0,"d":false,"h":1,"w":1,"color":"mod"},{"row":2,"col":7,"x":7.25,"y":2.25,"r":0,"rx":0,"ry":0,"d":false,"h":1,"w":1,"color":"mod"},{"row":2,"col":8,"x":8.25,"y":2.25,"r":0,"rx":0,"ry":0,"d":false,"h":1,"w":1,"color":"mod"},{"row":2,"col":9,"x":9.25,"y":2.25,"r":0,"rx":0,"ry":0,"d":false,"h":1,"w":1,"color":"mod"},{"row":3,"col":0,"x":0,"y":3.25,"r":0,"rx":0,"ry":0,"d":false,"h":1,"w":1.75,"color":"accent"},{"row":3,"col":1,"x":1.75,"y":3.25,"r":0,"rx":0,"ry":0,"d":false,"h":1,"w":1,"color":"alpha"},{"row":3,"col":2,"x":2.75,"y":3.25,"r":0,"rx":0,"ry":0,"d":false,"h":1,"w":1,"color":"alpha"},{"row":3,"col":3,"x":3.75,"y":3.25,"r":0,"rx":0,"ry":0,"d":false,"h":1,"w":1,"color":"alpha"},{"row":3,"col":4,"x":4.75,"y":3.25,"r":0,"rx":0,"ry":0,"d":false,"h":1,"w":1,"color":"alpha"},{"row":3,"col":5,"x":5.75,"y":3.25,"r":0,"rx":0,"ry":0,"d":false,"h":1,"w":1,"color":"alpha"},{"row":3,"col":6,"x":6.75,"y":3.25,"r":0,"rx":0,"ry":0,"d":false,"h":1,"w":1,"color":"alpha"},{"row":3,"col":7,"x":7.75,"y":3.25,"r":0,"rx":0,"ry":0,"d":false,"h":1,"w":1,"color":"alpha"},{"row":3,"col":8,"x":8.75,"y":3.25,"r":0,"rx":0,"ry":0,"d":false,"h":1,"w":1,"color":"alpha"},{"row":3,"col":9,"x":9.75,"y":3.25,"r":0,"rx":0,"ry":0,"d":false,"h":1,"w":1,"color":"alpha"},{"row":3,"col":10,"x":10.75,"y":3.25,"r":0,"rx":0,"ry":0,"d":false,"h":1,"w":1.75,"color":"accent"},{"row":4,"col":0,"x":0.75,"y":4.25,"r":0,"rx":0,"ry":0,"d":false,"h":1,"w":1,"color":"accent"},{"row":4,"col":2,"x":1.75,"y":4.25,"r":0,"rx":0,"ry":0,"d":false,"h":1,"w":1,"color":"accent"},{"row":4,"col":8,"x":9.75,"y":4.25,"r":0,"rx":0,"ry":0,"d":false,"h":1,"w":1,"color":"accent"},{"row":4,"col":9,"x":10.75,"y":4.25,"r":0,"rx":0,"ry":0,"d":false,"h":1,"w":1,"color":"accent"}]},"matrix":{"rows":5,"cols":12},"vendorProductId":1279524961}