{"name":"Hex.6C","lighting":"qmk_backlight","layouts":{"labels":["Split Backspace","Left PPLS","Split Right PPLS","ISO Enter",["Bottom off left","P0 2U","PENT 2U","GRID"],["Bottom off right","PENT 2U","P0 2U","GRID"],"Left Shift ISO","Right Shift",["Bottom Row","Space 6.25U","Space 7U/WKL"]],"width":22.5,"height":6.25,"optionKeys":{"0":{"0":[{"row":1,"col":17,"x":17.25,"y":1.25,"r":0,"rx":-2.5,"ry":0,"d":false,"h":1,"w":2,"color":"mod"}],"1":[{"row":1,"col":17,"x":17.25,"y":1.25,"r":0,"rx":-2.5,"ry":0,"d":false,"h":1,"w":1,"color":"mod"},{"row":2,"col":17,"x":18.25,"y":1.25,"r":0,"rx":-2.5,"ry":0,"d":false,"h":1,"w":1,"color":"mod"}]},"1":{"0":[{"row":2,"col":0,"x":0,"y":2.25,"r":0,"rx":-2.5,"ry":0,"d":false,"h":1,"w":1,"color":"alpha"},{"row":3,"col":0,"x":0,"y":3.25,"r":0,"rx":-2.5,"ry":0,"d":false,"h":1,"w":1,"color":"alpha"}],"1":[{"row":3,"col":0,"x":0,"y":2.25,"r":0,"rx":-2.5,"ry":0,"d":false,"h":2,"w":1,"color":"mod"}]},"2":{"0":[{"row":3,"col":3,"x":3,"y":2.25,"r":0,"rx":-2.5,"ry":0,"d":false,"h":2,"w":1,"color":"mod"}],"1":[{"row":2,"col":3,"x":3,"y":2.25,"r":0,"rx":-2.5,"ry":0,"d":false,"h":1,"w":1,"color":"alpha"},{"row":3,"col":3,"x":3,"y":3.25,"r":0,"rx":-2.5,"ry":0,"d":false,"h":1,"w":1,"color":"alpha"}]},"3":{"0":[{"row":3,"col":16,"x":17.75,"y":2.25,"r":0,"rx":-2.5,"ry":0,"d":false,"h":1,"w":1.5,"color":"alpha"},{"row":3,"col":17,"x":17,"y":3.25,"r":0,"rx":-2.5,"ry":0,"d":false,"h":1,"w":2.25,"color":"accent"}],"1":[{"row":3,"col":17,"x":18,"y":2.25,"r":0,"rx":-2.5,"ry":0,"d":false,"h":2,"w":1.25,"w2":1.5,"x2":-0.25,"h2":1,"color":"accent"},{"row":3,"col":16,"x":17,"y":3.25,"r":0,"rx":-2.5,"ry":0,"d":false,"h":1,"w":1,"color":"alpha"}]},"4":{"0":[{"row":4,"col":0,"x":0,"y":4.25,"r":0,"rx":-2.5,"ry":0,"d":false,"h":1,"w":1,"color":"alpha"},{"row":4,"col":1,"x":1,"y":4.25,"r":0,"rx":-2.5,"ry":0,"d":false,"h":1,"w":1,"color":"alpha"},{"row":5,"col":0,"x":0,"y":5.25,"r":0,"rx":-2.5,"ry":0,"d":false,"h":1,"w":2,"color":"mod"}],"1":[{"row":5,"col":0,"x":0,"y":4.25,"r":0,"rx":-2.5,"ry":0,"d":false,"h":2,"w":1,"color":"mod"},{"row":4,"col":1,"x":1,"y":4.25,"r":0,"rx":-2.5,"ry":0,"d":false,"h":1,"w":1,"color":"alpha"},{"row":5,"col":1,"x":1,"y":5.25,"r":0,"rx":-2.5,"ry":0,"d":false,"h":1,"w":1,"color":"alpha"}],"2":[{"row":4,"col":0,"x":0,"y":4.25,"r":0,"rx":-2.5,"ry":0,"d":false,"h":1,"w":1,"color":"alpha"},{"row":4,"col":1,"x":1,"y":4.25,"r":0,"rx":-2.5,"ry":0,"d":false,"h":1,"w":1,"color":"alpha"},{"row":5,"col":0,"x":0,"y":5.25,"r":0,"rx":-2.5,"ry":0,"d":false,"h":1,"w":1,"color":"alpha"},{"row":5,"col":1,"x":1,"y":5.25,"r":0,"rx":-2.5,"ry":0,"d":false,"h":1,"w":1,"color":"alpha"}]},"5":{"0":[{"row":4,"col":2,"x":2,"y":4.25,"r":0,"rx":-2.5,"ry":0,"d":false,"h":1,"w":1,"color":"alpha"},{"row":5,"col":3,"x":3,"y":4.25,"r":0,"rx":-2.5,"ry":0,"d":false,"h":2,"w":1,"color":"accent"},{"row":5,"col":2,"x":2,"y":5.25,"r":0,"rx":-2.5,"ry":0,"d":false,"h":1,"w":1,"color":"alpha"}],"1":[{"row":4,"col":2,"x":2,"y":4.25,"r":0,"rx":-2.5,"ry":0,"d":false,"h":1,"w":1,"color":"alpha"},{"row":4,"col":3,"x":3,"y":4.25,"r":0,"rx":-2.5,"ry":0,"d":false,"h":1,"w":1,"color":"alpha"},{"row":5,"col":3,"x":2,"y":5.25,"r":0,"rx":-2.5,"ry":0,"d":false,"h":1,"w":2,"color":"mod"}],"2":[{"row":4,"col":2,"x":2,"y":4.25,"r":0,"rx":-2.5,"ry":0,"d":false,"h":1,"w":1,"color":"alpha"},{"row":4,"col":3,"x":3,"y":4.25,"r":0,"rx":-2.5,"ry":0,"d":false,"h":1,"w":1,"color":"alpha"},{"row":5,"col":2,"x":2,"y":5.25,"r":0,"rx":-2.5,"ry":0,"d":false,"h":1,"w":1,"color":"alpha"},{"row":5,"col":3,"x":3,"y":5.25,"r":0,"rx":-2.5,"ry":0,"d":false,"h":1,"w":1,"color":"alpha"}]},"6":{"0":[{"row":4,"col":4,"x":4.25,"y":4.25,"r":0,"rx":-2.5,"ry":0,"d":false,"h":1,"w":2.25,"color":"mod"}],"1":[{"row":4,"col":4,"x":4.25,"y":4.25,"r":0,"rx":-2.5,"ry":0,"d":false,"h":1,"w":1.25,"color":"mod"},{"row":4,"col":5,"x":5.5,"y":4.25,"r":0,"rx":-2.5,"ry":0,"d":false,"h":1,"w":1,"color":"mod"}]},"7":{"0":[{"row":4,"col":17,"x":16.5,"y":4.25,"r":0,"rx":-2.5,"ry":0,"d":false,"h":1,"w":2.75,"color":"mod"}],"1":[{"row":4,"col":17,"x":16.5,"y":4.25,"r":0,"rx":-2.5,"ry":0,"d":false,"h":1,"w":1.75,"color":"mod"},{"row":4,"col":16,"x":18.25,"y":4.25,"r":0,"rx":-2.5,"ry":0,"d":false,"h":1,"w":1,"color":"mod"}]},"8":{"0":[{"row":5,"col":4,"x":4.25,"y":5.25,"r":0,"rx":-2.5,"ry":0,"d":false,"h":1,"w":1.25,"color":"mod"},{"row":5,"col":5,"x":5.5,"y":5.25,"r":0,"rx":-2.5,"ry":0,"d":false,"h":1,"w":1.25,"color":"mod"},{"row":5,"col":6,"x":6.75,"y":5.25,"r":0,"rx":-2.5,"ry":0,"d":false,"h":1,"w":1.25,"color":"mod"},{"row":5,"col":10,"x":8,"y":5.25,"r":0,"rx":-2.5,"ry":0,"d":false,"h":1,"w":6.25,"color":"mod"},{"row":5,"col":14,"x":14.25,"y":5.25,"r":0,"rx":-2.5,"ry":0,"d":false,"h":1,"w":1.25,"color":"mod"},{"row":5,"col":15,"x":15.5,"y":5.25,"r":0,"rx":-2.5,"ry":0,"d":false,"h":1,"w":1.25,"color":"mod"},{"row":5,"col":16,"x":16.75,"y":5.25,"r":0,"rx":-2.5,"ry":0,"d":false,"h":1,"w":1.25,"color":"mod"},{"row":5,"col":17,"x":18,"y":5.25,"r":0,"rx":-2.5,"ry":0,"d":false,"h":1,"w":1.25,"color":"mod"}],"1":[{"row":5,"col":4,"x":4.25,"y":5.25,"r":0,"rx":-2.5,"ry":0,"d":false,"h":1,"w":1.5,"color":"mod"},{"row":5,"col":5,"x":5.75,"y":5.25,"r":0,"rx":-2.5,"ry":0,"d":false,"h":1,"w":1,"color":"mod"},{"row":5,"col":6,"x":6.75,"y":5.25,"r":0,"rx":-2.5,"ry":0,"d":false,"h":1,"w":1.5,"color":"mod"},{"row":5,"col":10,"x":8.25,"y":5.25,"r":0,"rx":-2.5,"ry":0,"d":false,"h":1,"w":7,"color":"mod"},{"row":5,"col":15,"x":15.25,"y":5.25,"r":0,"rx":-2.5,"ry":0,"d":false,"h":1,"w":1.5,"color":"mod"},{"row":5,"col":16,"x":16.75,"y":5.25,"r":0,"rx":-2.5,"ry":0,"d":false,"h":1,"w":1,"color":"mod"},{"row":5,"col":17,"x":17.75,"y":5.25,"r":0,"rx":-2.5,"ry":0,"d":false,"h":1,"w":1.5,"color":"mod"}]}},"keys":[{"row":0,"col":0,"x":0,"y":0,"r":0,"rx":-2.5,"ry":0,"d":false,"h":1,"w":1,"color":"mod"},{"row":0,"col":1,"x":1,"y":0,"r":0,"rx":-2.5,"ry":0,"d":false,"h":1,"w":1,"color":"mod"},{"row":0,"col":2,"x":2,"y":0,"r":0,"rx":-2.5,"ry":0,"d":false,"h":1,"w":1,"color":"mod"},{"row":0,"col":3,"x":3,"y":0,"r":0,"rx":-2.5,"ry":0,"d":false,"h":1,"w":1,"color":"alpha"},{"row":0,"col":4,"x":4.25,"y":0,"r":0,"rx":-2.5,"ry":0,"d":false,"h":1,"w":1,"color":"accent"},{"row":0,"col":5,"x":5.5,"y":0,"r":0,"rx":-2.5,"ry":0,"d":false,"h":1,"w":1,"color":"alpha"},{"row":0,"col":6,"x":6.5,"y":0,"r":0,"rx":-2.5,"ry":0,"d":false,"h":1,"w":1,"color":"alpha"},{"row":0,"col":7,"x":7.5,"y":0,"r":0,"rx":-2.5,"ry":0,"d":false,"h":1,"w":1,"color":"alpha"},{"row":0,"col":8,"x":8.5,"y":0,"r":0,"rx":-2.5,"ry":0,"d":false,"h":1,"w":1,"color":"alpha"},{"row":0,"col":9,"x":9.75,"y":0,"r":0,"rx":-2.5,"ry":0,"d":false,"h":1,"w":1,"color":"mod"},{"row":0,"col":10,"x":10.75,"y":0,"r":0,"rx":-2.5,"ry":0,"d":false,"h":1,"w":1,"color":"mod"},{"row":0,"col":11,"x":11.75,"y":0,"r":0,"rx":-2.5,"ry":0,"d":false,"h":1,"w":1,"color":"mod"},{"row":0,"col":12,"x":12.75,"y":0,"r":0,"rx":-2.5,"ry":0,"d":false,"h":1,"w":1,"color":"mod"},{"row":0,"col":13,"x":14,"y":0,"r":0,"rx":-2.5,"ry":0,"d":false,"h":1,"w":1,"color":"alpha"},{"row":0,"col":14,"x":15,"y":0,"r":0,"rx":-2.5,"ry":0,"d":false,"h":1,"w":1,"color":"alpha"},{"row":0,"col":15,"x":16,"y":0,"r":0,"rx":-2.5,"ry":0,"d":false,"h":1,"w":1,"color":"alpha"},{"row":0,"col":16,"x":17,"y":0,"r":0,"rx":-2.5,"ry":0,"d":false,"h":1,"w":1,"color":"alpha"},{"row":0,"col":17,"x":18.25,"y":0,"r":0,"rx":-2.5,"ry":0,"d":false,"h":1,"w":1,"color":"alpha"},{"row":0,"col":18,"x":19.5,"y":0,"r":0,"rx":-2.5,"ry":0,"d":false,"h":1,"w":1,"color":"mod"},{"row":0,"col":19,"x":20.5,"y":0,"r":0,"rx":-2.5,"ry":0,"d":false,"h":1,"w":1,"color":"mod"},{"row":0,"col":20,"x":21.5,"y":0,"r":0,"rx":-2.5,"ry":0,"d":false,"h":1,"w":1,"color":"mod"},{"row":1,"col":0,"x":0,"y":1.25,"r":0,"rx":-2.5,"ry":0,"d":false,"h":1,"w":1,"color":"alpha"},{"row":1,"col":1,"x":1,"y":1.25,"r":0,"rx":-2.5,"ry":0,"d":false,"h":1,"w":1,"color":"alpha"},{"row":1,"col":2,"x":2,"y":1.25,"r":0,"rx":-2.5,"ry":0,"d":false,"h":1,"w":1,"color":"alpha"},{"row":1,"col":3,"x":3,"y":1.25,"r":0,"rx":-2.5,"ry":0,"d":false,"h":1,"w":1,"color":"alpha"},{"row":1,"col":4,"x":4.25,"y":1.25,"r":0,"rx":-2.5,"ry":0,"d":false,"h":1,"w":1,"color":"alpha"},{"row":1,"col":5,"x":5.25,"y":1.25,"r":0,"rx":-2.5,"ry":0,"d":false,"h":1,"w":1,"color":"alpha"},{"row":1,"col":6,"x":6.25,"y":1.25,"r":0,"rx":-2.5,"ry":0,"d":false,"h":1,"w":1,"color":"alpha"},{"row":1,"col":7,"x":7.25,"y":1.25,"r":0,"rx":-2.5,"ry":0,"d":false,"h":1,"w":1,"color":"alpha"},{"row":1,"col":8,"x":8.25,"y":1.25,"r":0,"rx":-2.5,"ry":0,"d":false,"h":1,"w":1,"color":"alpha"},{"row":1,"col":9,"x":9.25,"y":1.25,"r":0,"rx":-2.5,"ry":0,"d":false,"h":1,"w":1,"color":"alpha"},{"row":1,"col":10,"x":10.25,"y":1.25,"r":0,"rx":-2.5,"ry":0,"d":false,"h":1,"w":1,"color":"alpha"},{"row":1,"col":11,"x":11.25,"y":1.25,"r":0,"rx":-2.5,"ry":0,"d":false,"h":1,"w":1,"color":"alpha"},{"row":1,"col":12,"x":12.25,"y":1.25,"r":0,"rx":-2.5,"ry":0,"d":false,"h":1,"w":1,"color":"alpha"},{"row":1,"col":13,"x":13.25,"y":1.25,"r":0,"rx":-2.5,"ry":0,"d":false,"h":1,"w":1,"color":"alpha"},{"row":1,"col":14,"x":14.25,"y":1.25,"r":0,"rx":-2.5,"ry":0,"d":false,"h":1,"w":1,"color":"alpha"},{"row":1,"col":15,"x":15.25,"y":1.25,"r":0,"rx":-2.5,"ry":0,"d":false,"h":1,"w":1,"color":"alpha"},{"row":1,"col":16,"x":16.25,"y":1.25,"r":0,"rx":-2.5,"ry":0,"d":false,"h":1,"w":1,"color":"alpha"},{"row":1,"col":18,"x":19.5,"y":1.25,"r":0,"rx":-2.5,"ry":0,"d":false,"h":1,"w":1,"color":"mod"},{"row":1,"col":19,"x":20.5,"y":1.25,"r":0,"rx":-2.5,"ry":0,"d":false,"h":1,"w":1,"color":"mod"},{"row":1,"col":20,"x":21.5,"y":1.25,"r":0,"rx":-2.5,"ry":0,"d":false,"h":1,"w":1,"color":"mod"},{"row":2,"col":1,"x":1,"y":2.25,"r":0,"rx":-2.5,"ry":0,"d":false,"h":1,"w":1,"color":"alpha"},{"row":2,"col":2,"x":2,"y":2.25,"r":0,"rx":-2.5,"ry":0,"d":false,"h":1,"w":1,"color":"alpha"},{"row":2,"col":4,"x":4.25,"y":2.25,"r":0,"rx":-2.5,"ry":0,"d":false,"h":1,"w":1.5,"color":"alpha"},{"row":2,"col":5,"x":5.75,"y":2.25,"r":0,"rx":-2.5,"ry":0,"d":false,"h":1,"w":1,"color":"alpha"},{"row":2,"col":6,"x":6.75,"y":2.25,"r":0,"rx":-2.5,"ry":0,"d":false,"h":1,"w":1,"color":"alpha"},{"row":2,"col":7,"x":7.75,"y":2.25,"r":0,"rx":-2.5,"ry":0,"d":false,"h":1,"w":1,"color":"alpha"},{"row":2,"col":8,"x":8.75,"y":2.25,"r":0,"rx":-2.5,"ry":0,"d":false,"h":1,"w":1,"color":"alpha"},{"row":2,"col":9,"x":9.75,"y":2.25,"r":0,"rx":-2.5,"ry":0,"d":false,"h":1,"w":1,"color":"alpha"},{"row":2,"col":10,"x":10.75,"y":2.25,"r":0,"rx":-2.5,"ry":0,"d":false,"h":1,"w":1,"color":"alpha"},{"row":2,"col":11,"x":11.75,"y":2.25,"r":0,"rx":-2.5,"ry":0,"d":false,"h":1,"w":1,"color":"alpha"},{"row":2,"col":12,"x":12.75,"y":2.25,"r":0,"rx":-2.5,"ry":0,"d":false,"h":1,"w":1,"color":"alpha"},{"row":2,"col":13,"x":13.75,"y":2.25,"r":0,"rx":-2.5,"ry":0,"d":false,"h":1,"w":1,"color":"alpha"},{"row":2,"col":14,"x":14.75,"y":2.25,"r":0,"rx":-2.5,"ry":0,"d":false,"h":1,"w":1,"color":"alpha"},{"row":2,"col":15,"x":15.75,"y":2.25,"r":0,"rx":-2.5,"ry":0,"d":false,"h":1,"w":1,"color":"alpha"},{"row":2,"col":16,"x":16.75,"y":2.25,"r":0,"rx":-2.5,"ry":0,"d":false,"h":1,"w":1,"color":"alpha"},{"row":2,"col":18,"x":19.5,"y":2.25,"r":0,"rx":-2.5,"ry":0,"d":false,"h":1,"w":1,"color":"mod"},{"row":2,"col":19,"x":20.5,"y":2.25,"r":0,"rx":-2.5,"ry":0,"d":false,"h":1,"w":1,"color":"mod"},{"row":2,"col":20,"x":21.5,"y":2.25,"r":0,"rx":-2.5,"ry":0,"d":false,"h":1,"w":1,"color":"mod"},{"row":3,"col":1,"x":1,"y":3.25,"r":0,"rx":-2.5,"ry":0,"d":false,"h":1,"w":1,"color":"alpha"},{"row":3,"col":2,"x":2,"y":3.25,"r":0,"rx":-2.5,"ry":0,"d":false,"h":1,"w":1,"color":"alpha"},{"row":3,"col":4,"x":4.25,"y":3.25,"r":0,"rx":-2.5,"ry":0,"d":false,"h":1,"w":1.75,"color":"alpha"},{"row":3,"col":5,"x":6,"y":3.25,"r":0,"rx":-2.5,"ry":0,"d":false,"h":1,"w":1,"color":"alpha"},{"row":3,"col":6,"x":7,"y":3.25,"r":0,"rx":-2.5,"ry":0,"d":false,"h":1,"w":1,"color":"alpha"},{"row":3,"col":7,"x":8,"y":3.25,"r":0,"rx":-2.5,"ry":0,"d":false,"h":1,"w":1,"color":"alpha"},{"row":3,"col":8,"x":9,"y":3.25,"r":0,"rx":-2.5,"ry":0,"d":false,"h":1,"w":1,"color":"alpha"},{"row":3,"col":9,"x":10,"y":3.25,"r":0,"rx":-2.5,"ry":0,"d":false,"h":1,"w":1,"color":"alpha"},{"row":3,"col":10,"x":11,"y":3.25,"r":0,"rx":-2.5,"ry":0,"d":false,"h":1,"w":1,"color":"alpha"},{"row":3,"col":11,"x":12,"y":3.25,"r":0,"rx":-2.5,"ry":0,"d":false,"h":1,"w":1,"color":"alpha"},{"row":3,"col":12,"x":13,"y":3.25,"r":0,"rx":-2.5,"ry":0,"d":false,"h":1,"w":1,"color":"alpha"},{"row":3,"col":13,"x":14,"y":3.25,"r":0,"rx":-2.5,"ry":0,"d":false,"h":1,"w":1,"color":"alpha"},{"row":3,"col":14,"x":15,"y":3.25,"r":0,"rx":-2.5,"ry":0,"d":false,"h":1,"w":1,"color":"alpha"},{"row":3,"col":15,"x":16,"y":3.25,"r":0,"rx":-2.5,"ry":0,"d":false,"h":1,"w":1,"color":"alpha"},{"row":4,"col":6,"x":6.5,"y":4.25,"r":0,"rx":-2.5,"ry":0,"d":false,"h":1,"w":1,"color":"alpha"},{"row":4,"col":7,"x":7.5,"y":4.25,"r":0,"rx":-2.5,"ry":0,"d":false,"h":1,"w":1,"color":"alpha"},{"row":4,"col":8,"x":8.5,"y":4.25,"r":0,"rx":-2.5,"ry":0,"d":false,"h":1,"w":1,"color":"alpha"},{"row":4,"col":9,"x":9.5,"y":4.25,"r":0,"rx":-2.5,"ry":0,"d":false,"h":1,"w":1,"color":"alpha"},{"row":4,"col":10,"x":10.5,"y":4.25,"r":0,"rx":-2.5,"ry":0,"d":false,"h":1,"w":1,"color":"alpha"},{"row":4,"col":11,"x":11.5,"y":4.25,"r":0,"rx":-2.5,"ry":0,"d":false,"h":1,"w":1,"color":"alpha"},{"row":4,"col":12,"x":12.5,"y":4.25,"r":0,"rx":-2.5,"ry":0,"d":false,"h":1,"w":1,"color":"alpha"},{"row":4,"col":13,"x":13.5,"y":4.25,"r":0,"rx":-2.5,"ry":0,"d":false,"h":1,"w":1,"color":"alpha"},{"row":4,"col":14,"x":14.5,"y":4.25,"r":0,"rx":-2.5,"ry":0,"d":false,"h":1,"w":1,"color":"alpha"},{"row":4,"col":15,"x":15.5,"y":4.25,"r":0,"rx":-2.5,"ry":0,"d":false,"h":1,"w":1,"color":"alpha"},{"row":4,"col":19,"x":20.5,"y":4.25,"r":0,"rx":-2.5,"ry":0,"d":false,"h":1,"w":1,"color":"accent"},{"row":5,"col":18,"x":19.5,"y":5.25,"r":0,"rx":-2.5,"ry":0,"d":false,"h":1,"w":1,"color":"accent"},{"row":5,"col":19,"x":20.5,"y":5.25,"r":0,"rx":-2.5,"ry":0,"d":false,"h":1,"w":1,"color":"accent"},{"row":5,"col":20,"x":21.5,"y":5.25,"r":0,"rx":-2.5,"ry":0,"d":false,"h":1,"w":1,"color":"accent"}]},"matrix":{"rows":6,"cols":21},"vendorProductId":1296854017}