{"name":"UM-70","lighting":"qmk_rgblight","layouts":{"labels":["Split Backspace","Spacekey"],"width":18.75,"height":5.25,"optionKeys":{"0":{"0":[{"row":5,"col":7,"x":15.25,"y":0,"r":0,"rx":0,"ry":-1.25,"d":false,"h":1,"w":2,"color":"mod"}],"1":[{"row":5,"col":6,"x":15.25,"y":0,"r":0,"rx":0,"ry":-1.25,"d":false,"h":1,"w":1,"color":"alpha"},{"row":5,"col":7,"x":16.25,"y":0,"r":0,"rx":0,"ry":-1.25,"d":false,"h":1,"w":1,"color":"alpha"}]},"1":{"0":[{"row":4,"col":3,"x":5.25,"y":4,"r":0,"rx":0,"ry":-1.25,"d":false,"h":1,"w":1.25,"color":"alpha"},{"row":4,"col":4,"x":6.5,"y":4,"r":0,"rx":0,"ry":-1.25,"d":false,"h":1,"w":2.25,"color":"alpha"}],"1":[{"row":4,"col":4,"x":5.25,"y":4,"r":0,"rx":0,"ry":-1.25,"d":false,"h":1,"w":2.25,"color":"alpha"},{"row":4,"col":3,"x":7.5,"y":4,"r":0,"rx":0,"ry":-1.25,"d":false,"h":1,"w":1.25,"color":"alpha"}]}},"keys":[{"row":0,"col":0,"x":1.5,"y":0,"r":0,"rx":0,"ry":-1.25,"d":false,"h":1,"w":1,"color":"accent"},{"row":0,"col":1,"x":2.5,"y":0,"r":0,"rx":0,"ry":-1.25,"d":false,"h":1,"w":1,"color":"alpha"},{"row":0,"col":2,"x":3.5,"y":0,"r":0,"rx":0,"ry":-1.25,"d":false,"h":1,"w":1,"color":"alpha"},{"row":0,"col":3,"x":4.5,"y":0,"r":0,"rx":0,"ry":-1.25,"d":false,"h":1,"w":1,"color":"alpha"},{"row":0,"col":4,"x":5.5,"y":0,"r":0,"rx":0,"ry":-1.25,"d":false,"h":1,"w":1,"color":"alpha"},{"row":0,"col":5,"x":6.5,"y":0,"r":0,"rx":0,"ry":-1.25,"d":false,"h":1,"w":1,"color":"alpha"},{"row":0,"col":6,"x":7.5,"y":0,"r":0,"rx":0,"ry":-1.25,"d":false,"h":1,"w":1,"color":"alpha"},{"row":5,"col":0,"x":9.25,"y":0,"r":0,"rx":0,"ry":-1.25,"d":false,"h":1,"w":1,"color":"alpha"},{"row":5,"col":1,"x":10.25,"y":0,"r":0,"rx":0,"ry":-1.25,"d":false,"h":1,"w":1,"color":"alpha"},{"row":5,"col":2,"x":11.25,"y":0,"r":0,"rx":0,"ry":-1.25,"d":false,"h":1,"w":1,"color":"alpha"},{"row":5,"col":3,"x":12.25,"y":0,"r":0,"rx":0,"ry":-1.25,"d":false,"h":1,"w":1,"color":"alpha"},{"row":5,"col":4,"x":13.25,"y":0,"r":0,"rx":0,"ry":-1.25,"d":false,"h":1,"w":1,"color":"alpha"},{"row":5,"col":5,"x":14.25,"y":0,"r":0,"rx":0,"ry":-1.25,"d":false,"h":1,"w":1,"color":"alpha"},{"row":7,"col":7,"x":17.75,"y":0,"r":0,"rx":0,"ry":-1.25,"d":false,"h":1,"w":1,"color":"alpha"},{"row":1,"col":0,"x":1.5,"y":1,"r":0,"rx":0,"ry":-1.25,"d":false,"h":1,"w":1.5,"color":"mod"},{"row":1,"col":1,"x":3,"y":1,"r":0,"rx":0,"ry":-1.25,"d":false,"h":1,"w":1,"color":"alpha"},{"row":1,"col":2,"x":4,"y":1,"r":0,"rx":0,"ry":-1.25,"d":false,"h":1,"w":1,"color":"alpha"},{"row":1,"col":3,"x":5,"y":1,"r":0,"rx":0,"ry":-1.25,"d":false,"h":1,"w":1,"color":"alpha"},{"row":1,"col":4,"x":6,"y":1,"r":0,"rx":0,"ry":-1.25,"d":false,"h":1,"w":1,"color":"alpha"},{"row":1,"col":5,"x":7,"y":1,"r":0,"rx":0,"ry":-1.25,"d":false,"h":1,"w":1,"color":"alpha"},{"row":6,"col":0,"x":8.75,"y":1,"r":0,"rx":0,"ry":-1.25,"d":false,"h":1,"w":1,"color":"alpha"},{"row":6,"col":1,"x":9.75,"y":1,"r":0,"rx":0,"ry":-1.25,"d":false,"h":1,"w":1,"color":"alpha"},{"row":6,"col":2,"x":10.75,"y":1,"r":0,"rx":0,"ry":-1.25,"d":false,"h":1,"w":1,"color":"alpha"},{"row":6,"col":3,"x":11.75,"y":1,"r":0,"rx":0,"ry":-1.25,"d":false,"h":1,"w":1,"color":"alpha"},{"row":6,"col":4,"x":12.75,"y":1,"r":0,"rx":0,"ry":-1.25,"d":false,"h":1,"w":1,"color":"alpha"},{"row":6,"col":5,"x":13.75,"y":1,"r":0,"rx":0,"ry":-1.25,"d":false,"h":1,"w":1,"color":"alpha"},{"row":6,"col":6,"x":14.75,"y":1,"r":0,"rx":0,"ry":-1.25,"d":false,"h":1,"w":1,"color":"alpha"},{"row":6,"col":7,"x":15.75,"y":1,"r":0,"rx":0,"ry":-1.25,"d":false,"h":1,"w":1.5,"color":"alpha"},{"row":8,"col":7,"x":17.75,"y":1,"r":0,"rx":0,"ry":-1.25,"d":false,"h":1,"w":1,"color":"alpha"},{"row":4,"col":5,"x":0,"y":2,"r":0,"rx":0,"ry":-1.25,"d":false,"h":1,"w":1,"color":"alpha"},{"row":2,"col":0,"x":1.5,"y":2,"r":0,"rx":0,"ry":-1.25,"d":false,"h":1,"w":1.75,"color":"mod"},{"row":2,"col":1,"x":3.25,"y":2,"r":0,"rx":0,"ry":-1.25,"d":false,"h":1,"w":1,"color":"alpha"},{"row":2,"col":2,"x":4.25,"y":2,"r":0,"rx":0,"ry":-1.25,"d":false,"h":1,"w":1,"color":"alpha"},{"row":2,"col":3,"x":5.25,"y":2,"r":0,"rx":0,"ry":-1.25,"d":false,"h":1,"w":1,"color":"alpha"},{"row":2,"col":4,"x":6.25,"y":2,"r":0,"rx":0,"ry":-1.25,"d":false,"h":1,"w":1,"color":"alpha"},{"row":2,"col":5,"x":7.25,"y":2,"r":0,"rx":0,"ry":-1.25,"d":false,"h":1,"w":1,"color":"alpha"},{"row":7,"col":0,"x":9,"y":2,"r":0,"rx":0,"ry":-1.25,"d":false,"h":1,"w":1,"color":"alpha"},{"row":7,"col":1,"x":10,"y":2,"r":0,"rx":0,"ry":-1.25,"d":false,"h":1,"w":1,"color":"alpha"},{"row":7,"col":2,"x":11,"y":2,"r":0,"rx":0,"ry":-1.25,"d":false,"h":1,"w":1,"color":"alpha"},{"row":7,"col":3,"x":12,"y":2,"r":0,"rx":0,"ry":-1.25,"d":false,"h":1,"w":1,"color":"alpha"},{"row":7,"col":4,"x":13,"y":2,"r":0,"rx":0,"ry":-1.25,"d":false,"h":1,"w":1,"color":"alpha"},{"row":7,"col":5,"x":14,"y":2,"r":0,"rx":0,"ry":-1.25,"d":false,"h":1,"w":1,"color":"alpha"},{"row":7,"col":6,"x":15,"y":2,"r":0,"rx":0,"ry":-1.25,"d":false,"h":1,"w":2.25,"color":"accent"},{"row":9,"col":7,"x":17.75,"y":2,"r":0,"rx":0,"ry":-1.25,"d":false,"h":1,"w":1,"color":"alpha"},{"row":4,"col":6,"x":0,"y":3,"r":0,"rx":0,"ry":-1.25,"d":false,"h":1,"w":1,"color":"alpha"},{"row":3,"col":0,"x":1.5,"y":3,"r":0,"rx":0,"ry":-1.25,"d":false,"h":1,"w":2.25,"color":"mod"},{"row":3,"col":1,"x":3.75,"y":3,"r":0,"rx":0,"ry":-1.25,"d":false,"h":1,"w":1,"color":"alpha"},{"row":3,"col":2,"x":4.75,"y":3,"r":0,"rx":0,"ry":-1.25,"d":false,"h":1,"w":1,"color":"alpha"},{"row":3,"col":3,"x":5.75,"y":3,"r":0,"rx":0,"ry":-1.25,"d":false,"h":1,"w":1,"color":"alpha"},{"row":3,"col":4,"x":6.75,"y":3,"r":0,"rx":0,"ry":-1.25,"d":false,"h":1,"w":1,"color":"alpha"},{"row":3,"col":5,"x":7.75,"y":3,"r":0,"rx":0,"ry":-1.25,"d":false,"h":1,"w":1,"color":"alpha"},{"row":8,"col":0,"x":9.5,"y":3,"r":0,"rx":0,"ry":-1.25,"d":false,"h":1,"w":1,"color":"alpha"},{"row":8,"col":1,"x":10.5,"y":3,"r":0,"rx":0,"ry":-1.25,"d":false,"h":1,"w":1,"color":"alpha"},{"row":8,"col":2,"x":11.5,"y":3,"r":0,"rx":0,"ry":-1.25,"d":false,"h":1,"w":1,"color":"alpha"},{"row":8,"col":3,"x":12.5,"y":3,"r":0,"rx":0,"ry":-1.25,"d":false,"h":1,"w":1,"color":"alpha"},{"row":8,"col":4,"x":13.5,"y":3,"r":0,"rx":0,"ry":-1.25,"d":false,"h":1,"w":1,"color":"alpha"},{"row":8,"col":5,"x":14.5,"y":3,"r":0,"rx":0,"ry":-1.25,"d":false,"h":1,"w":1.75,"color":"mod"},{"row":8,"col":6,"x":16.5,"y":3.25,"r":0,"rx":0,"ry":-1.25,"d":false,"h":1,"w":1,"color":"accent"},{"row":4,"col":7,"x":0,"y":4,"r":0,"rx":0,"ry":-1.25,"d":false,"h":1,"w":1,"color":"alpha"},{"row":4,"col":0,"x":1.5,"y":4,"r":0,"rx":0,"ry":-1.25,"d":false,"h":1,"w":1.25,"color":"mod"},{"row":4,"col":1,"x":2.75,"y":4,"r":0,"rx":0,"ry":-1.25,"d":false,"h":1,"w":1.25,"color":"mod"},{"row":4,"col":2,"x":4,"y":4,"r":0,"rx":0,"ry":-1.25,"d":false,"h":1,"w":1.25,"color":"mod"},{"row":9,"col":0,"x":9.5,"y":4,"r":0,"rx":0,"ry":-1.25,"d":false,"h":1,"w":2.75,"color":"alpha"},{"row":9,"col":1,"x":12.25,"y":4,"r":0,"rx":0,"ry":-1.25,"d":false,"h":1,"w":1.5,"color":"mod"},{"row":9,"col":2,"x":13.75,"y":4,"r":0,"rx":0,"ry":-1.25,"d":false,"h":1,"w":1.5,"color":"mod"},{"row":9,"col":3,"x":15.5,"y":4.25,"r":0,"rx":0,"ry":-1.25,"d":false,"h":1,"w":1,"color":"accent"},{"row":9,"col":4,"x":16.5,"y":4.25,"r":0,"rx":0,"ry":-1.25,"d":false,"h":1,"w":1,"color":"accent"},{"row":9,"col":5,"x":17.5,"y":4.25,"r":0,"rx":0,"ry":-1.25,"d":false,"h":1,"w":1,"color":"accent"}]},"matrix":{"rows":10,"cols":8},"vendorProductId":1298477602}