{"name":"RART80","lighting":"qmk_rgblight","layouts":{"labels":["Split Backspace","Split Lshift","Split Rshift","F12","Arrow",["Bottom Row","7U","WKL","CWKL"]],"width":18.25,"height":6.25,"optionKeys":{"0":{"0":[{"row":1,"col":13,"x":13,"y":1.25,"r":0,"rx":0,"ry":-2.5,"d":false,"h":1,"w":2,"color":"alpha"}],"1":[{"row":1,"col":13,"x":13,"y":1.25,"r":0,"rx":0,"ry":-2.5,"d":false,"h":1,"w":1,"color":"alpha"},{"row":2,"col":13,"x":14,"y":1.25,"r":0,"rx":0,"ry":-2.5,"d":false,"h":1,"w":1,"color":"alpha"}]},"1":{"0":[{"row":4,"col":0,"x":0,"y":4.25,"r":0,"rx":0,"ry":-2.5,"d":false,"h":1,"w":2.25,"color":"alpha"}],"1":[{"row":4,"col":0,"x":0,"y":4.25,"r":0,"rx":0,"ry":-2.5,"d":false,"h":1,"w":1.25,"color":"alpha"},{"row":4,"col":1,"x":1.25,"y":4.25,"r":0,"rx":0,"ry":-2.5,"d":false,"h":1,"w":1,"color":"alpha"}]},"2":{"0":[{"row":4,"col":12,"x":12.25,"y":4.25,"r":0,"rx":0,"ry":-2.5,"d":false,"h":1,"w":2.75,"color":"alpha"}],"1":[{"row":4,"col":12,"x":12.25,"y":4.25,"r":0,"rx":0,"ry":-2.5,"d":false,"h":1,"w":1.75,"color":"alpha"},{"row":4,"col":13,"x":14,"y":4.25,"r":0,"rx":0,"ry":-2.5,"d":false,"h":1,"w":1,"color":"alpha"}]},"3":{"0":[{"row":0,"col":0,"x":0,"y":0,"r":0,"rx":0,"ry":-2.5,"d":false,"h":1,"w":1,"color":"mod"},{"row":0,"col":1,"x":1.25,"y":0,"r":0,"rx":0,"ry":-2.5,"d":false,"h":1,"w":1,"color":"alpha"},{"row":0,"col":2,"x":2.25,"y":0,"r":0,"rx":0,"ry":-2.5,"d":false,"h":1,"w":1,"color":"alpha"},{"row":0,"col":3,"x":3.25,"y":0,"r":0,"rx":0,"ry":-2.5,"d":false,"h":1,"w":1,"color":"alpha"},{"row":0,"col":4,"x":4.25,"y":0,"r":0,"rx":0,"ry":-2.5,"d":false,"h":1,"w":1,"color":"alpha"},{"row":0,"col":5,"x":5.5,"y":0,"r":0,"rx":0,"ry":-2.5,"d":false,"h":1,"w":1,"color":"alpha"},{"row":0,"col":6,"x":6.5,"y":0,"r":0,"rx":0,"ry":-2.5,"d":false,"h":1,"w":1,"color":"alpha"},{"row":0,"col":7,"x":7.5,"y":0,"r":0,"rx":0,"ry":-2.5,"d":false,"h":1,"w":1,"color":"alpha"},{"row":0,"col":8,"x":8.5,"y":0,"r":0,"rx":0,"ry":-2.5,"d":false,"h":1,"w":1,"color":"alpha"},{"row":0,"col":9,"x":9.75,"y":0,"r":0,"rx":0,"ry":-2.5,"d":false,"h":1,"w":1,"color":"alpha"},{"row":0,"col":10,"x":10.75,"y":0,"r":0,"rx":0,"ry":-2.5,"d":false,"h":1,"w":1,"color":"alpha"},{"row":0,"col":11,"x":11.75,"y":0,"r":0,"rx":0,"ry":-2.5,"d":false,"h":1,"w":1,"color":"alpha"},{"row":0,"col":12,"x":12.75,"y":0,"r":0,"rx":0,"ry":-2.5,"d":false,"h":1,"w":1,"color":"alpha"},{"row":0,"col":13,"x":14,"y":0,"r":0,"rx":0,"ry":-2.5,"d":false,"h":1,"w":1,"color":"alpha"}],"1":[{"row":0,"col":0,"x":0,"y":0,"r":0,"rx":0,"ry":-2.5,"d":false,"h":1,"w":1,"color":"mod"},{"row":0,"col":2,"x":2,"y":0,"r":0,"rx":0,"ry":-2.5,"d":false,"h":1,"w":1,"color":"alpha"},{"row":0,"col":3,"x":3,"y":0,"r":0,"rx":0,"ry":-2.5,"d":false,"h":1,"w":1,"color":"alpha"},{"row":0,"col":4,"x":4,"y":0,"r":0,"rx":0,"ry":-2.5,"d":false,"h":1,"w":1,"color":"alpha"},{"row":0,"col":5,"x":5,"y":0,"r":0,"rx":0,"ry":-2.5,"d":false,"h":1,"w":1,"color":"alpha"},{"row":0,"col":6,"x":6.5,"y":0,"r":0,"rx":0,"ry":-2.5,"d":false,"h":1,"w":1,"color":"alpha"},{"row":0,"col":7,"x":7.5,"y":0,"r":0,"rx":0,"ry":-2.5,"d":false,"h":1,"w":1,"color":"alpha"},{"row":0,"col":8,"x":8.5,"y":0,"r":0,"rx":0,"ry":-2.5,"d":false,"h":1,"w":1,"color":"alpha"},{"row":0,"col":9,"x":9.5,"y":0,"r":0,"rx":0,"ry":-2.5,"d":false,"h":1,"w":1,"color":"alpha"},{"row":0,"col":10,"x":11,"y":0,"r":0,"rx":0,"ry":-2.5,"d":false,"h":1,"w":1,"color":"alpha"},{"row":0,"col":11,"x":12,"y":0,"r":0,"rx":0,"ry":-2.5,"d":false,"h":1,"w":1,"color":"alpha"},{"row":0,"col":12,"x":13,"y":0,"r":0,"rx":0,"ry":-2.5,"d":false,"h":1,"w":1,"color":"alpha"},{"row":0,"col":13,"x":14,"y":0,"r":0,"rx":0,"ry":-2.5,"d":false,"h":1,"w":1,"color":"alpha"}]},"4":{"0":[{"row":4,"col":14,"x":15.25,"y":4.25,"r":0,"rx":0,"ry":-2.5,"d":false,"h":1,"w":1,"color":"alpha"},{"row":4,"col":15,"x":16.25,"y":4.25,"r":0,"rx":0,"ry":-2.5,"d":false,"h":1,"w":1,"color":"alpha"},{"row":4,"col":16,"x":17.25,"y":4.25,"r":0,"rx":0,"ry":-2.5,"d":false,"h":1,"w":1,"color":"alpha"}],"1":[{"row":-1,"col":-1,"x":15.25,"y":4.25,"r":0,"rx":0,"ry":-2.5,"d":true,"h":1,"w":1,"color":"alpha"},{"row":4,"col":15,"x":16.25,"y":4.25,"r":0,"rx":0,"ry":-2.5,"d":false,"h":1,"w":1,"color":"alpha"}]},"5":{"0":[{"row":5,"col":0,"x":0,"y":5.25,"r":0,"rx":0,"ry":-2.5,"d":false,"h":1,"w":1.5,"color":"alpha"},{"row":5,"col":1,"x":1.5,"y":5.25,"r":0,"rx":0,"ry":-2.5,"d":false,"h":1,"w":1,"color":"alpha"},{"row":5,"col":2,"x":2.5,"y":5.25,"r":0,"rx":0,"ry":-2.5,"d":false,"h":1,"w":1.5,"color":"alpha"},{"row":5,"col":6,"x":4,"y":5.25,"r":0,"rx":0,"ry":-2.5,"d":false,"h":1,"w":7,"color":"alpha"},{"row":5,"col":11,"x":11,"y":5.25,"r":0,"rx":0,"ry":-2.5,"d":false,"h":1,"w":1.5,"color":"alpha"},{"row":5,"col":12,"x":12.5,"y":5.25,"r":0,"rx":0,"ry":-2.5,"d":false,"h":1,"w":1,"color":"alpha"},{"row":5,"col":13,"x":13.5,"y":5.25,"r":0,"rx":0,"ry":-2.5,"d":false,"h":1,"w":1.5,"color":"alpha"}],"1":[{"row":5,"col":0,"x":0,"y":5.25,"r":0,"rx":0,"ry":-2.5,"d":false,"h":1,"w":1.5,"color":"alpha"},{"row":-1,"col":-1,"x":1.5,"y":5.25,"r":0,"rx":0,"ry":-2.5,"d":true,"h":1,"w":1,"color":"alpha"},{"row":5,"col":2,"x":2.5,"y":5.25,"r":0,"rx":0,"ry":-2.5,"d":false,"h":1,"w":1.5,"color":"alpha"},{"row":5,"col":6,"x":4,"y":5.25,"r":0,"rx":0,"ry":-2.5,"d":false,"h":1,"w":7,"color":"alpha"},{"row":5,"col":11,"x":11,"y":5.25,"r":0,"rx":0,"ry":-2.5,"d":false,"h":1,"w":1.5,"color":"alpha"},{"row":-1,"col":-1,"x":12.5,"y":5.25,"r":0,"rx":0,"ry":-2.5,"d":true,"h":1,"w":1,"color":"alpha"},{"row":5,"col":13,"x":13.5,"y":5.25,"r":0,"rx":0,"ry":-2.5,"d":false,"h":1,"w":1.5,"color":"alpha"}],"2":[{"row":5,"col":0,"x":0,"y":5.25,"r":0,"rx":0,"ry":-2.5,"d":false,"h":1,"w":1.25,"color":"alpha"},{"row":5,"col":1,"x":1.875,"y":5.25,"r":0,"rx":0,"ry":-2.5,"d":false,"h":1,"w":1.25,"color":"alpha"},{"row":5,"col":2,"x":3.125,"y":5.25,"r":0,"rx":0,"ry":-2.5,"d":false,"h":1,"w":1.25,"color":"alpha"},{"row":5,"col":6,"x":4.375,"y":5.25,"r":0,"rx":0,"ry":-2.5,"d":false,"h":1,"w":6.25,"color":"alpha"},{"row":5,"col":11,"x":10.625,"y":5.25,"r":0,"rx":0,"ry":-2.5,"d":false,"h":1,"w":1.25,"color":"alpha"},{"row":5,"col":12,"x":11.875,"y":5.25,"r":0,"rx":0,"ry":-2.5,"d":false,"h":1,"w":1.25,"color":"alpha"},{"row":5,"col":13,"x":13.75,"y":5.25,"r":0,"rx":0,"ry":-2.5,"d":false,"h":1,"w":1.25,"color":"alpha"}]}},"keys":[{"row":0,"col":14,"x":15.25,"y":0,"r":0,"rx":0,"ry":-2.5,"d":false,"h":1,"w":1,"color":"alpha"},{"row":0,"col":15,"x":16.25,"y":0,"r":0,"rx":0,"ry":-2.5,"d":false,"h":1,"w":1,"color":"alpha"},{"row":0,"col":16,"x":17.25,"y":0,"r":0,"rx":0,"ry":-2.5,"d":false,"h":1,"w":1,"color":"alpha"},{"row":1,"col":0,"x":0,"y":1.25,"r":0,"rx":0,"ry":-2.5,"d":false,"h":1,"w":1,"color":"alpha"},{"row":1,"col":1,"x":1,"y":1.25,"r":0,"rx":0,"ry":-2.5,"d":false,"h":1,"w":1,"color":"alpha"},{"row":1,"col":2,"x":2,"y":1.25,"r":0,"rx":0,"ry":-2.5,"d":false,"h":1,"w":1,"color":"alpha"},{"row":1,"col":3,"x":3,"y":1.25,"r":0,"rx":0,"ry":-2.5,"d":false,"h":1,"w":1,"color":"alpha"},{"row":1,"col":4,"x":4,"y":1.25,"r":0,"rx":0,"ry":-2.5,"d":false,"h":1,"w":1,"color":"alpha"},{"row":1,"col":5,"x":5,"y":1.25,"r":0,"rx":0,"ry":-2.5,"d":false,"h":1,"w":1,"color":"alpha"},{"row":1,"col":6,"x":6,"y":1.25,"r":0,"rx":0,"ry":-2.5,"d":false,"h":1,"w":1,"color":"alpha"},{"row":1,"col":7,"x":7,"y":1.25,"r":0,"rx":0,"ry":-2.5,"d":false,"h":1,"w":1,"color":"alpha"},{"row":1,"col":8,"x":8,"y":1.25,"r":0,"rx":0,"ry":-2.5,"d":false,"h":1,"w":1,"color":"alpha"},{"row":1,"col":9,"x":9,"y":1.25,"r":0,"rx":0,"ry":-2.5,"d":false,"h":1,"w":1,"color":"alpha"},{"row":1,"col":10,"x":10,"y":1.25,"r":0,"rx":0,"ry":-2.5,"d":false,"h":1,"w":1,"color":"alpha"},{"row":1,"col":11,"x":11,"y":1.25,"r":0,"rx":0,"ry":-2.5,"d":false,"h":1,"w":1,"color":"alpha"},{"row":1,"col":12,"x":12,"y":1.25,"r":0,"rx":0,"ry":-2.5,"d":false,"h":1,"w":1,"color":"alpha"},{"row":1,"col":14,"x":15.25,"y":1.25,"r":0,"rx":0,"ry":-2.5,"d":false,"h":1,"w":1,"color":"alpha"},{"row":1,"col":15,"x":16.25,"y":1.25,"r":0,"rx":0,"ry":-2.5,"d":false,"h":1,"w":1,"color":"alpha"},{"row":1,"col":16,"x":17.25,"y":1.25,"r":0,"rx":0,"ry":-2.5,"d":false,"h":1,"w":1,"color":"alpha"},{"row":2,"col":0,"x":0,"y":2.25,"r":0,"rx":0,"ry":-2.5,"d":false,"h":1,"w":1.5,"color":"alpha"},{"row":2,"col":1,"x":1.5,"y":2.25,"r":0,"rx":0,"ry":-2.5,"d":false,"h":1,"w":1,"color":"alpha"},{"row":2,"col":2,"x":2.5,"y":2.25,"r":0,"rx":0,"ry":-2.5,"d":false,"h":1,"w":1,"color":"alpha"},{"row":2,"col":3,"x":3.5,"y":2.25,"r":0,"rx":0,"ry":-2.5,"d":false,"h":1,"w":1,"color":"alpha"},{"row":2,"col":4,"x":4.5,"y":2.25,"r":0,"rx":0,"ry":-2.5,"d":false,"h":1,"w":1,"color":"alpha"},{"row":2,"col":5,"x":5.5,"y":2.25,"r":0,"rx":0,"ry":-2.5,"d":false,"h":1,"w":1,"color":"alpha"},{"row":2,"col":6,"x":6.5,"y":2.25,"r":0,"rx":0,"ry":-2.5,"d":false,"h":1,"w":1,"color":"alpha"},{"row":2,"col":7,"x":7.5,"y":2.25,"r":0,"rx":0,"ry":-2.5,"d":false,"h":1,"w":1,"color":"alpha"},{"row":2,"col":8,"x":8.5,"y":2.25,"r":0,"rx":0,"ry":-2.5,"d":false,"h":1,"w":1,"color":"alpha"},{"row":2,"col":9,"x":9.5,"y":2.25,"r":0,"rx":0,"ry":-2.5,"d":false,"h":1,"w":1,"color":"alpha"},{"row":2,"col":10,"x":10.5,"y":2.25,"r":0,"rx":0,"ry":-2.5,"d":false,"h":1,"w":1,"color":"alpha"},{"row":2,"col":11,"x":11.5,"y":2.25,"r":0,"rx":0,"ry":-2.5,"d":false,"h":1,"w":1,"color":"alpha"},{"row":2,"col":12,"x":12.5,"y":2.25,"r":0,"rx":0,"ry":-2.5,"d":false,"h":1,"w":1,"color":"alpha"},{"row":3,"col":13,"x":13.5,"y":2.25,"r":0,"rx":0,"ry":-2.5,"d":false,"h":1,"w":1.5,"color":"alpha"},{"row":2,"col":14,"x":15.25,"y":2.25,"r":0,"rx":0,"ry":-2.5,"d":false,"h":1,"w":1,"color":"alpha"},{"row":2,"col":15,"x":16.25,"y":2.25,"r":0,"rx":0,"ry":-2.5,"d":false,"h":1,"w":1,"color":"alpha"},{"row":2,"col":16,"x":17.25,"y":2.25,"r":0,"rx":0,"ry":-2.5,"d":false,"h":1,"w":1,"color":"alpha"},{"row":3,"col":0,"x":0,"y":3.25,"r":0,"rx":0,"ry":-2.5,"d":false,"h":1,"w":1.75,"color":"alpha"},{"row":3,"col":1,"x":1.75,"y":3.25,"r":0,"rx":0,"ry":-2.5,"d":false,"h":1,"w":1,"color":"alpha"},{"row":3,"col":2,"x":2.75,"y":3.25,"r":0,"rx":0,"ry":-2.5,"d":false,"h":1,"w":1,"color":"alpha"},{"row":3,"col":3,"x":3.75,"y":3.25,"r":0,"rx":0,"ry":-2.5,"d":false,"h":1,"w":1,"color":"alpha"},{"row":3,"col":4,"x":4.75,"y":3.25,"r":0,"rx":0,"ry":-2.5,"d":false,"h":1,"w":1,"color":"alpha"},{"row":3,"col":5,"x":5.75,"y":3.25,"r":0,"rx":0,"ry":-2.5,"d":false,"h":1,"w":1,"color":"alpha"},{"row":3,"col":6,"x":6.75,"y":3.25,"r":0,"rx":0,"ry":-2.5,"d":false,"h":1,"w":1,"color":"alpha"},{"row":3,"col":7,"x":7.75,"y":3.25,"r":0,"rx":0,"ry":-2.5,"d":false,"h":1,"w":1,"color":"alpha"},{"row":3,"col":8,"x":8.75,"y":3.25,"r":0,"rx":0,"ry":-2.5,"d":false,"h":1,"w":1,"color":"alpha"},{"row":3,"col":9,"x":9.75,"y":3.25,"r":0,"rx":0,"ry":-2.5,"d":false,"h":1,"w":1,"color":"alpha"},{"row":3,"col":10,"x":10.75,"y":3.25,"r":0,"rx":0,"ry":-2.5,"d":false,"h":1,"w":1,"color":"alpha"},{"row":3,"col":11,"x":11.75,"y":3.25,"r":0,"rx":0,"ry":-2.5,"d":false,"h":1,"w":1,"color":"alpha"},{"row":3,"col":12,"x":12.75,"y":3.25,"r":0,"rx":0,"ry":-2.5,"d":false,"h":1,"w":2.25,"color":"accent"},{"row":4,"col":2,"x":2.25,"y":4.25,"r":0,"rx":0,"ry":-2.5,"d":false,"h":1,"w":1,"color":"alpha"},{"row":4,"col":3,"x":3.25,"y":4.25,"r":0,"rx":0,"ry":-2.5,"d":false,"h":1,"w":1,"color":"alpha"},{"row":4,"col":4,"x":4.25,"y":4.25,"r":0,"rx":0,"ry":-2.5,"d":false,"h":1,"w":1,"color":"alpha"},{"row":4,"col":5,"x":5.25,"y":4.25,"r":0,"rx":0,"ry":-2.5,"d":false,"h":1,"w":1,"color":"alpha"},{"row":4,"col":6,"x":6.25,"y":4.25,"r":0,"rx":0,"ry":-2.5,"d":false,"h":1,"w":1,"color":"alpha"},{"row":4,"col":7,"x":7.25,"y":4.25,"r":0,"rx":0,"ry":-2.5,"d":false,"h":1,"w":1,"color":"alpha"},{"row":4,"col":8,"x":8.25,"y":4.25,"r":0,"rx":0,"ry":-2.5,"d":false,"h":1,"w":1,"color":"alpha"},{"row":4,"col":9,"x":9.25,"y":4.25,"r":0,"rx":0,"ry":-2.5,"d":false,"h":1,"w":1,"color":"alpha"},{"row":4,"col":10,"x":10.25,"y":4.25,"r":0,"rx":0,"ry":-2.5,"d":false,"h":1,"w":1,"color":"alpha"},{"row":4,"col":11,"x":11.25,"y":4.25,"r":0,"rx":0,"ry":-2.5,"d":false,"h":1,"w":1,"color":"alpha"},{"row":5,"col":14,"x":15.25,"y":5.25,"r":0,"rx":0,"ry":-2.5,"d":false,"h":1,"w":1,"color":"alpha"},{"row":5,"col":15,"x":16.25,"y":5.25,"r":0,"rx":0,"ry":-2.5,"d":false,"h":1,"w":1,"color":"alpha"},{"row":5,"col":16,"x":17.25,"y":5.25,"r":0,"rx":0,"ry":-2.5,"d":false,"h":1,"w":1,"color":"alpha"}]},"matrix":{"rows":6,"cols":17},"vendorProductId":1095499904}