{"name":"Daisy 40","lighting":"qmk_backlight_rgblight","layouts":{"labels":[["Bottom row","Full size space","Split space"]],"width":12,"height":4,"optionKeys":{"0":{"0":[{"row":3,"col":2,"x":2.25,"y":3,"r":0,"rx":0,"ry":0,"d":false,"h":1,"w":1,"color":"alpha"},{"row":3,"col":5,"x":3.25,"y":3,"r":0,"rx":0,"ry":0,"d":false,"h":1,"w":6.25,"color":"accent"},{"row":3,"col":8,"x":9.5,"y":3,"r":0,"rx":0,"ry":0,"d":false,"h":1,"w":1.25,"color":"alpha"},{"row":3,"col":9,"x":10.75,"y":3,"r":0,"rx":0,"ry":0,"d":false,"h":1,"w":1.25,"color":"alpha"}],"1":[{"row":3,"col":2,"x":2.25,"y":3,"r":0,"rx":0,"ry":0,"d":false,"h":1,"w":1.25,"color":"alpha"},{"row":3,"col":4,"x":3.5,"y":3,"r":0,"rx":0,"ry":0,"d":false,"h":1,"w":2.5,"color":"accent"},{"row":3,"col":5,"x":6,"y":3,"r":0,"rx":0,"ry":0,"d":false,"h":1,"w":2.5,"color":"accent"},{"row":3,"col":7,"x":8.5,"y":3,"r":0,"rx":0,"ry":0,"d":false,"h":1,"w":1.25,"color":"alpha"},{"row":3,"col":8,"x":9.75,"y":3,"r":0,"rx":0,"ry":0,"d":false,"h":1,"w":1,"color":"alpha"},{"row":3,"col":9,"x":10.75,"y":3,"r":0,"rx":0,"ry":0,"d":false,"h":1,"w":1.25,"color":"alpha"}]}},"keys":[{"row":0,"col":0,"x":0,"y":0,"r":0,"rx":0,"ry":0,"d":false,"h":1,"w":1,"color":"accent"},{"row":0,"col":1,"x":1,"y":0,"r":0,"rx":0,"ry":0,"d":false,"h":1,"w":1,"color":"alpha"},{"row":0,"col":2,"x":2,"y":0,"r":0,"rx":0,"ry":0,"d":false,"h":1,"w":1,"color":"alpha"},{"row":0,"col":3,"x":3,"y":0,"r":0,"rx":0,"ry":0,"d":false,"h":1,"w":1,"color":"alpha"},{"row":0,"col":4,"x":4,"y":0,"r":0,"rx":0,"ry":0,"d":false,"h":1,"w":1,"color":"alpha"},{"row":0,"col":5,"x":5,"y":0,"r":0,"rx":0,"ry":0,"d":false,"h":1,"w":1,"color":"alpha"},{"row":0,"col":6,"x":6,"y":0,"r":0,"rx":0,"ry":0,"d":false,"h":1,"w":1,"color":"alpha"},{"row":0,"col":7,"x":7,"y":0,"r":0,"rx":0,"ry":0,"d":false,"h":1,"w":1,"color":"alpha"},{"row":0,"col":8,"x":8,"y":0,"r":0,"rx":0,"ry":0,"d":false,"h":1,"w":1,"color":"alpha"},{"row":0,"col":9,"x":9,"y":0,"r":0,"rx":0,"ry":0,"d":false,"h":1,"w":1,"color":"alpha"},{"row":0,"col":10,"x":10,"y":0,"r":0,"rx":0,"ry":0,"d":false,"h":1,"w":1,"color":"alpha"},{"row":3,"col":10,"x":11,"y":0,"r":0,"rx":0,"ry":0,"d":false,"h":1,"w":1,"color":"alpha"},{"row":1,"col":0,"x":0,"y":1,"r":0,"rx":0,"ry":0,"d":false,"h":1,"w":1.25,"color":"mod"},{"row":1,"col":1,"x":1.25,"y":1,"r":0,"rx":0,"ry":0,"d":false,"h":1,"w":1,"color":"mod"},{"row":1,"col":2,"x":2.25,"y":1,"r":0,"rx":0,"ry":0,"d":false,"h":1,"w":1,"color":"mod"},{"row":1,"col":3,"x":3.25,"y":1,"r":0,"rx":0,"ry":0,"d":false,"h":1,"w":1,"color":"mod"},{"row":1,"col":4,"x":4.25,"y":1,"r":0,"rx":0,"ry":0,"d":false,"h":1,"w":1,"color":"mod"},{"row":1,"col":5,"x":5.25,"y":1,"r":0,"rx":0,"ry":0,"d":false,"h":1,"w":1,"color":"mod"},{"row":1,"col":6,"x":6.25,"y":1,"r":0,"rx":0,"ry":0,"d":false,"h":1,"w":1,"color":"mod"},{"row":1,"col":7,"x":7.25,"y":1,"r":0,"rx":0,"ry":0,"d":false,"h":1,"w":1,"color":"mod"},{"row":1,"col":8,"x":8.25,"y":1,"r":0,"rx":0,"ry":0,"d":false,"h":1,"w":1,"color":"mod"},{"row":1,"col":9,"x":9.25,"y":1,"r":0,"rx":0,"ry":0,"d":false,"h":1,"w":1,"color":"mod"},{"row":1,"col":10,"x":10.25,"y":1,"r":0,"rx":0,"ry":0,"d":false,"h":1,"w":1.75,"color":"accent"},{"row":2,"col":0,"x":0,"y":2,"r":0,"rx":0,"ry":0,"d":false,"h":1,"w":1.75,"color":"alpha"},{"row":2,"col":1,"x":1.75,"y":2,"r":0,"rx":0,"ry":0,"d":false,"h":1,"w":1,"color":"alpha"},{"row":2,"col":2,"x":2.75,"y":2,"r":0,"rx":0,"ry":0,"d":false,"h":1,"w":1,"color":"alpha"},{"row":2,"col":3,"x":3.75,"y":2,"r":0,"rx":0,"ry":0,"d":false,"h":1,"w":1,"color":"alpha"},{"row":2,"col":4,"x":4.75,"y":2,"r":0,"rx":0,"ry":0,"d":false,"h":1,"w":1,"color":"alpha"},{"row":2,"col":5,"x":5.75,"y":2,"r":0,"rx":0,"ry":0,"d":false,"h":1,"w":1,"color":"alpha"},{"row":2,"col":6,"x":6.75,"y":2,"r":0,"rx":0,"ry":0,"d":false,"h":1,"w":1,"color":"alpha"},{"row":2,"col":7,"x":7.75,"y":2,"r":0,"rx":0,"ry":0,"d":false,"h":1,"w":1,"color":"alpha"},{"row":2,"col":8,"x":8.75,"y":2,"r":0,"rx":0,"ry":0,"d":false,"h":1,"w":1,"color":"alpha"},{"row":2,"col":9,"x":9.75,"y":2,"r":0,"rx":0,"ry":0,"d":false,"h":1,"w":1,"color":"alpha"},{"row":2,"col":10,"x":10.75,"y":2,"r":0,"rx":0,"ry":0,"d":false,"h":1,"w":1.25,"color":"alpha"},{"row":3,"col":0,"x":0,"y":3,"r":0,"rx":0,"ry":0,"d":false,"h":1,"w":1.25,"color":"alpha"},{"row":3,"col":1,"x":1.25,"y":3,"r":0,"rx":0,"ry":0,"d":false,"h":1,"w":1,"color":"alpha"}]},"matrix":{"rows":4,"cols":11},"vendorProductId":1263589340}