{"name":"Cospad","lighting":"qmk_backlight_rgblight","layouts":{"labels":[["Right Col","Full 1U","1-2-1-1-1","1-1-2-1-1","1-1-1-2-1","1-1-1-1-2","1-2-2-1","1-2-1-2","1-1-2-2"],"2U Bottom 1","2u Bottom 2"],"width":4,"height":6,"optionKeys":{"0":{"0":[{"row":1,"col":3,"x":3,"y":1,"r":0,"rx":-2.25,"ry":-0.25,"d":false,"h":1,"w":1,"color":"alpha"},{"row":2,"col":3,"x":3,"y":2,"r":0,"rx":-2.25,"ry":-0.25,"d":false,"h":1,"w":1,"color":"alpha"},{"row":3,"col":3,"x":3,"y":3,"r":0,"rx":-2.25,"ry":-0.25,"d":false,"h":1,"w":1,"color":"alpha"},{"row":4,"col":3,"x":3,"y":4,"r":0,"rx":-2.25,"ry":-0.25,"d":false,"h":1,"w":1,"color":"alpha"},{"row":5,"col":3,"x":3,"y":5,"r":0,"rx":-2.25,"ry":-0.25,"d":false,"h":1,"w":1,"color":"alpha"}],"1":[{"row":1,"col":3,"x":3,"y":1,"r":0,"rx":-2.25,"ry":-0.25,"d":false,"h":2,"w":1,"color":"alpha"},{"row":3,"col":3,"x":3,"y":3,"r":0,"rx":-2.25,"ry":-0.25,"d":false,"h":1,"w":1,"color":"alpha"},{"row":4,"col":3,"x":3,"y":4,"r":0,"rx":-2.25,"ry":-0.25,"d":false,"h":1,"w":1,"color":"alpha"},{"row":5,"col":3,"x":3,"y":5,"r":0,"rx":-2.25,"ry":-0.25,"d":false,"h":1,"w":1,"color":"alpha"}],"2":[{"row":1,"col":3,"x":3,"y":1,"r":0,"rx":-2.25,"ry":-0.25,"d":false,"h":1,"w":1,"color":"alpha"},{"row":2,"col":3,"x":3,"y":2,"r":0,"rx":-2.25,"ry":-0.25,"d":false,"h":2,"w":1,"color":"alpha"},{"row":4,"col":3,"x":3,"y":4,"r":0,"rx":-2.25,"ry":-0.25,"d":false,"h":1,"w":1,"color":"alpha"},{"row":5,"col":3,"x":3,"y":5,"r":0,"rx":-2.25,"ry":-0.25,"d":false,"h":1,"w":1,"color":"alpha"}],"3":[{"row":1,"col":3,"x":3,"y":1,"r":0,"rx":-2.25,"ry":-0.25,"d":false,"h":1,"w":1,"color":"alpha"},{"row":2,"col":3,"x":3,"y":2,"r":0,"rx":-2.25,"ry":-0.25,"d":false,"h":1,"w":1,"color":"alpha"},{"row":3,"col":3,"x":3,"y":3,"r":0,"rx":-2.25,"ry":-0.25,"d":false,"h":2,"w":1,"color":"alpha"},{"row":5,"col":3,"x":3,"y":5,"r":0,"rx":-2.25,"ry":-0.25,"d":false,"h":1,"w":1,"color":"alpha"}],"4":[{"row":1,"col":3,"x":3,"y":1,"r":0,"rx":-2.25,"ry":-0.25,"d":false,"h":1,"w":1,"color":"alpha"},{"row":2,"col":3,"x":3,"y":2,"r":0,"rx":-2.25,"ry":-0.25,"d":false,"h":1,"w":1,"color":"alpha"},{"row":3,"col":3,"x":3,"y":3,"r":0,"rx":-2.25,"ry":-0.25,"d":false,"h":1,"w":1,"color":"alpha"},{"row":4,"col":3,"x":3,"y":4,"r":0,"rx":-2.25,"ry":-0.25,"d":false,"h":2,"w":1,"color":"alpha"}],"5":[{"row":1,"col":3,"x":3,"y":1,"r":0,"rx":-2.25,"ry":-0.25,"d":false,"h":2,"w":1,"color":"alpha"},{"row":3,"col":3,"x":3,"y":3,"r":0,"rx":-2.25,"ry":-0.25,"d":false,"h":2,"w":1,"color":"alpha"},{"row":5,"col":3,"x":3,"y":5,"r":0,"rx":-2.25,"ry":-0.25,"d":false,"h":1,"w":1,"color":"alpha"}],"6":[{"row":1,"col":3,"x":3,"y":1,"r":0,"rx":-2.25,"ry":-0.25,"d":false,"h":2,"w":1,"color":"alpha"},{"row":3,"col":3,"x":3,"y":3,"r":0,"rx":-2.25,"ry":-0.25,"d":false,"h":1,"w":1,"color":"alpha"},{"row":4,"col":3,"x":3,"y":4,"r":0,"rx":-2.25,"ry":-0.25,"d":false,"h":2,"w":1,"color":"alpha"}],"7":[{"row":1,"col":3,"x":3,"y":1,"r":0,"rx":-2.25,"ry":-0.25,"d":false,"h":1,"w":1,"color":"alpha"},{"row":2,"col":3,"x":3,"y":2,"r":0,"rx":-2.25,"ry":-0.25,"d":false,"h":2,"w":1,"color":"alpha"},{"row":4,"col":3,"x":3,"y":4,"r":0,"rx":-2.25,"ry":-0.25,"d":false,"h":2,"w":1,"color":"alpha"}]},"1":{"0":[{"row":5,"col":0,"x":0,"y":5,"r":0,"rx":-2.25,"ry":-0.25,"d":false,"h":1,"w":1,"color":"alpha"},{"row":5,"col":1,"x":1,"y":5,"r":0,"rx":-2.25,"ry":-0.25,"d":false,"h":1,"w":1,"color":"alpha"}],"1":[{"row":5,"col":0,"x":0,"y":5,"r":0,"rx":-2.25,"ry":-0.25,"d":false,"h":1,"w":2,"color":"alpha"}]},"2":{"0":[{"row":4,"col":0,"x":0,"y":4,"r":0,"rx":-2.25,"ry":-0.25,"d":false,"h":1,"w":1,"color":"alpha"},{"row":4,"col":1,"x":1,"y":4,"r":0,"rx":-2.25,"ry":-0.25,"d":false,"h":1,"w":1,"color":"alpha"}],"1":[{"row":4,"col":0,"x":0,"y":4,"r":0,"rx":-2.25,"ry":-0.25,"d":false,"h":1,"w":2,"color":"alpha"}]}},"keys":[{"row":0,"col":0,"x":0,"y":0,"r":0,"rx":-2.25,"ry":-0.25,"d":false,"h":1,"w":1,"color":"alpha"},{"row":0,"col":1,"x":1,"y":0,"r":0,"rx":-2.25,"ry":-0.25,"d":false,"h":1,"w":1,"color":"alpha"},{"row":0,"col":2,"x":2,"y":0,"r":0,"rx":-2.25,"ry":-0.25,"d":false,"h":1,"w":1,"color":"alpha"},{"row":0,"col":3,"x":3,"y":0,"r":0,"rx":-2.25,"ry":-0.25,"d":false,"h":1,"w":1,"color":"alpha"},{"row":1,"col":0,"x":0,"y":1,"r":0,"rx":-2.25,"ry":-0.25,"d":false,"h":1,"w":1,"color":"alpha"},{"row":1,"col":1,"x":1,"y":1,"r":0,"rx":-2.25,"ry":-0.25,"d":false,"h":1,"w":1,"color":"alpha"},{"row":1,"col":2,"x":2,"y":1,"r":0,"rx":-2.25,"ry":-0.25,"d":false,"h":1,"w":1,"color":"alpha"},{"row":2,"col":0,"x":0,"y":2,"r":0,"rx":-2.25,"ry":-0.25,"d":false,"h":1,"w":1,"color":"alpha"},{"row":2,"col":1,"x":1,"y":2,"r":0,"rx":-2.25,"ry":-0.25,"d":false,"h":1,"w":1,"color":"alpha"},{"row":2,"col":2,"x":2,"y":2,"r":0,"rx":-2.25,"ry":-0.25,"d":false,"h":1,"w":1,"color":"alpha"},{"row":3,"col":0,"x":0,"y":3,"r":0,"rx":-2.25,"ry":-0.25,"d":false,"h":1,"w":1,"color":"alpha"},{"row":3,"col":1,"x":1,"y":3,"r":0,"rx":-2.25,"ry":-0.25,"d":false,"h":1,"w":1,"color":"alpha"},{"row":3,"col":2,"x":2,"y":3,"r":0,"rx":-2.25,"ry":-0.25,"d":false,"h":1,"w":1,"color":"alpha"},{"row":4,"col":2,"x":2,"y":4,"r":0,"rx":-2.25,"ry":-0.25,"d":false,"h":1,"w":1,"color":"alpha"},{"row":5,"col":2,"x":2,"y":5,"r":0,"rx":-2.25,"ry":-0.25,"d":false,"h":1,"w":1,"color":"alpha"}]},"matrix":{"rows":6,"cols":4},"vendorProductId":1264366053}