{"name":"Adelais Mechlovin'","lighting":"qmk_backlight_rgblight","layouts":{"labels":["Split Back Space","Split Right Shift","2.25u Left Space"],"width":18,"height":6.057475902583166,"optionKeys":{"0":{"0":[{"row":0,"col":13,"x":15.2,"y":0.36,"r":0,"rx":0,"ry":-0.89,"d":false,"h":1,"w":1,"color":"mod"},{"row":0,"col":14,"x":16.2,"y":0.36,"r":0,"rx":0,"ry":-0.89,"d":false,"h":1,"w":1,"color":"mod"}],"1":[{"row":0,"col":13,"x":15.2,"y":0.36,"r":0,"rx":0,"ry":-0.89,"d":false,"h":1,"w":2,"color":"mod"}]},"1":{"0":[{"row":3,"col":12,"x":15.25,"y":3.36,"r":0,"rx":0,"ry":-0.89,"d":false,"h":1,"w":1.75,"color":"mod"},{"row":3,"col":13,"x":17,"y":3.36,"r":0,"rx":2.25,"ry":-0.14,"d":false,"h":1,"w":1,"color":"mod"}],"1":[{"row":3,"col":12,"x":15.25,"y":3.36,"r":0,"rx":0.75,"ry":-0.89,"d":false,"h":1,"w":2.75,"color":"mod"}]},"2":{"0":[{"row":4,"col":4,"x":6.5,"y":3.11,"r":12,"rx":0,"ry":-0.89,"d":false,"h":1,"w":2,"color":"accent"},{"row":4,"col":6,"x":8.5,"y":3.11,"r":12,"rx":0,"ry":-0.89,"d":false,"h":1,"w":1.25,"color":"mod"}],"1":[{"row":4,"col":4,"x":6.5,"y":3.11,"r":12,"rx":0,"ry":-0.89,"d":false,"h":1,"w":2.25,"color":"accent"},{"row":4,"col":6,"x":8.75,"y":3.11,"r":12,"rx":0,"ry":-0.89,"d":false,"h":1,"w":1,"color":"mod"}]}},"keys":[{"row":1,"col":14,"x":0.5,"y":0,"r":0,"rx":0,"ry":-0.89,"d":false,"h":1,"w":1,"color":"accent"},{"row":0,"col":2,"x":3.75,"y":0,"r":0,"rx":0,"ry":-0.89,"d":false,"h":1,"w":1,"color":"alpha"},{"row":0,"col":0,"x":1.75,"y":0.10999999999999999,"r":0,"rx":0,"ry":-0.89,"d":false,"h":1,"w":1,"color":"alpha"},{"row":0,"col":1,"x":2.75,"y":0.10999999999999999,"r":0,"rx":0,"ry":-0.89,"d":false,"h":1,"w":1,"color":"alpha"},{"row":0,"col":11,"x":13.2,"y":0.21000000000000008,"r":0,"rx":0,"ry":-0.89,"d":false,"h":1,"w":1,"color":"alpha"},{"row":0,"col":12,"x":14.2,"y":0.36,"r":0,"rx":0,"ry":-0.89,"d":false,"h":1,"w":1,"color":"alpha"},{"row":2,"col":14,"x":0.25,"y":0.9999999999999999,"r":0,"rx":0,"ry":-0.89,"d":false,"h":1,"w":1,"color":"mod"},{"row":1,"col":0,"x":1.5,"y":1.1099999999999999,"r":0,"rx":0,"ry":-0.89,"d":false,"h":1,"w":1.5,"color":"mod"},{"row":1,"col":1,"x":3,"y":1.1099999999999999,"r":0,"rx":0,"ry":-0.89,"d":false,"h":1,"w":1,"color":"alpha"},{"row":1,"col":10,"x":12.95,"y":1.21,"r":0,"rx":0,"ry":-0.89,"d":false,"h":1,"w":1,"color":"alpha"},{"row":1,"col":11,"x":13.95,"y":1.3599999999999999,"r":0,"rx":0,"ry":-0.89,"d":false,"h":1,"w":1,"color":"alpha"},{"row":1,"col":12,"x":14.95,"y":1.3599999999999999,"r":0,"rx":0,"ry":-0.89,"d":false,"h":1,"w":1,"color":"alpha"},{"row":1,"col":13,"x":15.95,"y":1.3599999999999999,"r":0,"rx":0,"ry":-0.89,"d":false,"h":1,"w":1.5,"color":"mod"},{"row":3,"col":14,"x":0,"y":2,"r":0,"rx":0,"ry":-0.89,"d":false,"h":1,"w":1,"color":"mod"},{"row":2,"col":0,"x":1.25,"y":2.11,"r":0,"rx":0,"ry":-0.89,"d":false,"h":1,"w":1.75,"color":"mod"},{"row":2,"col":1,"x":3,"y":2.11,"r":0,"rx":0,"ry":-0.89,"d":false,"h":1,"w":1,"color":"alpha"},{"row":2,"col":10,"x":13.4,"y":2.36,"r":0,"rx":0,"ry":-0.89,"d":false,"h":1,"w":1,"color":"alpha"},{"row":2,"col":11,"x":14.4,"y":2.36,"r":0,"rx":0,"ry":-0.89,"d":false,"h":1,"w":1,"color":"alpha"},{"row":2,"col":13,"x":15.4,"y":2.36,"r":0,"rx":0,"ry":-0.89,"d":false,"h":1,"w":2.25,"color":"accent"},{"row":3,"col":0,"x":1,"y":3.11,"r":0,"rx":0,"ry":-0.89,"d":false,"h":1,"w":2.25,"color":"mod"},{"row":3,"col":2,"x":3.25,"y":3.11,"r":0,"rx":0,"ry":-0.89,"d":false,"h":1,"w":1,"color":"alpha"},{"row":3,"col":11,"x":13.25,"y":3.36,"r":0,"rx":0,"ry":-0.89,"d":false,"h":1,"w":1,"color":"alpha"},{"row":4,"col":13,"x":14.25,"y":3.36,"r":0,"rx":0,"ry":-0.89,"d":false,"h":1,"w":1,"color":"alpha"},{"row":4,"col":0,"x":1,"y":4.11,"r":0,"rx":0,"ry":-0.89,"d":false,"h":1,"w":1.5,"color":"mod"},{"row":4,"col":14,"x":16,"y":4.36,"r":0,"rx":0,"ry":-0.89,"d":false,"h":1,"w":1.5,"color":"mod"},{"row":0,"col":3,"x":5.1,"y":-0.89,"r":12,"rx":0,"ry":-0.89,"d":false,"h":1,"w":1,"color":"alpha"},{"row":0,"col":4,"x":6.1,"y":-0.89,"r":12,"rx":0,"ry":-0.89,"d":false,"h":1,"w":1,"color":"alpha"},{"row":0,"col":5,"x":7.1,"y":-0.89,"r":12,"rx":0,"ry":-0.89,"d":false,"h":1,"w":1,"color":"alpha"},{"row":0,"col":6,"x":8.1,"y":-0.89,"r":12,"rx":0,"ry":-0.89,"d":false,"h":1,"w":1,"color":"alpha"},{"row":1,"col":2,"x":4.55,"y":0.10999999999999999,"r":12,"rx":0,"ry":-0.89,"d":false,"h":1,"w":1,"color":"alpha"},{"row":1,"col":3,"x":5.55,"y":0.10999999999999999,"r":12,"rx":0,"ry":-0.89,"d":false,"h":1,"w":1,"color":"alpha"},{"row":1,"col":4,"x":6.55,"y":0.10999999999999999,"r":12,"rx":0,"ry":-0.89,"d":false,"h":1,"w":1,"color":"alpha"},{"row":1,"col":5,"x":7.55,"y":0.10999999999999999,"r":12,"rx":0,"ry":-0.89,"d":false,"h":1,"w":1,"color":"alpha"},{"row":2,"col":2,"x":4.75,"y":1.1099999999999999,"r":12,"rx":0,"ry":-0.89,"d":false,"h":1,"w":1,"color":"alpha"},{"row":2,"col":3,"x":5.75,"y":1.1099999999999999,"r":12,"rx":0,"ry":-0.89,"d":false,"h":1,"w":1,"color":"alpha"},{"row":2,"col":4,"x":6.75,"y":1.1099999999999999,"r":12,"rx":0,"ry":-0.89,"d":false,"h":1,"w":1,"color":"alpha"},{"row":2,"col":5,"x":7.75,"y":1.1099999999999999,"r":12,"rx":0,"ry":-0.89,"d":false,"h":1,"w":1,"color":"alpha"},{"row":3,"col":3,"x":5.22,"y":2.11,"r":12,"rx":0,"ry":-0.89,"d":false,"h":1,"w":1,"color":"alpha"},{"row":3,"col":4,"x":6.22,"y":2.11,"r":12,"rx":0,"ry":-0.89,"d":false,"h":1,"w":1,"color":"alpha"},{"row":3,"col":5,"x":7.22,"y":2.11,"r":12,"rx":0,"ry":-0.89,"d":false,"h":1,"w":1,"color":"alpha"},{"row":3,"col":6,"x":8.22,"y":2.11,"r":12,"rx":0,"ry":-0.89,"d":false,"h":1,"w":1,"color":"alpha"},{"row":4,"col":2,"x":5,"y":3.2099999999999995,"r":12,"rx":0,"ry":-0.89,"d":false,"h":1,"w":1.5,"color":"mod"},{"row":0,"col":7,"x":8.5,"y":2.86,"r":-12,"rx":0,"ry":-0.89,"d":false,"h":1,"w":1,"color":"alpha"},{"row":0,"col":8,"x":9.5,"y":2.86,"r":-12,"rx":0,"ry":-0.89,"d":false,"h":1,"w":1,"color":"alpha"},{"row":0,"col":9,"x":10.5,"y":2.86,"r":-12,"rx":0,"ry":-0.89,"d":false,"h":1,"w":1,"color":"alpha"},{"row":0,"col":10,"x":11.5,"y":2.86,"r":-12,"rx":0,"ry":-0.89,"d":false,"h":1,"w":1,"color":"alpha"},{"row":1,"col":6,"x":8,"y":3.86,"r":-12,"rx":0,"ry":-0.89,"d":false,"h":1,"w":1,"color":"alpha"},{"row":1,"col":7,"x":9,"y":3.86,"r":-12,"rx":0,"ry":-0.89,"d":false,"h":1,"w":1,"color":"alpha"},{"row":1,"col":8,"x":10,"y":3.86,"r":-12,"rx":0,"ry":-0.89,"d":false,"h":1,"w":1,"color":"alpha"},{"row":1,"col":9,"x":11,"y":3.86,"r":-12,"rx":0,"ry":-0.89,"d":false,"h":1,"w":1,"color":"alpha"},{"row":2,"col":6,"x":8.25,"y":4.86,"r":-12,"rx":0,"ry":-0.89,"d":false,"h":1,"w":1,"color":"alpha"},{"row":2,"col":7,"x":9.25,"y":4.86,"r":-12,"rx":0,"ry":-0.89,"d":false,"h":1,"w":1,"color":"alpha"},{"row":2,"col":8,"x":10.25,"y":4.86,"r":-12,"rx":0,"ry":-0.89,"d":false,"h":1,"w":1,"color":"alpha"},{"row":2,"col":9,"x":11.25,"y":4.86,"r":-12,"rx":0,"ry":-0.89,"d":false,"h":1,"w":1,"color":"alpha"},{"row":3,"col":7,"x":7.75,"y":5.86,"r":-12,"rx":0,"ry":-0.89,"d":false,"h":1,"w":1,"color":"alpha"},{"row":3,"col":8,"x":8.75,"y":5.86,"r":-12,"rx":0,"ry":-0.89,"d":false,"h":1,"w":1,"color":"alpha"},{"row":3,"col":9,"x":9.75,"y":5.86,"r":-12,"rx":0,"ry":-0.89,"d":false,"h":1,"w":1,"color":"alpha"},{"row":3,"col":10,"x":10.75,"y":5.86,"r":-12,"rx":0,"ry":-0.89,"d":false,"h":1,"w":1,"color":"alpha"},{"row":4,"col":8,"x":7.75,"y":6.86,"r":-12,"rx":0,"ry":-0.89,"d":false,"h":1,"w":2.75,"color":"accent"},{"row":4,"col":10,"x":10.5,"y":7.010000000000001,"r":-12,"rx":0,"ry":-0.89,"d":false,"h":1,"w":1.5,"color":"mod"}]},"matrix":{"rows":5,"cols":15},"vendorProductId":1296870657}