{"name":"Redox","lighting":"qmk_rgblight","layouts":{"width":19.5,"height":7.482050807568878,"optionKeys":{},"keys":[{"row":0,"col":3,"x":3.5,"y":0,"r":0,"rx":0,"ry":0,"d":false,"h":1,"w":1,"color":"alpha"},{"row":5,"col":3,"x":15,"y":0,"r":0,"rx":0,"ry":0,"d":false,"h":1,"w":1,"color":"alpha"},{"row":0,"col":2,"x":2.5,"y":0.125,"r":0,"rx":0,"ry":0,"d":false,"h":1,"w":1,"color":"alpha"},{"row":0,"col":4,"x":4.5,"y":0.125,"r":0,"rx":0,"ry":0,"d":false,"h":1,"w":1,"color":"alpha"},{"row":5,"col":4,"x":14,"y":0.125,"r":0,"rx":0,"ry":0,"d":false,"h":1,"w":1,"color":"alpha"},{"row":5,"col":2,"x":16,"y":0.125,"r":0,"rx":0,"ry":0,"d":false,"h":1,"w":1,"color":"alpha"},{"row":0,"col":5,"x":5.5,"y":0.25,"r":0,"rx":0,"ry":0,"d":false,"h":1,"w":1,"color":"alpha"},{"row":5,"col":5,"x":13,"y":0.25,"r":0,"rx":0,"ry":0,"d":false,"h":1,"w":1,"color":"alpha"},{"row":0,"col":0,"x":0,"y":0.375,"r":0,"rx":0,"ry":0,"d":false,"h":1,"w":1.5,"color":"accent"},{"row":0,"col":1,"x":1.5,"y":0.375,"r":0,"rx":0,"ry":0,"d":false,"h":1,"w":1,"color":"alpha"},{"row":5,"col":1,"x":17,"y":0.375,"r":0,"rx":0,"ry":0,"d":false,"h":1,"w":1,"color":"alpha"},{"row":5,"col":0,"x":18,"y":0.375,"r":0,"rx":0,"ry":0,"d":false,"h":1,"w":1.5,"color":"mod"},{"row":0,"col":6,"x":6.5,"y":0.75,"r":0,"rx":0,"ry":0,"d":false,"h":1,"w":1,"color":"alpha"},{"row":5,"col":6,"x":12,"y":0.75,"r":0,"rx":0,"ry":0,"d":false,"h":1,"w":1,"color":"alpha"},{"row":1,"col":3,"x":3.5,"y":1,"r":0,"rx":0,"ry":0,"d":false,"h":1,"w":1,"color":"alpha"},{"row":6,"col":3,"x":15,"y":1,"r":0,"rx":0,"ry":0,"d":false,"h":1,"w":1,"color":"alpha"},{"row":1,"col":2,"x":2.5,"y":1.125,"r":0,"rx":0,"ry":0,"d":false,"h":1,"w":1,"color":"alpha"},{"row":1,"col":4,"x":4.5,"y":1.125,"r":0,"rx":0,"ry":0,"d":false,"h":1,"w":1,"color":"alpha"},{"row":6,"col":4,"x":14,"y":1.125,"r":0,"rx":0,"ry":0,"d":false,"h":1,"w":1,"color":"alpha"},{"row":6,"col":2,"x":16,"y":1.125,"r":0,"rx":0,"ry":0,"d":false,"h":1,"w":1,"color":"alpha"},{"row":1,"col":5,"x":5.5,"y":1.25,"r":0,"rx":0,"ry":0,"d":false,"h":1,"w":1,"color":"alpha"},{"row":6,"col":5,"x":13,"y":1.25,"r":0,"rx":0,"ry":0,"d":false,"h":1,"w":1,"color":"alpha"},{"row":1,"col":0,"x":0,"y":1.375,"r":0,"rx":0,"ry":0,"d":false,"h":1,"w":1.5,"color":"mod"},{"row":1,"col":1,"x":1.5,"y":1.375,"r":0,"rx":0,"ry":0,"d":false,"h":1,"w":1,"color":"alpha"},{"row":6,"col":1,"x":17,"y":1.375,"r":0,"rx":0,"ry":0,"d":false,"h":1,"w":1,"color":"alpha"},{"row":6,"col":0,"x":18,"y":1.375,"r":0,"rx":0,"ry":0,"d":false,"h":1,"w":1.5,"color":"mod"},{"row":1,"col":6,"x":6.5,"y":1.75,"r":0,"rx":0,"ry":0,"d":false,"h":1.5,"w":1,"color":"alpha"},{"row":6,"col":6,"x":12,"y":1.75,"r":0,"rx":0,"ry":0,"d":false,"h":1.5,"w":1,"color":"alpha"},{"row":2,"col":3,"x":3.5,"y":2,"r":0,"rx":0,"ry":0,"d":false,"h":1,"w":1,"color":"alpha"},{"row":7,"col":3,"x":15,"y":2,"r":0,"rx":0,"ry":0,"d":false,"h":1,"w":1,"color":"alpha"},{"row":2,"col":2,"x":2.5,"y":2.125,"r":0,"rx":0,"ry":0,"d":false,"h":1,"w":1,"color":"alpha"},{"row":2,"col":4,"x":4.5,"y":2.125,"r":0,"rx":0,"ry":0,"d":false,"h":1,"w":1,"color":"alpha"},{"row":7,"col":4,"x":14,"y":2.125,"r":0,"rx":0,"ry":0,"d":false,"h":1,"w":1,"color":"alpha"},{"row":7,"col":2,"x":16,"y":2.125,"r":0,"rx":0,"ry":0,"d":false,"h":1,"w":1,"color":"alpha"},{"row":2,"col":5,"x":5.5,"y":2.25,"r":0,"rx":0,"ry":0,"d":false,"h":1,"w":1,"color":"alpha"},{"row":7,"col":5,"x":13,"y":2.25,"r":0,"rx":0,"ry":0,"d":false,"h":1,"w":1,"color":"alpha"},{"row":2,"col":0,"x":0,"y":2.375,"r":0,"rx":0,"ry":0,"d":false,"h":1,"w":1.5,"color":"mod"},{"row":2,"col":1,"x":1.5,"y":2.375,"r":0,"rx":0,"ry":0,"d":false,"h":1,"w":1,"color":"alpha"},{"row":7,"col":1,"x":17,"y":2.375,"r":0,"rx":0,"ry":0,"d":false,"h":1,"w":1,"color":"alpha"},{"row":7,"col":0,"x":18,"y":2.375,"r":0,"rx":0,"ry":0,"d":false,"h":1,"w":1.5,"color":"mod"},{"row":3,"col":3,"x":3.5,"y":3,"r":0,"rx":0,"ry":0,"d":false,"h":1,"w":1,"color":"alpha"},{"row":8,"col":3,"x":15,"y":3,"r":0,"rx":0,"ry":0,"d":false,"h":1,"w":1,"color":"alpha"},{"row":3,"col":2,"x":2.5,"y":3.125,"r":0,"rx":0,"ry":0,"d":false,"h":1,"w":1,"color":"alpha"},{"row":3,"col":4,"x":4.5,"y":3.125,"r":0,"rx":0,"ry":0,"d":false,"h":1,"w":1,"color":"alpha"},{"row":8,"col":4,"x":14,"y":3.125,"r":0,"rx":0,"ry":0,"d":false,"h":1,"w":1,"color":"alpha"},{"row":8,"col":2,"x":16,"y":3.125,"r":0,"rx":0,"ry":0,"d":false,"h":1,"w":1,"color":"alpha"},{"row":3,"col":5,"x":5.5,"y":3.25,"r":0,"rx":0,"ry":0,"d":false,"h":1,"w":1,"color":"alpha"},{"row":8,"col":5,"x":13,"y":3.25,"r":0,"rx":0,"ry":0,"d":false,"h":1,"w":1,"color":"alpha"},{"row":3,"col":0,"x":0,"y":3.375,"r":0,"rx":0,"ry":0,"d":false,"h":1,"w":1.5,"color":"mod"},{"row":3,"col":1,"x":1.5,"y":3.375,"r":0,"rx":0,"ry":0,"d":false,"h":1,"w":1,"color":"alpha"},{"row":8,"col":1,"x":17,"y":3.375,"r":0,"rx":0,"ry":0,"d":false,"h":1,"w":1,"color":"alpha"},{"row":8,"col":0,"x":18,"y":3.375,"r":0,"rx":0,"ry":0,"d":false,"h":1,"w":1.5,"color":"mod"},{"row":4,"col":3,"x":3.5,"y":4,"r":0,"rx":0,"ry":0,"d":false,"h":1,"w":1,"color":"mod"},{"row":9,"col":3,"x":15,"y":4,"r":0,"rx":0,"ry":0,"d":false,"h":1,"w":1,"color":"mod"},{"row":4,"col":2,"x":2.5,"y":4.125,"r":0,"rx":0,"ry":0,"d":false,"h":1,"w":1,"color":"mod"},{"row":9,"col":2,"x":16,"y":4.125,"r":0,"rx":0,"ry":0,"d":false,"h":1,"w":1,"color":"mod"},{"row":4,"col":0,"x":0.5,"y":4.375,"r":0,"rx":0,"ry":0,"d":false,"h":1,"w":1,"color":"mod"},{"row":4,"col":1,"x":1.5,"y":4.375,"r":0,"rx":0,"ry":0,"d":false,"h":1,"w":1,"color":"mod"},{"row":9,"col":1,"x":17,"y":4.375,"r":0,"rx":0,"ry":0,"d":false,"h":1,"w":1,"color":"mod"},{"row":9,"col":0,"x":18,"y":4.375,"r":0,"rx":0,"ry":0,"d":false,"h":1,"w":1,"color":"mod"},{"row":9,"col":4,"x":13.5,"y":4.63,"r":0,"rx":0,"ry":0,"d":false,"h":1,"w":1,"color":"mod"},{"row":4,"col":4,"x":5.25,"y":4.88,"r":0,"rx":0,"ry":0,"d":false,"h":1,"w":1,"color":"mod"},{"row":2,"col":6,"x":7.5,"y":3.25,"r":30,"rx":6.5,"ry":4.25,"d":false,"h":1,"w":1,"color":"mod"},{"row":3,"col":6,"x":8.5,"y":3.25,"r":30,"rx":6.5,"ry":4.25,"d":false,"h":1,"w":1,"color":"mod"},{"row":4,"col":5,"x":7.5,"y":4.25,"r":30,"rx":6.5,"ry":4.25,"d":false,"h":2,"w":1,"color":"accent"},{"row":4,"col":6,"x":8.5,"y":4.25,"r":30,"rx":6.5,"ry":4.25,"d":false,"h":2,"w":1,"color":"mod"},{"row":8,"col":6,"x":10,"y":3.25,"r":-30,"rx":13,"ry":4.25,"d":false,"h":1,"w":1,"color":"mod"},{"row":7,"col":6,"x":11,"y":3.25,"r":-30,"rx":13,"ry":4.25,"d":false,"h":1,"w":1,"color":"mod"},{"row":9,"col":6,"x":10,"y":4.25,"r":-30,"rx":13,"ry":4.25,"d":false,"h":2,"w":1,"color":"mod"},{"row":9,"col":5,"x":11,"y":4.25,"r":-30,"rx":13,"ry":4.25,"d":false,"h":2,"w":1,"color":"accent"}]},"matrix":{"rows":10,"cols":7},"vendorProductId":1296323140}